,User review,Review date,Star review,Text length,Has media,Has answer
0,"–í—Å–µ —Ä–∞–±–æ—Ç–∞–µ—Ç,–æ—Ç–ª–∏—á–Ω—ã–π –ø—ã–ª–µ—Å–æ—Å",2025-03-14,5,29,0,1
1,"–î–æ—Å—Ç–æ–∏–Ω—Å—Ç–≤–∞: –£–ø–∞–∫–æ–≤–∞–Ω —Ö–æ—Ä–æ—à–æ, —Å–ø–∞—Å–∏–±–æ  –ø—Ä–æ–¥–∞–≤—Ü—É",2025-03-14,5,46,0,1
2,"–î–æ—Å—Ç–æ–∏–Ω—Å—Ç–≤–∞: –ú–∞–ª–µ–Ω—å–∫–∏–π, –∫–æ–º–ø–∞–∫—Ç–Ω—ã–π –∑–∞ —Ç–∞–∫–∏–µ –¥–µ–Ω—å–≥–∏ –Ω–æ—Ä–º, –≤ –º–∞—à–∏–Ω–µ –µ—â–µ –Ω–µ –ø—Ä–æ–±–æ–≤–∞–ª–∏, –Ω–æ –ø–æ –¥–æ–º—É –Ω–æ—Ä–º.",2025-03-14,5,99,0,1
3,"–î–æ—Å—Ç–æ–∏–Ω—Å—Ç–≤–∞: –ú–∞–ª–µ–Ω—å–∫–∏–π –∏ –º–æ—â–Ω—ã–π, –µ—â—ë –∏ —Å—É–º–∫–∞ –µ—Å—Ç—å",2025-03-13,5,48,0,1
4,"–ü—ã–ª–µ—Å–æ—Å –ø—Ä–æ—Å—Ç–æ –æ–≥–æ–Ω—å, —Ä–µ–∫–æ–º–µ–Ω–¥—É—é –ø—Ä–æ–¥–æ–≤—Ü–∞, —Å–ø–∞—Å–∏–±–æ –∑–∞ –ø–æ–¥–∞—Ä–æ–∫",2025-03-12,5,61,0,1
5,"–î–æ—Å—Ç–æ–∏–Ω—Å—Ç–≤–∞: –ü—ã–ª–µ—Å–æ—Å —Å—É–ø–µ—Ä, —Ä–µ–∫–æ–º–µ–Ω–¥—É—é –∫ –ø–æ–∫—É–ø–∫–µ.",2025-03-12,5,48,0,1
6,"–î–æ—Å—Ç–æ–∏–Ω—Å—Ç–≤–∞: –•–æ—Ä–æ—à–∏–π –ø—ã–ª–µ—Å–æ—Å, —É–ø–∞–∫–æ–≤–∞–Ω –±—ã–ª –≤ –∫–æ—Ä–æ–±–∫–µ , –∫–æ–º–ø–ª–µ–∫—Ç–∞—Ü–∏—è –ø–æ–ª–Ω–∞—è, –Ω–æ —Å–¥–µ–ª–∞–ª –≤–æ–∑–≤—Ä–∞—Ç, –≤—ã–±—Ä–∞–ª –¥—Ä—É–≥–æ–π",2025-03-12,5,107,0,1
7,–î–æ—Å—Ç–æ–∏–Ω—Å—Ç–≤–∞: –æ—á–µ–Ω—å —Ö–æ—Ä–æ—à–∏–π –ø—ã–ª–µ—Å–æ—Å,2025-03-12,5,33,0,1
8,"–î–æ—Å—Ç–æ–∏–Ω—Å—Ç–≤–∞: –ü–æ–∫—É–ø–∞–ª–∞ –º—É–∂—É –Ω–∞ –ø–æ–¥–∞—Ä–æ–∫, –¥–æ–≤–æ–ª–µ–Ω",2025-03-10,5,45,0,1
9,"–î–æ—Å—Ç–æ–∏–Ω—Å—Ç–≤–∞: –ò—Å–ø—ã—Ç–∞–ª–∏ –¥–æ–º–∞, –∑–∞–±–∏—Ä–∞–µ—Ç –ø—ã–ª—å, –º–µ–ª–∫–∏–π –∫–µ—Ä–∞–º–∑–∏—Ç.\n–ù–µ–¥–æ—Å—Ç–∞—Ç–∫–∏: –ü–ª–æ—Ö–æ –¥–µ—Ä–∂–∏—Ç—Å—è —Ç—Ä—É–±–∫–∞\n–ö–æ–º–º–µ–Ω—Ç–∞—Ä–∏–π: –ü—Ä–∏—à—ë–ª –≤ –∫–æ—Ä–æ–±–∫–µ. –ö–æ–º–ø–ª–µ–∫—Ç–∞—Ü–∏—è –ø–æ–ª–Ω–∞—è. –í –¥–µ–ª–µ –æ—á–µ–Ω—å –ø–æ–Ω—Ä–∞–≤–∏–ª—Å—è. –ó–∞—Ä—è–∂–∞–µ—Ç—Å—è –±—ã—Å—Ç—Ä–æ.",2025-03-09,5,186,0,1
10,"–î–æ—Å—Ç–æ–∏–Ω—Å—Ç–≤–∞: –ü—ã–ª–µ—Å–æ—Å –æ—Ç–ª–∏—á–Ω—ã–π,–º—É—Å–æ—Ä —É–±–∏—Ä–∞–µ—Ç –Ω–∞ —É—Ä–∞! –°–ø–∞—Å–∏–±–æ –ø—Ä–æ–¥–∞–≤—Ü—É!\n–ù–µ–¥–æ—Å—Ç–∞—Ç–∫–∏: –í—Å–µ —Ç–∞–∫!",2025-03-09,5,88,0,1
11,"–î–æ—Å—Ç–æ–∏–Ω—Å—Ç–≤–∞: –í—Å—ë –ø—Ä–∏—à–ª–æ –±—ã—Å—Ç—Ä–æ, —Ä–∞–±–æ—Ç–∞–µ—Ç –∏ –∫–æ–º–ø–ª–µ–∫—Ç–Ω–æ. –°–ø–∞—Å–∏–±–æ",2025-03-09,5,61,1,1
12,–î–æ—Å—Ç–æ–∏–Ω—Å—Ç–≤–∞: –í—Å–µ –ø–æ–Ω—Ä–∞–≤–∏–ª–æ—Å—å \n–í—Å–µ —Å—É–ø–µ—Ä —Å–æ–≤–µ—Ç—É—é\n–ù–µ–¥–æ—Å—Ç–∞—Ç–∫–∏: –ù–µ—Ç,2025-03-08,5,61,0,1
13,"–ù–æ—Ä–º–∞–ª—å–Ω—ã–π –ø—ã–ª–µ—Å–æ—Å. –ü—Ä–æ–≤–µ—Ä–∏–ª –ø–æ —Ç–∞–π–º–µ—Ä—É - 20 –º–∏–Ω—É—Ç –ø–æ—Å–ª–µ –ø–æ–ª–Ω–æ–π –∑–∞—Ä—è–¥–∫–∏. –£–±–∏—Ä–∞—Ç—å –≤ —Å–∞–ª–æ–Ω–µ –∞/–º - —Å–∞–º–æ–µ —Ç–æ, –µ—Å–ª–∏ —Å—Ä–∞–∑—É –ø–æ—Å–ª–µ –ø–µ—Ä–µ–≤–æ–∑–∫–∏, –Ω—É –∏–ª–∏ –∫—Ä–æ—à–∫–∏ —Å–æ —Å—Ç–æ–ª–∞, –≤–æ–ª–æ—Å—ã –≤ –≤–∞–Ω–Ω–æ–π. –î–µ–ª–∞—Ç—å —É–±–æ—Ä–∫—É –≤ –∫–≤–∞—Ä—Ç–∏—Ä–µ - —Å—Ä–∞–∑—É –Ω–µ—Ç.",2025-03-07,5,212,0,1
14,–î–æ—Å—Ç–æ–∏–Ω—Å—Ç–≤–∞: –†–∞–±–æ—Ç–∞–µ—Ç –Ω–∞ —É—Ä–∞,2025-03-07,5,27,0,1
15,–î–æ—Å—Ç–æ–∏–Ω—Å—Ç–≤–∞: –í—Å—ë —Ä–∞–±–æ—Ç–∞–µ—Ç –º–∞–ª–µ–Ω—å–∫–∏–π –ø–æ –º–µ—Ä–µ –º–æ—â–Ω—ã–π! –° –¥–æ–º–∞—à–Ω–∏–º –ø—ã–ª–µ—Å–æ—Å–æ–º –Ω–µ —Å—Ä–∞–≤–Ω–∏–≤–∞—Ç—å! –°–ø–∞—Å–∏–±–æ –ø—Ä–æ–¥–∞–≤—Ü—É,2025-03-07,5,103,1,1
16,–î–æ—Å—Ç–æ–∏–Ω—Å—Ç–≤–∞: –í—Å–µ —Ä–∞–±–æ—Ç–∞–µ—Ç\n–ù–µ–¥–æ—Å—Ç–∞—Ç–∫–∏: –ù–µ –¥–æ–ª–æ–∂–∏–ª–∏ —â–µ—Ç–∫—É –Ω–µ –ø—Ä–∏—è—Ç–Ω–æ,2025-03-06,3,64,0,1
17,"–î–æ—Å—Ç–æ–∏–Ω—Å—Ç–≤–∞: –ö—Ä—É—Ç–æ–π –ø—ã–ª–µ—Å–æ—Å. –ó–∞ —Ç–∞–∫—É—é —Å—É–º–º—É –≤–æ–æ–±—â–µ –Ω–∞—Ö–æ–¥–∫–∞. –ü–æ–∫—É–ø–∞–ª–∞ –º—É–∂—É –¥–ª—è –º–∞—à–∏–Ω—ã –Ω–æ —É–∂–µ –æ–ø—Ä–æ–±–æ–≤–∞–ª–∞ –Ω–∞ –¥–∏–≤–∞–Ω–µ. –ö–æ—à–∞—á—å—é —à–µ—Ä—Å—Ç—å –≤–ª–µ—Ç —É–±–∏—Ä–∞–µ—Ç. –°–ø–∞—Å–∏–±–æ –æ–≥—Ä–æ–º–Ω–æ–µ. –ò –æ—Ç–¥–µ–ª—å–Ω–æ–µ —Å–ø–∞—Å–∏–±–æ –ø—Ä–æ–¥–∞–≤—Ü—É –∑–∞ –Ω–∞–∫–ª–µ–∏—á–∫–∏, –¥–æ—á–∫–∞ –±—É–¥–µ—Ç –≤ –≤–æ—Å—Ç–æ—Ä–≥–µ. –ü–æ—Ä–∞–¥–æ–≤–∞–ª–æ –∏ —Ç–æ —á—Ç–æ –æ—á–µ–Ω—å –±—ã—Å—Ç—Ä–∞—è –¥–æ—Å—Ç–∞–≤–∫–∞. –í–æ–æ–±—â–µ–º –≤—Å–µ —Å—É–ø–µ—Ä. –ë–æ–ª—å—à–∏—Ö –≤–∞–º –ø—Ä–æ–¥–∞–∂.",2025-03-05,5,309,0,1
18,"–ù–µ–¥–æ—Å—Ç–∞—Ç–∫–∏: –ß–µ—Ö–æ–ª —Ä–∞–∑–æ–¥—Ä–∞–Ω. –û–¥–Ω–∞ –Ω–∞—Å–∞–¥–∫–∞ —Å –ø–µ—Ä–µ—Ö–æ–¥–Ω–∏–∫–æ–º –Ω–µ –≤—Ö–æ–¥–∏—Ç, –≤–µ–ª–∏–∫–∞ –¥–ª—è –ø—ã–ª–µ—Å–æ—Å–∞.",2025-03-05,1,86,0,0
19,"–î–æ—Å—Ç–æ–∏–Ω—Å—Ç–≤–∞: –ü—ã–ª–µ—Å–æ—Å –ø–æ–Ω—Ä–∞–≤–∏–ª—Å—è. –£–ø–∞–∫–æ–≤–∫–∞ —Ö–æ—Ä–æ—à–∞—è, –ø–æ–ª–æ–∂–∏–ª–∏ –ø–æ–¥–∞—Ä–æ—á–µ–∫ üòä\n–ú–æ—â–Ω–æ—Å—Ç—å —Å–æ–æ—Ç–≤–µ—Ç—Å—Ç–≤—É–µ—Ç –∑–∞—è–≤–ª–µ–Ω–Ω–æ–π. –õ—ë–≥–∫–∏–π, –≤ —Ä—É–∫–µ –¥–µ—Ä–∂–∞—Ç—å —É–¥–æ–±–Ω–æ. –î–æ—Å—Ç–∞–≤–∫–∞ –±—ã—Å—Ç—Ä–∞—è. –°–ø–∞—Å–∏–±–æ –ø—Ä–æ–¥–∞–≤—Ü—É.",2025-03-04,5,172,1,1
20,"–ü—Ä–∏—à—ë–ª –Ω–µ —Ä–∞–±–æ—á–∏–π, –Ω–µ –∑–∞—Ä—è–∂–∞–µ—Ç—Å—è —Å–æ–≤—Å–µ–º. –ë—Ä–∞—Ç –æ—Å—Ç–∞–ª—Å—è –±–µ–∑ –ø–æ–¥–∞—Ä–∫–∞(",2025-03-04,1,66,0,1
21,–î–æ—Å—Ç–æ–∏–Ω—Å—Ç–≤–∞: –ö–æ–º–ø–ª–µ–∫—Ç–∞—Ü–∏—è\n–ù–µ–¥–æ—Å—Ç–∞—Ç–∫–∏: –°–ª–∞–±–µ–Ω—å–∫–∏–π\n–ö–æ–º–º–µ–Ω—Ç–∞—Ä–∏–π: –°–æ–±–∏—Ä–∞—Ç—å –∫—Ä–æ—à–∫–∏ –ø–æ—Å–ª–µ —Ä–µ–±–µ–Ω–∫–∞ –ø–æ–π–¥–µ—Ç),2025-03-04,4,96,0,1
22,–î–æ—Å—Ç–æ–∏–Ω—Å—Ç–≤–∞: –í—Å–µ —Å—É–ø–µ—Ä\n–ù–µ–¥–æ—Å—Ç–∞—Ç–∫–∏: –í—Å–µ –æ–∫\n–ö–æ–º–º–µ–Ω—Ç–∞—Ä–∏–π: –í—Å—ë —Ä–∞–±–æ—Ç–∞–µ—Ç . –°–ø–∞—Å–∏–±–æ –∑–∞ –ø–æ–¥–∞—Ä–æ–∫ ü§ó,2025-03-04,5,87,1,1
23,"–î–æ—Å—Ç–æ–∏–Ω—Å—Ç–≤–∞: –ú–æ—â–Ω–æ—Å—Ç–∏ —Ö–≤–∞—Ç–∞–µ—Ç –¥–ª—è —É–±–æ—Ä–∫–∏ –∞–≤—Ç–æ—Å–∞–ª–æ–Ω–∞, –Ω–µ–±–æ–ª—å—à–æ–π —Ç–æ—á–µ—á–Ω–æ–π —É–±–æ—Ä–∫–∏ –¥–æ–º–∞, –≤—Å–∞—Å—ã–≤–∞–µ—Ç –ø—ã–ª—å –∏ –º–µ–ª–∫–∏–π –º—É—Å–æ—Ä –æ—Ç–ª–∏—á–Ω–æ.\n–ö–æ–º–º–µ–Ω—Ç–∞—Ä–∏–π: –•–æ—Ä–æ—à–∏–π –∫–æ–º–ø–∞–∫—Ç–Ω—ã–π –ø—ã–ª–µ—Å–æ—Å, –Ω–µ —Ö–ª–∏–ø–∫–∏–π, –Ω–∞—Å–∞–¥–∫–∏ –≤—Å–µ –ø—Ä–∏–≥–æ–¥–∏–ª–∏—Å—å. –í –±—É–º–∞–∂–Ω–æ–π –∏–Ω—Å—Ç—Ä—É–∫—Ü–∏–∏ —É–∫–∞–∑–∞–Ω—ã –¥—Ä—É–≥–∏–µ –Ω–∞—Å–∞–¥–∫–∏, –Ω–æ –≤ –∫–∞—Ä—Ç–æ—á–∫–µ —Ç–æ–≤–∞—Ä–∞ –Ω–∞ –í–ë –≤—Å—ë —á—ë—Ç–∫–æ:  —á—Ç–æ —É–∫–∞–∑–∞–Ω–æ, —Ç–æ –∏ –ø—Ä–∏—à–ª–æ. –ó–∞—Ä—è–¥–∫–∏ —Ö–≤–∞—Ç–∞–µ—Ç –Ω–∞ —Ç–æ, —á—Ç–æ–±—ã —Å–¥–µ–ª–∞—Ç—å —É–±–æ—Ä–∫—É –≤ –∞–≤—Ç–æ—Å–∞–ª–æ–Ω–µ, –∑–∞—Ä—è–∂–∞–µ—Ç—Å—è —Å–∞–º –ø—ã–ª–µ—Å–æ—Å –Ω–µ–¥–æ–ª–≥–æ. \n–°–ø–∞—Å–∏–±–æ –∑–∞ –Ω–∞–∫–ª–µ–π–∫–∏ –≤ –ø–æ–¥–∞—Ä–æ–∫. : ) –î–µ—Ç–∏ –æ—Ü–µ–Ω–∏–ª–∏.",2025-03-04,5,448,0,1
24,"–î–æ—Å—Ç–æ–∏–Ω—Å—Ç–≤–∞: –õ—ë–≥–∫–∏–π, –∫–æ–º–ø–∞–∫—Ç–Ω—ã–π, –∫–æ–ª–∏—á–µ—Å—Ç–≤–æ –Ω–∞—Å–∞–¥–æ–∫.\n–ö–æ–º–º–µ–Ω—Ç–∞—Ä–∏–π: –•–æ—Ä–æ—à–∏–π –ø—ã–ª–µ—Å–æ—Å, —Å–æ —Å–≤–æ–µ–π –∑–∞–¥–∞—á–µ–π —Å–ø—Ä–∞–≤–ª—è–µ—Ç—Å—è! –•–æ—Ä–æ—à–∞—è –º–æ—â–Ω–æ—Å—Ç—å –¥–ª—è —Ç–∞–∫–æ–≥–æ –º–∞–ª—ã—à–∞! –ü–æ–∫—É–ø–∫–æ–π –¥–æ–≤–æ–ª—å–Ω–∞! –†–µ–∫–æ–º–µ–Ω–¥—É—é —Ç–æ–≤–∞—Ä –∏ –ø—Ä–æ–¥–∞–≤—Ü–∞!",2025-03-03,5,194,0,1
25,–î–æ—Å—Ç–æ–∏–Ω—Å—Ç–≤–∞: –ö–ª–∞—Å—Å,2025-03-02,5,17,0,1
26,–º—É–∂ –æ—Ü–µ–Ω–∏–ªüòÅ,2025-03-02,5,11,0,1
27,–î–æ—Å—Ç–æ–∏–Ω—Å—Ç–≤–∞: –•–æ—Ä–æ—à–∞—è –≤–µ—â—å,2025-03-02,5,24,0,1
28,"–•–æ—Ä–æ—à–∏–π, –Ω–µ–¥–æ—Ä–æ–≥–æ–π –∏ –æ—á–µ–Ω—å –Ω—É–∂–Ω—ã–π ,,–ø–æ–º–æ—â–Ω–∏–∫,,. —É–ø–∞–∫–æ–≤–∞–Ω–æ –≤ –∫–æ—Ä–æ–±–æ—á–∫—É. –ö–æ–º–ø–ª–µ–∫—Ç –ø–æ–ª–Ω—ã–π. –î–æ—Å—Ç–∞–≤–∫–∞ –±—ã—Å—Ç—Ä–∞—è, —á—Ç–æ —Ç–æ–∂–µ —Ä–∞–¥—É–µ—Ç. –†–µ–∫–æ–º–µ–Ω–¥—É—é. üëçüëçüëç",2025-03-02,5,138,0,1
29,–î–æ—Å—Ç–æ–∏–Ω—Å—Ç–≤–∞: –ö—É–ø–∏–ª–∞ –º—É–∂—É –Ω–∞ –ø–æ–¥–∞—Ä–æ–∫ –≤ –º–∞—à–∏–Ω—É. –û—á–µ–Ω—å –¥–æ–≤–æ–ª–µ–Ω. –†–µ–∫–æ–º–µ–Ω–¥—É—é –∫ –ø–æ–∫—É–ø–∫–µ,2025-02-28,5,80,0,1
30,"–î–æ—Å—Ç–æ–∏–Ω—Å—Ç–≤–∞: –í—Å–µ –Ω–∞ –º–µ—Å—Ç–µ,–¥–æ—Å—Ç–∞–≤–∫–∞ –æ—á–µ–Ω—å –±—ã—Å—Ç—Ä–∞—è,–ø—ã–ª–µ—Å–æ—Å —Ä–∞–±–æ—Ç–∞–µ—Ç,–¥–æ—Å—Ç—É–ø–Ω–∞—è —Ü–µ–Ω–∞\n–ù–µ–¥–æ—Å—Ç–∞—Ç–∫–∏: –ü–æ–∫–∞ –Ω–µ –∑–∞–º–µ—Ç–∏–ª–∞ –Ω–∏–∫–∞–∫–∏—Ö –Ω–µ–¥–æ—Å—Ç–∞—Ç–∫–æ–≤,–Ω–∞–¥–µ—é—Å—å –∏ –¥–∞–ª—å—à–µ –Ω–µ –∑–∞–º–µ—á—É\n–ö–æ–º–º–µ–Ω—Ç–∞—Ä–∏–π: –ë—Ä–∞–ª–∞ –Ω–∞ –ø–æ–¥–∞—Ä–æ–∫,–≤—Å–µ –ø–æ–Ω—Ä–∞–≤–∏–ª–æ—Å—å,–≤ –ø–æ–¥–∞—Ä–æ–∫ –ø–æ–ª–æ–∂–∏–ª–∏ –º–∏–ª—ã–µ –Ω–∞–∫–ª–µ–π–∫–∏,–º–µ–ª–æ—á—å –Ω–æ –ø—Ä–∏—è—Ç–Ω–æ –∫–∞–∫ –≥–æ–≤–æ—Ä–∏—Ç—Å—èüòÖ –ü—ã–ª–µ—Å–æ—Å —Ä–∞–±–æ—Ç–∞–µ—Ç,–±–ª–∞–≥–æ–¥–∞—Ä—é –∑–∞ –¥–æ—Å—Ç—É–ø–Ω—É—é —Ü–µ–Ω—É –∏ –∑–∞ —Ç–∞–∫—É—é –±—ã—Å—Ç—Ä—É—é –¥–æ—Å—Ç–∞–≤–∫—É‚ô•Ô∏è",2025-02-26,5,341,0,1
31,–î–æ—Å—Ç–æ–∏–Ω—Å—Ç–≤–∞: –û—Ç–ª–∏—á–Ω—ã–π –ø—ã–ª–µ—Å–æ—Å. –° –∑–∞–¥–∞—á–∞–º–∏ —Å–ø—Ä–∞–≤–∏–ª—Å—è. –ú–æ–µ—Ç—Å—è –ª–µ–≥–∫–æ. –ó–∞—Ä—è–∂–∞–µ—Ç—Å—è,2025-02-24,5,76,1,1
32,"–î–æ—Å—Ç–æ–∏–Ω—Å—Ç–≤–∞: —Ö–æ—Ä–æ—à–æ –≤—ã–ø–æ–ª–Ω—è–µ—Ç —Å–≤–æ—é —Ä–∞–±–æ—Ç—É,–ø–æ–ª–æ–∂–∏–ª–∏ –≤ –ø–æ–¥–∞—Ä–æ–∫ –º–∏–ª—ã–µ –Ω–∞–∫–ª–µ–π–∫–∏,\n–ö–æ–º–º–µ–Ω—Ç–∞—Ä–∏–π: –±—Ä–∞–ª–∞ –≤ –ø–æ–¥–∞—Ä–æ–∫ –ø–∞—Ä–Ω—é,–ø–æ–Ω—Ä–∞–≤–∏–ª–æ—Å—å",2025-02-24,5,121,0,1
33,"–î–æ—Å—Ç–æ–∏–Ω—Å—Ç–≤–∞: –ü—ã–ª–µ—Å–æ—Å –¥–æ—Å—Ç–∞—Ç–æ—á–Ω–æ –º–æ—â–Ω—ã–π, –≤—Å–µ —Ä–∞–±–æ—Ç–∞–µ—Ç.",2025-02-23,5,52,0,1
34,"–î–æ—Å—Ç–æ–∏–Ω—Å—Ç–≤–∞: –•–æ—Ä–æ—à–∏–π –ø—ã–ª–µ—Å–æ—Å –¥–ª—è –∞–≤—Ç–æ,—ç—Ç–æ—Ç –Ω–∞ –ø–æ–¥–∞—Ä–æ–∫,–¥–æ —ç—Ç–æ–≥–æ —Ç–∞–∫–æ–π –∂–µ —Å–µ–±–µ –≤–∑—è–ª",2025-02-22,5,80,1,1
35,–î–æ—Å—Ç–æ–∏–Ω—Å—Ç–≤–∞: –•–æ—Ä–æ—à–∞—è –∫–æ–º–ø–ª–µ–∫—Ç–∞—Ü–∏—è\n–ù–µ–¥–æ—Å—Ç–∞—Ç–∫–∏: –°–ª–∞–±–æ–≤–∞—Ç (( –∞ —Ç–∞–∫ –Ω–æ—Ä–º\n–ö–æ–º–º–µ–Ω—Ç–∞—Ä–∏–π: –°–ø–∞—Å–∏–±–æ,2025-02-22,5,86,0,1
36,–î–æ—Å—Ç–æ–∏–Ω—Å—Ç–≤–∞: –•–æ—Ä–æ—à–∏–π –ø—ã–ª–µ—Å–æ—Å\n–ö–æ–º–º–µ–Ω—Ç–∞—Ä–∏–π: –†–µ–∫–æ–º–µ–Ω–¥—É—é,2025-02-08,5,50,0,1
37,–û—á–µ–Ω—å —Å–ª–∞–±—ã–π,2025-01-14,3,12,0,1
38,"–ú—É–∂—É –ø–æ–¥–∞—Ä–æ–∫ –ø–æ–Ω—Ä–∞–≤–∏–ª—Å—è, –µ–º—É –±–∞—Ç–∞—Ä–µ–∏ —Ö–≤–∞—Ç–∞–µ—Ç –Ω–∞ 1 —É–±–æ—Ä–∫—É, –Ω–æ –º–Ω–µ –≤ –º–æ–µ–π —É–±—Ä–∞—Ç—å—Å—è –Ω–µ —Ö–≤–∞—Ç–∞–µ—Ç üòÇ –ê —Ç–∞–∫ —Å—É–ø–µ—Ä üëå",2024-07-04,5,107,0,1
39,"–û—Ç–ª–∏—á–Ω—ã–π –ø—ã–ª–µ—Å–æ—Å, —Ä–∞–±–æ—Ç–∞–µ—Ç , –ø—Ä–∏—à—ë–ª –≤—Å—ë –≤ –∫–æ–º–ø–ª–µ–∫—Ç–µ, —Å–æ—Å–µ—Ç –Ω–µ –æ—á–µ–Ω—å –º–æ—â–Ω–æ, –Ω–æ —Å–æ–±—Ä–∞—Ç—å –º—É—Å–æ—Ä –≤ –º–∞—à–∏–Ω–µ —Å–∞–º–æ–µ —Ç–æ",2024-06-26,5,109,0,1
40,"–í—Ä–æ–¥–µ –Ω–æ—Ä–º, –æ—Ç—Ü—É –ø–æ–Ω—Ä–∞–≤–∏–ª–æ—Å—å",2024-06-17,5,28,0,1
41,"–ü–æ–ª—É—á–∏–ª, –∑–∞—Ä—è–¥–∏–ª –∑–∞—Ä—è–¥–∫–æ–π –æ—Ç —Ç–µ–ª–µ—Ñ–æ–Ω–∞, —Ä–∞–±–æ—Ç–∞–µ—Ç.\n–ü—Ä–∏—à–ª–æ—Å—å –ø–æ–≤–æ–∑–∏—Ç—Å—è —Å –¥–≤—É–º—è —à—Ç—É—Ü–µ—Ä–∞–º–∏ –æ—Ç —à–ª–∞–Ω–≥–∞. –í –Ω–∞–±–æ—Ä–µ –∏–Ω—Å—Ç—Ä—É–º–µ–Ω—Ç–æ–≤ –ª–µ–∂–∞–ª–∞ –∫–∞–∫–∞—è-—Ç–æ —Ç—Ä—É–±–æ—á–∫–∞, –Ω–µ –ø–æ–Ω—è–ª –¥–ª—è —á–µ–≥–æ –æ–Ω–∞. –ü–æ—Ç–æ–º –ø–æ—Å–º–æ—Ç—Ä–µ–ª –≤ –∏–Ω—Ç–µ—Ä–Ω–µ—Ç–µ:  —ç—Ç–æ –¥–≤–∞ —à—Ç—É—Ü–µ—Ä–∞ –Ω–∞ –≥–∏–±–∫–∏–π —à–ª–∞–Ω–≥. –°–∞–º –≥–∏–±–∫–∏–π —à–ª–∞–Ω–≥ -  ***  –ø–æ–º–æ—á—å –≤ —É–±–æ—Ä–∫–µ –Ω–µ –º–æ–∂–µ—Ç, –º–æ—Ç–ª—è–µ—Ç—Å—è –≤ —Å—Ç–æ—Ä–æ–Ω—ã. –ï—Å–ª–∏ —Ç–æ–ª—å–∫–æ –Ω–µ –ø—Ä–∏–º–æ—Ç–∞—Ç—å –∫ –Ω–µ–º—É –∫–∞–∫–æ–π-–Ω–∏–±—É–¥—å —Å—Ç–µ—Ä–∂–µ–Ω—å –∏–ª–∏ –ø–∞–ª–∫—É.\n–ö—Ä–æ–º–µ —ç—Ç–æ–≥–æ, –≤—ã—è—Å–Ω–∏–ª, —á—Ç–æ –∑–∞ –≤—Ö–æ–¥–Ω—ã–º  –æ—Ç–≤–µ—Ä—Å—Ç–∏–µ–º –µ—Å—Ç—å —Ç–∞–∫–∞—è –∫—Ä—É–≥–ª–∞—è —Ä–µ–∑–∏–Ω–∫–∞, –∏–≥—Ä–∞—é—â–∞—è —Ä–æ–ª—å –∫–ª–∞–ø–∞–Ω–∞. –û—Ç —ç–∫—Å–ø–µ—Ä–∏–º–µ–Ω—Ç–æ–≤ –æ–Ω–∞ —É –º–µ–Ω—è –æ—Ç–≤–∞–ª–∏–ª–∞—Å—å, –ø–æ—Å–ª–µ —á–µ–≥–æ –ø—ã–ª–µ—Å–æ—Å –ø–µ—Ä–µ—Å—Ç–∞–ª –≤—Å–∞—Å—ã–≤–∞—Ç—å —á—Ç–æ –±—ã —Ç–æ –Ω–∏ –±—ã–ª–æ, –¥–∞–∂–µ –ø—É—Ö. –¢–∞–∫ —á—Ç–æ —ç—Ç–∞ —Ä–µ–∑–∏–Ω–∫–∞ - —Å–∞–º–∞—è –≥–ª–∞–≤–Ω–∞—è –¥–µ—Ç–∞–ª—å —ç—Ç–æ–≥–æ –ø—ã–ª–µ—Å–æ—Å–∞. –í–æ—Å—Å—Ç–∞–Ω–æ–≤–∏–ª –µ—ë –Ω–∞ –º–µ—Å—Ç–µ - –∏ –≤—Å—ë –∑–∞—Ä–∞–±–æ—Ç–∞–ª–æ.\n–í —Ü–µ–ª–æ–º –ø—ã–ª–µ—Å–æ—Å —Ç—è–Ω–µ—Ç –Ω–µ–ø–ª–æ—Ö–æ - —Å–æ —Å—Ç–æ–ª–∞, —Å –ø–æ–ª–∞, —Å –ø–æ–ª–æ–∫. –ñ–∏–¥–∫–æ—Å—Ç—å –Ω–µ –ø—Ä–æ–±–æ–≤–∞–ª. –©—ë—Ç–∫–æ–π —Ö–æ—Ä–æ—à–æ —Å—Ç–∏—Ä–∞—Ç—å –ø—ã–ª—å —Å –º–µ–±–µ–ª–∏ –≤–º–µ—Å—Ç–æ —Ç—Ä—è–ø–∫–∏.",2024-06-09,5,808,0,1
42,–°–æ–±–∏—Ä–∞–µ—Ç –º–µ–ª–∫–∏–µ –∏ –ª–µ–≥–∫–∏–µ –º—É—Å–æ—Ä—ã,2024-04-19,3,31,0,1
43,–¢—è–Ω–µ—Ç –æ—Ç–ª–∏—á–Ω–æ,2024-04-18,5,13,0,1
44,–ü—Ä–æ—à√´–ª –≤–æ–≤—Ä–µ–º—è. –ö–æ–º–ø–ª–µ–∫—Ç –ø–æ–ª–Ω—ã–π. –í —Ä–∞–±–æ—Ç–µ —Å–ª–∞–±–æ–≤–∞—Ç. –ù–∞ –ø–æ–ª—É –≤ –∞–≤—Ç–æ –º—É—Å–æ—Ä —Å–æ–±–∏—Ä–∞–µ—Ç –Ω–µ –æ—á–µ–Ω—å —Ö–æ—Ä–æ—à–æ.,2024-03-28,3,98,0,1
45,–í—Å—ë —Ä–∞–±–æ—Ç–∞–µ—Ç,2024-02-23,5,12,0,1
46,"–ë—Ä–∞–ª–∏ –Ω–∞ –ø–æ–¥–∞—Ä–æ–∫. –ë—Ä–∞—Ç—É –ø–æ–Ω—Ä–∞–≤–∏–ª—Å—è, –≥–æ–≤–æ—Ä–∏—Ç —á—Ç–æ –¥–æ—Å—Ç–∞—Ç–æ—á–Ω–æ –º–æ—â–Ω—ã–π.",2024-02-18,5,66,0,1
47,–ú—É–∂—É –ø–æ–Ω—Ä–∞–≤–∏–ª—Å—è,2024-02-08,5,15,0,1
48,–í—Å–µ —Ä–∞–±–æ—Ç–∞–µ—Ç,2024-02-05,5,12,0,1
49,"–ï–ª–µ —Ç—è–Ω–µ—Ç, –∫–∞–∫–æ–π –≤ –Ω–µ–º —Å–º—ã—Å–ª?(",2024-01-30,1,30,0,1
50,–û—Ç–ª–∏—á–Ω–æ. –ß—Ç–æ –∏ —Ö–æ—Ç–µ–ª–∞. –ó–∞–∫–∞–∑—ã–≤–∞–ª–∞ –¥–ª—è –¥–æ–º–∞.,2024-01-30,5,43,0,1
51,–û—á–µ–Ω—å —Å–ª–∞–±—ã–π,2024-01-17,3,12,0,1
52,"–£–∂–∞—Å–Ω–æ–µ –∫–∞—á–µ—Å—Ç–≤–æ —Ç–æ–≤–∞—Ä–∞.... –ø–æ—Ä–∞–±–æ—Ç–∞–ª –æ–¥–∏–Ω —Ä–∞–∑,–∏ –ø–µ—Ä–µ—Å—Ç–∞–ª. –î—É–º–∞–ª–∞,–º–æ–∂–µ—Ç —Ä–∞–∑—Ä—è–¥–∏–ª—Å—è- –Ω–æ —É–≤—ã....–ø–æ–ª–¥–Ω—è –∑–∞—Ä—è–∂–∞–ª—Å—è –∏ –±–µ–∑ —Ç–æ–ª–∫—É. –î–µ–Ω—å–≥–∏ –Ω–∞ –≤–µ—Ç–µ—Ä,–ø—Ä–∏—Ç–æ–º,—á—Ç–æ –ø—ã–ª–µ—Å–æ—Å –ø—Ä–∞–∫—Ç–∏—á–µ—Å–∫–∏ –Ω–æ–≤—ã–π....",2024-01-15,1,180,0,1
53,"–ù–µ –ø–ª–æ—Ö–æ–π, –Ω–æ —Å–ª–∞–±–æ–≤–∞—Ç.",2024-01-11,4,23,0,1
54,"–î–ª—è —Å–≤–æ–µ–π —Ü–µ–Ω—ã, —Ä–∞–±–æ—Ç–∞–µ—Ç –æ—á–µ–Ω—å —Ö–æ—Ä–æ—à–æ. –ö—Ä–æ—à–∫–∏, –º–∞—Ä–º–µ–ª–∞–¥–∫–∏ –∏ –ø—Ä–æ—á—É—é –º–µ–ª–æ—á—å –∑–∞—Ö–≤–∞—Ç—ã–≤–∞–µ—Ç, —á–∏—Å—Ç–∫–∞ –Ω–µ—Å–ª–æ–∂–Ω–∞—è",2024-01-06,5,103,0,1
55,–°–ø–∞—Å–∏–±–æ –∑–∞ –∫–∞—á–µ—Å—Ç–≤–µ–Ω–Ω—ã–π —Ç–æ–≤–∞—Ä!,2024-01-04,5,30,0,1
56,üëç,2023-12-30,5,1,0,1
57,"–¢–∞–∫ —Ç–æ —Ö–æ—Ä–æ—à ,–Ω–æ —è –Ω–∞–¥–µ—è–ª–∞—Å—å —á—Ç–æ –±—É–¥–µ—Ç –ø–æ–º–æ—â–Ω–µ–µ",2023-12-18,5,47,0,1
58,"–ü—ã–ª–µ—Å–æ—Å –Ω–µ –ø–ª–æ—Ö–æ–π. –ú–µ–ª–∫–∏–π –º—É—Å–æ—Ä —Ö–æ—Ä–æ—à–æ –≤—Å–∞—Å—ã–≤–∞–µ—Ç, –Ω–æ –º–µ–ª–∫–∏–µ –∫–∞–º—É—à–∫–∏ –Ω–µ –≤—Ç—è–≥–∏–≤–∞–µ—Ç. –ù–∞—Å–∞–¥–∫–∏ –æ—á–µ–Ω—å —É–¥–æ–±–Ω—ã–µ",2023-12-17,5,103,0,1
59,"–ö—É–ø–∏–ª–∞ –º—É–∂—É –≤ –ø–æ–¥–∞—Ä–æ–∫. –ú—É–∂ –¥–æ–≤–æ–ª–µ–Ω, –≤–Ω—É–∫ –µ—â—ë –±–æ–ª—å—à–µ —Ä–∞–¥. –ü—ã–ª–µ—Å–æ—Å–∏—Ç –≤—Å—ë.",2023-12-14,5,71,0,1
60,–°—É–ø–µ—Ä üëç,2023-12-10,5,7,0,1
61,–ú–Ω–µ –æ—á–µ–Ω—å –ø–æ–Ω—Ä–∞–≤–∏–ª—Å—è –∫–æ–º–ø–∞–∫—Ç–Ω—ã–π —É–¥–æ–±–Ω—ã–π.–ù–µ —à—É–º–Ω—ã–π   –†–µ–∫–æ–º–µ–Ω–¥—É—é,2023-12-10,5,62,0,1
62,–ú–Ω–µ –ø–æ–Ω—Ä–∞–≤–∏–ª—Å—è.,2023-12-09,5,15,0,1
63,"–ó–∞–±—Ä–∞–ª–∞ –ø—ã–ª–µ—Å–æ—Å –æ—Ü–µ–Ω–∫–∞ 5 –∑–≤–µ–∑–¥, —Ç–æ–ª—å–∫–æ –∑–∞ —Ç–æ —á—Ç–æ –±—ã–ª –¥–æ—Å—Ç–∞–≤–ª–µ–Ω –≤ —Ü–µ–ª–æ–º —Å–æ—Å—Ç–æ—è–Ω–∏–∏ –±–µ–∑ –∫–æ–ª–æ–≤, —Ü–∞—Ä–∞–ø–∏–Ω –≤ –∏–¥–µ–∞–ª—å–Ω–æ–º —Å–æ—Å—Ç–æ—è–Ω–∏–∏, –≤ —Ä–∞–±–æ—Ç–µ –∫–∞–∫ –ø—Ä–æ—è–≤–∏—Ç –ø–æ–∫–∞–∂–µ—Ç –≤—Ä–µ–º—è, –ø–æ–∫–∞ —è –¥–æ–≤–æ–ª—å–Ω–∞ –ø–æ–∫—É–ø–∫–æ–π.",2023-12-08,5,184,0,1
64,–°–ª–∞–±–æ–≤–∞—Ç. –ù–æ –∑–∞ —ç—Ç–∏ –¥–µ–Ω—å–≥–∏ –Ω–æ—Ä–º–∞–ª—å–Ω–æ. –ö—Ä–æ—à–∫–∏ –∏ –ø–µ—Å–æ–∫ –æ—Ç —Å–æ–±–∞–∫ —Å–æ–±–µ—Ä—ë—Ç,2023-12-07,4,69,0,1
65,"–°–Ω–∞—á–∞–ª–∞ –º–µ–Ω—è –æ–¥–æ–ª–µ–≤–∞–ª–∏ —Å–æ–º–Ω–µ–Ω–∏—è –∫–æ–≥–¥–∞ —è —É–≤–∏–¥–µ–ª–∞ —ç—Ç–æ—Ç –ø—ã–ª–µ—Å–æ—Å.. –ù–æ –Ω–∞ —É–¥–∏–≤–ª–µ–Ω–∏–µ —Ä–∞–±–æ—Ç–∞–µ—Ç —Ö–æ—Ä–æ—à–æ, –ø—Ä–∏—à–ª–µ—Ç —Ü–µ–ª—ã–º, —è —Å—á–∞—Å—Ç–ª–∏–≤–∞",2023-12-05,5,122,0,1
66,"–•–æ—Ä–æ—à–∞—è –º–æ—â–Ω–æ—Å—Ç—å,—Å –∫–æ–≤—Ä–æ–ª–∏–Ω –≤ –∞–≤—Ç–æ –≤—Å–µ —Å–æ–±–∏—Ä–∞–µ—Ç,–¥–∞–∂–µ –º–µ–ª–∫–∏–µ –∫–∞–º–µ—à–∫–∏.–£–¥–æ–±–Ω–æ –¥–µ—Ä–∂–∞—Ç—å –∏ –Ω–∞—Å–∞–¥–∫–∏ —Ñ—É–Ω–∫—Ü–∏–æ–Ω–∞–ª—å–Ω—ã–µ.–£ –∫–æ–≥–æ –¥–µ—Ç–∏,—Ç–æ—Ç –∑–Ω–∞–µ—Ç,—á—Ç–æ –ø–æ—Å–ª–µ –Ω–∏—Ö –≤—Å–µ–≥–¥–∞ –µ—Å—Ç—å —á—Ç–æ —É–±—Ä–∞—Ç—å,–∞ –Ω–∞ –º–æ–π–∫—É –∫–∞–∂–¥—ã–π –¥–µ–Ω—å –Ω–µ –±—É–¥–µ—à—å –µ–∑–¥–∏—Ç—å.–†–µ–∫–æ–º–µ–Ω–¥—É—é —Ç–æ–≤–∞—Ä –∏ –ø–æ—Å—Ç–∞–≤—â–∏–∫–∞.",2023-12-01,5,237,0,1
67,–ù–æ—Ä–º –ø—ã–ª–µ—Å–æ—Å. –ñ—Ä—ë—Ç –ø–æ—á—Ç–∏ –≤—Å—ë.,2023-12-01,5,29,0,1
68,"–ü—Ä–æ–≤–µ—Ä–∏–ª–∞-–≤—Å–µ –∫–∞–∫ –∏ –Ω–∞—Ä–∏—Å–æ–≤–∞–Ω–æ, —Ä–∞–±–æ—Ç–∞–µ—Ç –∫–∞–∫ –Ω–∞–¥–æ. –Ø –¥–æ–≤–æ–ª—å–Ω–∞. –í—Å—ë –≤ —Å—É–º–∫–µ, —É–¥–æ–±–Ω–æ.",2023-11-30,5,83,1,1
69,–°–ª–∞–±—ã–π –ø—ã–ª–µ—Å–æ—Å,2023-11-30,1,14,0,1
70,"–í—ã–≥–ª—è–¥–∏—Ç –Ω–µ –ø–ª–æ—Ö–æ, –Ω–æ –æ—á–µ–Ω—å —Å–ª–∞–±—ã–π, –≤–æ–∑–≤—Ä–∞—Ç.",2023-11-30,3,44,0,1
71,"–ü–æ–∫–∞ –≤—Å—ë –Ω—Ä–∞–≤–∏—Ç—Å—è,–∫–∞–∫ –¥–∞–ª—å—à–µ –±—É–¥–µ—Ç —Ä–∞–±–æ—Ç–∞—Ç—å –ø–æ—Å–º–æ—Ç—Ä–∏–º üëå",2023-11-27,5,55,0,1
72,"–í–∑—è–ª–∞ –¥–ª—è –¥–æ–º–∞, –æ—á–µ–Ω—å —É–¥–æ–±–Ω–æ, –∫–æ–º–ø–∞–∫—Ç–Ω—ã–π. –ó–∞—Ä—è–∂–∞–µ—Ç—Å—è –±—ã—Å—Ç—Ä–æ. –ú—É—Å–æ—Ä —Å–æ–±–∏—Ä–∞–µ—Ç —Ö–æ—Ä–æ—à–æ.",2023-11-27,5,83,0,1
73,–û—Ç–ª–∏—á–Ω—ã–π –ø—ã–ª–µ—Å–æ—Å.–°–æ–≤–µ—Ç—É—é!,2023-11-27,5,25,0,1
74,"–ü—Ä–æ—Å—Ç–æ –±–æ–∂–µ—Å—Ç–≤–µ–Ω–Ω—ã–π, –¥–ª—è –ª–æ–∫–∞–ª—å–Ω–æ–π —É–±–æ—Ä–∫–∏ –Ω–∞ —É—Ä–∞ –ø–æ–¥—Ö–æ–¥–∏—Ç,–ø—ã–ª—å –∏ –º–µ–ª–∫–∏–π –º—É—Å–æ—Ä —Ö–æ—Ä–æ—à–æ —Å–æ–±–∏—Ä–∞–µ—Ç",2023-11-26,5,93,0,1
75,–°–ª–∞–±–µ–Ω—å–∫–∏–π,2023-11-25,4,10,0,1
76,"–û—á–µ–Ω—å –¥–æ–ª–≥–æ –≤—ã–±–∏—Ä–∞–ª–∞ –ø—ã–ª–µ—Å–æ—Å –Ω–∞ —Å–∞–π—Ç–µ, –≤ –∏—Ç–æ–≥–µ –≤—ã–±—Ä–∞–ª–∞ —ç—Ç–æ—Ç –ø—ã–ª–µ—Å–æ—Å –∏ —É —ç—Ç–æ–≥–æ –ø—Ä–æ–¥–∞–≤—Ü–∞ –∏ –Ω–µ –ø–æ–∂–∞–ª–µ–ª–∞. –ü—ã–ª–µ—Å–æ—Å –¥–ª—è —Å–≤–æ–∏—Ö —Ä–∞–∑–º–µ—Ä–æ–≤ –æ—á–µ–Ω—å —Ö–æ—Ä–æ—à–∏–π, –∫—Ä–æ—à–∫–∏ –∑–∞—Å–∞—Å—ã–≤–∞–µ—Ç –æ—Ç–ª–∏—á–Ω–æ, –ø—Ä–∏—à–µ–ª –≤ –Ω–æ–≤–æ–π –∫–æ—Ä–æ–±–∫–µ —Å–æ –≤—Å–µ–º–∏ –ø—Ä–∏–Ω–∞–¥–ª–µ–∂–Ω–æ—Å—Ç—è–º–∏. –ö–æ–º—É –Ω—É–∂–µ–Ω —Ç–∞–∫–æ–π –º–∏–Ω–∏ –ø—ã–ª–µ—Å–æ—Å –¥–ª—è —É–±–æ—Ä–∫–∏ –ø—ã–ª–∏ –∏ –º–µ–ª–∫–∏—Ö –∫—Ä–æ—à–µ–∫ —Ä–µ–∫–æ–º–µ–Ω–¥—É—é. –°–ø–∞—Å–∏–±–æ —Ç–∞–∫ –∂–µ –æ—Ç–∑—ã–≤–∞–º, –∫–æ—Ç–æ—Ä—ã–µ –æ—Å—Ç–∞–≤–ª—è—é—Ç –ø–æ–∫—É–ø–∞—Ç–µ–ª–∏, –æ—á–µ–Ω—å –ø–æ–º–æ–≥–ª–∏ –≤ –≤—ã–±–æ—Ä–µ –¥–∞–Ω–Ω–æ–π –º–æ–¥–µ–ª–∏.",2023-11-23,5,386,1,1
77,"–ó–∞ —ç—Ç—É —Ü–µ–Ω—É –æ—Ç–ª–∏—á–Ω—ã–π –ø–æ–º–æ—â–Ω–∏–∫, –∫–∞–∫ –≤ –º–∞—à–∏–Ω–µ, —Ç–∞–∫ –∏ –¥–æ–º–∞. \n–ú–µ–ª–∫–∏–π –º—É—Å–æ—Ä, –∫—Ä–æ—à–∫–∏, –ø—É—Ö –∏ —Ç. –¥. \n–î–ª—è –±—ã—Å—Ç—Ä–æ–π —É–±–æ—Ä–∫–∏ —Å–∞–º–æ–µ —Ç–æ.",2023-11-23,5,121,0,1
78,"–û—Ç–ª–∏—á–Ω—ã–π –ø—ã–ª–µ—Å–æ—Å, –º–æ—â–Ω–æ—Å—Ç—å —Ö–æ—Ä–æ—à–∞—è",2023-11-22,5,34,0,1
79,"–ö—É–ø–∏–ª —Å–µ–±–µ –ø—ã–ª–µ—Å–æ—Å –≤ –º–∞—à–∏–Ω—É,—á—Ç–æ–±—ã –ø–æ–¥–¥–µ—Ä–∂–∏–≤–∞—Ç—å —á–∏—Å—Ç–æ—Ç—É –≤ —Å–≤–æ–µ–π ¬´–ª–∞—Å—Ç–æ—á–∫–µ¬ª.–ú–æ—â–Ω—ã–π –∞–ø–ø–∞—Ä–∞—Ç —Å–∫–∞–∂—É —è –≤–∞–º.–ù–∞—Å–∞–¥–∫–∏ —Å—É–ø–µ—Ä-–º–æ–∂–Ω–æ –ø—Ä–æ–ø—ã–ª–µ—Å–æ—Å–∏—Ç—å —Å–∞–º—ã–µ —Ç—Ä—É–¥–Ω–æ–¥–æ—Å—Ç—É–ø–Ω—ã–µ –º–µ—Å—Ç–∞.–ö–æ—Ä–æ—á–µ,—Ä–µ–∫–æ–º–µ–Ω–¥—É—é –æ—Ç –¥—É—à–∏.",2023-11-21,5,189,0,1
80,"–ü—Ä–æ 23000–ü–∞ –≤ —Ö–∞—Ä–∞–∫—Ç–µ—Ä–∏—Å—Ç–∏–∫–µ –≤–æ–æ–±—â–µ –Ω–∏ —á–µ–≥–æ –Ω–µ —Å–∫–∞–∑–∞–Ω–æ ( –ø–∏–∞—Ä-—Ö–æ–¥) \n–ü—ã–ª—å –≤—Ç—è–≥–∏–≤–∞–µ—Ç ,–∫—É—Å–æ—á–µ–∫ —Å—É—Ö–æ–≥–æ –ª–∏—Å—Ç–∞ —Ç–æ–∂–µ, –∞ –∫–∞–º—É—à–µ–∫ —Ä–∞–∑–º–µ—Ä–æ–º —Å–æ —Å–ø–∏—á–µ—á–Ω—É—é –≥–æ–ª–æ–≤–∫—É –ø–æ–¥–æ–±—Ä–∞—Ç—å –Ω–µ –º–æ–∂–µ—Ç.",2023-11-21,4,170,1,1
81,"–ö–ª–∞—Å—Å–Ω—ã–π –ø—ã–ª–µ—Å–æ—Å ,–ø–æ–∫—É–ø–∫–æ–π –¥–æ–≤–æ–ª—å–Ω–∞",2023-11-19,5,35,0,1
82,–û—á–µ–Ω—å —Ö–æ—Ä–æ—à–∏–π.–º–Ω–µ –Ω—Ä–∞–≤–∏—Ç—å—Å—è.,2023-11-19,5,28,0,1
83,"–û—á–µ–Ω—å —Ö–æ—Ä–æ—à–∏–π –∞–ø–ø–∞—Ä–∞—Ç. –ü–æ–∫—É–ø–∞–ª–∏ –¥–ª—è –¥–æ–º–∞. –ù–∞ –Ω–µ–±–æ–ª—å—à–∏—Ö –ø–ª–æ—â–∞–¥—è—Ö —Ç–æ —á—Ç–æ –Ω–∞–¥–æ. –¢–æ–ª—å–∫–æ, –≤–æ—Ç, –ø–æ–¥—Å–∫–∞–∂–∏—Ç–µ:  –∫–∞–∫ –∏—Å–ø–æ–ª—å–∑–æ–≤–∞—Ç—å —Ç–µ –Ω–∞—Å–∞–¥–∫–∏, –∫–æ—Ç–æ—Ä—ã–µ –æ—Ç–¥–µ–ª—å–Ω–æ —Å—Ñ–æ—Ç–æ–≥—Ä–∞—Ñ–∏—Ä–æ–≤–∞–Ω—ã? –°–ø–∞—Å–∏–±–æ!",2023-11-19,5,174,1,1
84,"–í–∑—è–ª –≤ –º–∞—à–∏–Ω—É –∏ –¥–æ–≤–æ–ª–µ–Ω –∫–∞–∫ —Å–ª–æ–Ω. –û—á–µ–Ω—å –º–æ—â–Ω—ã–π. –°–∫–æ—Ä–æ —É –¥—Ä—É–≥–∞ –¥–µ–Ω—å —Ä–æ–∂–¥–µ–Ω–∏—è, —Ö–æ—á—É –∏ –µ–º—É —Ç–∞–∫–æ–π –∑–∞–¥–∞—Ä–∏—Ç—å",2023-11-19,5,102,1,1
85,–°–ª–∞–±–æ–≤–∞—Ç,2023-11-19,4,8,0,1
86,"–í–æ–æ–±—â–µ –∫—É–ø–∏–ª–∞ —ç—Ç–æ—Ç –∫–æ–º–ø–∞–∫—Ç–Ω—ã–π –ø—ã–ª–µ—Å–æ—Å –ú—É–∂—É –≤ –ø–æ–¥–∞—Ä–æ–∫ - —á—Ç–æ–±—ã –æ–Ω –º–æ–≥ –±–æ–ª–µ–µ –±—é–¥–∂–µ—Ç–Ω–æ –ø–æ–¥–¥–µ—Ä–∂–∏–≤–∞—Ç—å –ø–æ—Ä—è–¥–æ–∫ –≤ –∞–≤—Ç–æ. –ù—É –∏ –∫–æ–Ω–µ—á–Ω–æ –ø–æ–ø—Ä–æ–±–æ–≤–∞–ª–∞ –µ–≥–æ –∏ –≤ –¥–æ–º–∞—à–Ω–∏—Ö —É—Å–ª–æ–≤–∏—è—Ö. –°—É–ø–µ—Ä —É–¥–æ–±–Ω–∞—è –∏ –º–æ—â–Ω–∞—è —à—Ç—É–∫–∞, —Å–∫–∞–∂—É —è –í–∞–º.–ü—Ä—è–º —Ö–æ—Ä–æ—à–æ —Ç–∞–∫ –æ—Ç–ø—ã–ª–µ—Å–æ—Å–∏–ª–∞ –¥–∏–≤–∞–Ω –≤ —Å–∞–º—ã—Ö —Ç—Ä—É–¥–Ω–æ–¥–æ—Å—Ç—É–ø–Ω—ã—Ö –º–µ—Å—Ç–∞—Ö, –∏ –º–µ—Å—Ç–∞ –ø–æ—Å—Ç–æ—è–Ω–Ω–æ–≥–æ –æ–±–∏—Ç–∞–Ω–∏—è –ø–∏—Ç–æ–º—Ü–∞ —Ç–∞–∫–∂–µ –∏–∑–±–∞–≤–∏–ª–∞ –æ—Ç —à–µ—Ä—Å—Ç–∏. –ö–æ—Ä–æ—á–µ –∑–∞—á–µ—Ç–Ω–∞—è –≤–µ—â–∏—Ü–∞ –Ω–µ —Ç–æ–ª—å–∫–æ –¥–ª—è –∞–≤—Ç–æ, –Ω–æ –∏ –¥–ª—è –¥–æ–º–∞. –°–ø–∞—Å–∏–±–æ –ø—Ä–æ–¥–∞–≤—Ü—É.",2023-11-15,5,411,1,1
87,"–ö—É–ø–∏–ª–∞ –ø—ã–ª–µ—Å–æ—Å —Å–µ–±–µ –¥–æ–º–æ–π, —Å–æ—Å—ë—Ç –Ω–∞—Å–º–µ—Ä—Ç—å. –û—á–µ–Ω—å —É–¥–æ–±–Ω–æ —É–±–∏—Ä–∞—Ç—å —Å –ø–æ–¥–æ–∫–æ–Ω–Ω–∏–∫–æ–≤, —Ç–æ—á–µ—á–Ω–æ, –ø–æ—Å–ª–µ –¥–µ—Ç—Å–∫–∏—Ö –∏–≥—Ä. –ë–µ–∑ –≤—Å—è–∫–∏—Ö –ø—Ä–æ–≤–æ–¥–æ–≤. –ú—É–∂ –±—Ä–∞–ª —É–±–∏—Ä–∞—Ç—å—Å—è –≤ –º–∞—à–∏–Ω–µ, —Ç–æ–∂–µ –¥–æ–≤–æ–ª–µ–Ω",2023-11-15,5,170,1,1
88,"–ü—Ä–∞–∫—Ç–∏—á–Ω—ã–π –ø—ã–ª–µ—Å–æ—Å , –¥–ª—è —É–±–æ—Ä–∫–∏ –ø—ã–ª–∏ –≤ –Ω–µ—É–¥–æ–±–Ω—ã—Ö –º–µ—Å—Ç–∞—Ö .",2023-11-13,5,57,1,1
89,"–ë—Ä–∞–ª–∞ –º—É–∂—É –Ω–∞ –ø–æ–¥–∞—Ä–æ–∫ –≤ –º–∞—à–∏–Ω—É, –µ–º—É –ø–æ–Ω—Ä–∞–≤–∏–ª—Å—è, —Å–∫–∞–∑–∞–ª, —á—Ç–æ —É–¥–æ–±–Ω—ã–π) –ü–æ—Ç–æ–º –µ—â–µ –ø–æ–ø—Ä–æ–±–æ–≤–∞–ª–∞ –µ–≥–æ –¥–æ–º–∞ –∏ –ø–æ–Ω—è–ª–∞, —á—Ç–æ –æ–Ω —Ö–æ—Ä–æ—à–æ –ø–æ–¥—Ö–æ–¥–∏—Ç –¥–ª—è –º–µ–ª–∫–æ–π —É–±–æ—Ä–∫–∏, –æ—Å–æ–±–µ–Ω–Ω–æ –≤ —Ç—Ä—É–¥–Ω–æ–¥–æ—Å—Ç—É–ø–Ω—ã—Ö –º–µ—Å—Ç–∞—Ö. –ü–æ—Ä–∞–¥–æ–≤–∞–ª–æ, —á—Ç–æ –≤ –∫–æ–º–ø–ª–µ–∫—Ç–µ –µ—Å—Ç—å –º–Ω–æ–≥–æ —Ä–∞–∑–Ω—ã—Ö –Ω–∞—Å–∞–¥–æ–∫)",2023-11-12,5,241,1,1
