User review,Review date,Star review,Text length,Has media,Has answer
"\n–î–æ—Å—Ç–æ–∏–Ω—Å—Ç–≤–∞: –ö—Ä–µ—Å–ª–æ —É–¥–æ–±–Ω–æ–µ, –Ω–æ–∂–∫–∏ —É–¥–æ–±–Ω—ã–µ –∏ –∫–æ–ª–µ—Å–∏–∫–∏ –¥–≤–∏–≥–∞—é—Ç—Å—è –æ—Ç–ª–∏—á–Ω–æ. –õ–µ–≥–∫–∏–π —Å—Ç—É–ª. –•–æ—Ä–æ—à–æ –º–µ–Ω—è–µ—Ç—Å—è –≤—ã—Å–æ—Ç–∞ . –û—á–µ–Ω—å —Ä–µ–∫–æ–º–µ–Ω–¥—É—é –¥–ª—è –º–∞—Å—Ç–µ—Ä–æ–≤ –º–∞–Ω–∏–∫—é—Ä–∞.",2025-03-10,5,150,0,1
"\n–î–æ—Å—Ç–æ–∏–Ω—Å—Ç–≤–∞: –í—Å—ë —Ö–æ—Ä–æ—à–æ, —Å–æ–±—Ä–∞–ª–∞ –±—ã—Å—Ç—Ä–æ",2025-03-10,5,39,0,1
"\n–î–æ—Å—Ç–æ–∏–Ω—Å—Ç–≤–∞: –£–¥–æ–±–Ω—ã–π\n–ù–µ–¥–æ—Å—Ç–∞—Ç–∫–∏: –¶–∞—Ä–∞–ø–∏–Ω—ã –Ω–∞ –ø–æ–¥–Ω–æ–∂–∫–∞—Ö,–≤–µ—Å—å –≥–ª—è–Ω–µ—Ü –ø–æ—Ü–∞—Ä–∞–ø–∞–Ω",2025-03-08,3,75,0,1
\n—á–µ—Ä–Ω—ã–π,2025-03-08,1,7,0,1
"\n–î–æ—Å—Ç–æ–∏–Ω—Å—Ç–≤–∞: –ë—ã—Å—Ç—Ä–∞—è –¥–æ—Å—Ç–∞–≤–∫–∞, —É–¥–æ–±–Ω—ã–π, –≤—Å–µ —Ü–µ–ª–æ–µ.\n–ù–µ–¥–æ—Å—Ç–∞—Ç–∫–∏: –ù–æ –≤–æ—Ç –æ –∫–æ–ª—ë—Å–∏–∫–∞—Ö –í–†–£–¢! –ø—Ä–∏—Å—ã–ª–∞—é—Ç —á—ë—Ä–Ω—ã–µ –ø–ª–∞—Å—Ç–∏–∫–æ–≤—ã–µ –≤–º–µ—Å—Ç–æ —Ä–µ–∑–∏–Ω–æ–≤—ã—Ö! –î–æ–ª–≥–æ –Ω–∞–±–ª—é–¥–∞–ª–∞ –∏ —Ä–µ—à–∏–ª–∞ –¥–æ–∫—É–ø–∏—Ç—å –¥—Ä—É–≥–∏–µ –∫–æ–ª–µ—Å–∏–∫–∏. –°—Ä–∞–∑—É –ø–æ—Å—Ç–∞–≤–∏–ª–∞ —Ä–µ–∑–∏–Ω–æ–≤—ã–µ.",2025-03-07,3,211,1,1
\n–î–æ—Å—Ç–æ–∏–Ω—Å—Ç–≤–∞: –ß—É–¥–æ —Å—Ç—É–ª!\n–ù–µ–¥–æ—Å—Ç–∞—Ç–∫–∏: –ü—Ä–∏—Ç–µ—Ç–∑–∏–π –Ω–µ—Ç\n–ö–æ–º–º–µ–Ω—Ç–∞—Ä–∏–π: –û—á–µ–Ω—å —É–¥–æ–±–µ–Ω,2025-03-06,5,73,1,1
"\n–î–æ—Å—Ç–æ–∏–Ω—Å—Ç–≤–∞: –ü–æ–ª—É—á–µ–Ω —Å—Ç—É–ª –≤ –æ—á–µ–Ω—å —Ö–æ—Ä–æ—à–µ–º –∫–∞—á–µ—Å—Ç–≤–µ, –∫–æ–º–ø–ª–µ–∫—Ç–∞—Ü–∏—è –≤ –ø–æ–ª–Ω–æ–º –æ–±—ä–µ–º–µ, —Å–æ–±—Ä–∞–ª–∞ –∑–∞ 15 –º–∏–Ω—É—Ç –ø–æ –∏–Ω—Å—Ç—Ä—É–∫—Ü–∏–∏. –°—Ç—É–ª –º—è–≥–∫–∏–π. –û—á–µ–Ω—å —Ä–µ–∫–æ–º–µ–Ω–¥—É—é. –ó–∞ –ø—Ä–µ–∑–µ–Ω—Ç –±–æ–ª—å—à–æ–µ —Å–ø–∞—Å–∏–±–æ –ø—Ä–æ–¥–∞–≤—Ü—É, –ø—Ä–∏—è—Ç–Ω–æ –æ—á–µ–Ω—å",2025-03-05,5,198,0,1
"\n–î–æ—Å—Ç–æ–∏–Ω—Å—Ç–≤–∞: –°—Ç—É–ª –∫–ª—ë–≤—ã–π , –æ—á–µ–Ω—å —É–¥–æ–±–Ω—ã–π üëç\n–ö–æ–º–º–µ–Ω—Ç–∞—Ä–∏–π: –°–ø–∞—Å–∏–±–æ üå∑",2025-03-04,5,64,0,1
\n—á–µ—Ä–Ω—ã–π\n–î–æ—Å—Ç–æ–∏–Ω—Å—Ç–≤–∞: ,2025-03-02,5,20,0,1
\n—á–µ—Ä–Ω—ã–π,2025-03-01,1,7,1,1
\n—á–µ—Ä–Ω—ã–π\n–ù–µ–¥–æ—Å—Ç–∞—Ç–∫–∏: ,2025-03-01,1,19,0,1
\n–î–æ—Å—Ç–æ–∏–Ω—Å—Ç–≤–∞: –í—Å–µ –æ—Ç–ª–∏—á–Ω—Ä,2025-02-28,5,24,0,1
"\n–î–æ—Å—Ç–æ–∏–Ω—Å—Ç–≤–∞: –°–æ–±—Ä–∞–ª–∞ —Å–∞–º–∞ –∑–∞ 10 –º–∏–Ω—É—Ç. –û—Ç–ª–∏—á–Ω—ã–π —Å—Ç—É–ª,  —Ç–æ —á—Ç–æ –Ω–∞–¥–æ! –ò –º—è–≥–∫–∏–π –∏ —É–¥–æ–±–Ω—ã–π. –°–ø–∞—Å–∏–±–æ –±–æ–ª—å—à–æ–µ. –î–æ—Å—Ç–∞–≤–∫–∞ –±—ã—Å—Ç—Ä–∞—è. –†–µ–∫–æ–º–µ–Ω–¥—É—é",2025-02-27,5,133,1,1
"\n–î–æ—Å—Ç–æ–∏–Ω—Å—Ç–≤–∞: –ü—Ä–æ—Å—Ç–æ –≤–∞—É\n–ö–æ–º–º–µ–Ω—Ç–∞—Ä–∏–π: –°—É–ø–µ—Ä , –ø—Ä–∏—à–ª–æ –≤—Å–µ –≤ —Ü–µ–ª–æ—Å—Ç–∏ , —Å –Ω–µ–ø—Ä–∏–≤—ã—á–∫–∏ —Å–µ–¥–ª–æ –±–æ–ª–∏—Ç üòÅ–∞ —Å–ø–∏–Ω–∞ –Ω–µ—Ç",2025-02-27,5,104,0,1
\n—á–µ—Ä–Ω—ã–π\n–î–æ—Å—Ç–æ–∏–Ω—Å—Ç–≤–∞: \n–ù–µ–¥–æ—Å—Ç–∞—Ç–∫–∏: ,2025-02-25,5,32,1,1
\n–î–æ—Å—Ç–æ–∏–Ω—Å—Ç–≤–∞: –°—Ç—É–ª –ø—Ä–æ—Å—Ç–æ –æ—Ç–ª–∏—á–Ω—ã–π\n–ù–µ–¥–æ—Å—Ç–∞—Ç–∫–∏: –ù–µ—Ç –Ω–∏–∫–∞–∫–∏—Ö –º–∏–Ω—É—Å–æ–≤\n–ö–æ–º–º–µ–Ω—Ç–∞—Ä–∏–π: –°–±–æ—Ä–∫–∞ –ø—Ä–æ—Å—Ç–∞ –∏ –ø–æ–Ω—è—Ç–Ω–∞ . –í—Å–µ –¥–µ—Ç–∞–ª–∏ –Ω–∞ –º–µ—Å—Ç–µ. –°–æ–≤–µ—Ç—É—é üëå,2025-02-25,5,133,0,1
\n—á–µ—Ä–Ω—ã–π\n–î–æ—Å—Ç–æ–∏–Ω—Å—Ç–≤–∞: \n–ù–µ–¥–æ—Å—Ç–∞—Ç–∫–∏: \n–ö–æ–º–º–µ–Ω—Ç–∞—Ä–∏–π: ,2025-02-22,1,45,1,1
"\n–î–æ—Å—Ç–æ–∏–Ω—Å—Ç–≤–∞: –õ—ë–≥–∫–∞—è —Å–±–æ—Ä–∫–∞. –£–¥–æ–±–Ω–æ. –†–µ–∞–ª—å–Ω–æ —Ä–∞–∑–≥—Ä—É–∂–∞–µ—Ç —Å–ø–∏–Ω—É. –ß–µ—Å—Ç–Ω–æ –≥–æ–≤–æ—Ä—è, –∏–∑-–∑–∞ —Ü–µ–Ω—ã, –¥—É–º–∞–ª–∞, —á—Ç–æ –±—É–¥–µ—Ç —Ö–ª–∏–ø–∫–∏–º. –ù–æ –∫–∞—á–µ—Å—Ç–≤–æ –Ω–æ—Ä–º–∞–ª—å–Ω–æ–µ. –í—Å–µ–º –¥–æ–≤–æ–ª—å–Ω–∞. –ë–ª–∞–≥–æ–¥–∞—Ä—é",2025-02-22,5,164,0,1
"\n–î–æ—Å—Ç–æ–∏–Ω—Å—Ç–≤–∞: –£–¥–æ–±–Ω—ã–π,–ª–µ–≥–∫–æ —Å–æ–±–∏—Ä–∞–µ—Ç—å—Å—è\n–ù–µ–¥–æ—Å—Ç–∞—Ç–∫–∏: –ù–µ–º–Ω–æ–≥–æ –µ—Å—Ç—å –ø–æ—Ç—ë—Ä—Ç–æ—Å—Ç–∏ –Ω–∞ –∫—Ä–µ—Å—Ç–æ–≤–∏–Ω–∞,–Ω–æ –Ω–µ –∫—Ä–∏—Ç–∏—á–Ω–æ",2025-02-21,5,102,1,1
"\n–î–æ—Å—Ç–æ–∏–Ω—Å—Ç–≤–∞: –£–¥–æ–±–Ω—ã–π, –∫–æ–≥–¥–∞ –ø—Ä–∏–Ω–æ—Ä–æ–≤–∏—à—å—Å—è. –ù–µ —Å–∫–∞–∑–∞—Ç—å, —á—Ç–æ –≤–æ–æ–±—â–µ –ø–µ—Ä–µ—Å—Ç–∞–ª–∞ –≥–Ω—É—Ç—å —Å–ø–∏–Ω—É, –Ω–æ –µ–π —Å—Ç–∞–ª–æ –æ–ø—Ä–µ–¥–µ–ª–µ–Ω–Ω–æ –ª–µ–≥—á–µ. –Ø –ø–æ–∫—É–ø–∫–æ–π –¥–æ–≤–æ–ª—å–Ω–∞.",2025-02-21,5,140,0,1
\n—á–µ—Ä–Ω—ã–π\n–î–æ—Å—Ç–æ–∏–Ω—Å—Ç–≤–∞: ,2025-02-20,5,20,0,1
\n—á–µ—Ä–Ω—ã–π\n–î–æ—Å—Ç–æ–∏–Ω—Å—Ç–≤–∞: \n–ù–µ–¥–æ—Å—Ç–∞—Ç–∫–∏: ,2025-02-19,3,32,1,1
\n—á–µ—Ä–Ω—ã–π\n–î–æ—Å—Ç–æ–∏–Ω—Å—Ç–≤–∞: \n–ù–µ–¥–æ—Å—Ç–∞—Ç–∫–∏: \n–ö–æ–º–º–µ–Ω—Ç–∞—Ä–∏–π: ,2025-02-19,2,45,1,1
\n—á–µ—Ä–Ω—ã–π\n–î–æ—Å—Ç–æ–∏–Ω—Å—Ç–≤–∞: \n–ù–µ–¥–æ—Å—Ç–∞—Ç–∫–∏: ,2025-02-18,4,32,0,1
"\n–î–æ—Å—Ç–æ–∏–Ω—Å—Ç–≤–∞: –§–æ—Ä–º–∞ —Å–∏–¥–µ–Ω—å—è, –ø—Ä–æ—á–Ω—ã–π.\n–ù–µ–¥–æ—Å—Ç–∞—Ç–∫–∏: ‚Äî‚Äî\n–ö–æ–º–º–µ–Ω—Ç–∞—Ä–∏–π: –û—á–µ–Ω—å –ø–æ–Ω—Ä–∞–≤–∏–ª—Å—è —Å—Ç—É–ª. –î–æ–≤–æ–ª—å–Ω–æ —Ç–∞–∫–∏ –ø—Ä–æ—á–Ω—ã–π, –Ω–µ—Å–º–æ—Ç—Ä—è –Ω–∞ –Ω–µ–±–æ–ª—å—à—É—é –¥–ª—è —Ç–∞–∫–æ–≥–æ —Å—Ç—É–ª–∞ —Ü–µ–Ω—É. –û—á–µ–Ω—å –ª–µ–≥–∫–æ –ø–µ—Ä–µ–¥–≤–∏–≥–∞–µ—Ç—Å—è –ø–æ –ª–∞–º–∏–Ω–∞—Ç—É. –†–µ–∫–æ–º–µ–Ω–¥—É—é. üëç",2025-02-15,5,206,1,1
"\n–í–º—è—Ç–∏–Ω–∞ (–Ω–∞ —Ñ–æ—Ç–æ –≤–∏–¥–Ω–æ). –°–∫–æ—Ç—á –Ω–∞ –Ω–æ–∂–∫–∞—Ö, —Ö–æ—Ç–µ–ª–æ—Å—å –±—ã –±–æ–ª–µ–µ –∞–∫–∫—É—Ä–∞—Ç–Ω–æ–≥–æ –æ–±—Ä–∞—â–µ–Ω–∏—è, —á—Ç–æ–± –ø–æ–∫—É–ø–∞—Ç–µ–ª—è–º –Ω–µ –ø—Ä–∏—à–ª–æ—Å—å –µ—â—ë –∏ —ç—Ç–∏–º –∑–∞–Ω–∏–º–∞—Ç—å—Å—è. –ù–æ–∂–∫–∏ –ø–ª–∞—Å—Ç–∏–∫–æ–≤—ã–µ, –∫–∞–∫ –≤—Å–µ –∏ –ø–∏—à—É—Ç, –Ω–æ –∫–∞—Ç–∞—é—Ç—Å—è –¥–æ—Å—Ç–∞—Ç–æ—á–Ω–æ –º—è–≥–∫–æ. –ö–æ–ª—ë—Å–∫–∏ –≤—Å–µ –Ω–µ –≤—Å—Ç–∞–≤–ª—è—é—Ç—Å—è –¥–æ –∫–æ–Ω—Ü–∞, –Ω–æ —Å–∏–¥–µ—Ç—å —ç—Ç–æ –Ω–µ –º–µ—à–∞–µ—Ç. –°–∏–¥–µ—Ç—å —Ä–µ–∞–ª—å–Ω–æ –æ—á–µ–Ω—å —É–¥–æ–±–Ω–æ.",2025-02-14,4,292,1,1
\n–î–æ—Å—Ç–æ–∏–Ω—Å—Ç–≤–∞: –ú—è–≥–∫–∏–µ —É–¥–æ–±–Ω—ã–µ\n–ö–æ–º–º–µ–Ω—Ç–∞—Ä–∏–π: üëç,2025-02-13,5,41,0,1
"\n–î–æ—Å—Ç–æ–∏–Ω—Å—Ç–≤–∞: –ë—ã—Å—Ç—Ä–∞—è –∏ –ª–µ–≥–∫–∞—è —Å–±–æ—Ä–∫–∞, –ø–æ–Ω—è—Ç–Ω–∞—è –∏–Ω—Å—Ç—Ä—É–∫—Ü–∏—è.\n–ù–µ–¥–æ—Å—Ç–∞—Ç–∫–∏: –ö–æ–ª–µ—Å–∞ –∫–∞–∫ –∏ —É –≤—Å–µ—Ö –ø–ª–∞—Å—Ç–∏–∫, –≤ –∫–∞—Ä—Ç–æ—á–∫–µ —É–∫–∞–∑–∞–Ω –Ω–µ–π–ª–æ–Ω.\n–ö–æ–º–º–µ–Ω—Ç–∞—Ä–∏–π: –î–æ—Å—Ç–∞–≤–∏–ª–∏ –±—ã—Å—Ç—Ä–æ, –≤–ø–µ—á–∞—Ç–ª–µ–Ω–∏—è –ø–æ–∫–∞ –ø–æ–ª–æ–∂–∏—Ç–µ–ª—å–Ω—ã–µ.",2025-02-11,4,186,1,1
\n—á–µ—Ä–Ω—ã–π\n–î–æ—Å—Ç–æ–∏–Ω—Å—Ç–≤–∞: ,2025-02-11,5,20,0,1
\n–î–ª—è –º–∞—Å—Ç–µ—Ä–∞ –ø–µ—Ä–º–∞–Ω–µ–Ω—Ç–∞ –æ—á–µ–Ω—å —É–¥–æ–±–Ω–æ,2025-02-10,5,36,0,1
\n—á–µ—Ä–Ω—ã–π\n–î–æ—Å—Ç–æ–∏–Ω—Å—Ç–≤–∞: ,2025-02-08,5,20,1,1
\n–î–æ—Å—Ç–æ–∏–Ω—Å—Ç–≤–∞: –í—Å–µ,2025-02-05,5,16,0,1
"\n–î–æ—Å—Ç–æ–∏–Ω—Å—Ç–≤–∞: –ú—è–≥–∫–∏–π, –∫–∞—á–µ—Å—Ç–≤–µ–Ω–Ω—ã–π —Å—Ç—É–ª\n–ù–µ–¥–æ—Å—Ç–∞—Ç–∫–∏: –ú–Ω–µ –∫–∞–∫ –º–∞—Å—Ç–µ—Ä—É –º–∞–Ω–∏–∫—é—Ä–∞ –∏ –ø–µ–¥–∏–∫—é—Ä–∞ –±—ã–ª–æ –Ω–µ —É–¥–æ–±–Ω–æ, –º–æ–∂–µ—Ç —Å –Ω–µ–ø—Ä–∏–≤—ã—á–∫–∏\n–ö–æ–º–º–µ–Ω—Ç–∞—Ä–∏–π: –†–µ–∫–æ–º–µ–Ω–¥—É—é, –∫—Ç–æ –∏–º–µ–Ω–Ω–æ —Ö–æ—á–µ—Ç —Å—Ç—É–ª —Å–µ–¥–ª–æ, —è –ª–∏—á–Ω–æ —Å–∞–º–∞ –Ω–µ –∑–Ω–∞–ª–∞, —á—Ç–æ —Ö–æ—á—É))",2025-02-05,5,207,0,1
\n—á–µ—Ä–Ω—ã–π,2025-02-03,5,7,0,1
"\n–ù–∏–∫–∞–∫ –Ω–µ —Å–º–æ–≥–ª–∞ –∫ –Ω–µ–º—É –ø—Ä–∏—Å–ø–æ—Å–æ–±–∏—Ç—å—Å—è,2 –º–µ—Å –ø—ã—Ç–∞–ª–∞—Å—å,–∏ –ø–æ –Ω–µ–º–Ω–æ–∂–∫—É —Å–∏–¥–µ–ª–∞,–Ω–µ ,–±–µ—Å–ø–æ–ª–µ–∑–Ω–æ!–û—Ç —ç—Ç–æ–≥–æ —Å–µ–¥–ª–∞,—É –º–µ–Ω—è —Ç–∞–∫"" —Å–µ–¥–ª–æ"" –±–æ–ª–∏—Ç,—á—Ç–æ —É–∂–µ –º–µ–Ω—è –Ω–∞ –Ω–µ–≥–æ —Å–µ—Å—Ç—å –Ω–∏–∫—Ç–æ –Ω–µ –∑–∞—Å—Ç–∞–≤–∏—Ç.",2025-02-03,3,175,0,1
\n—á–µ—Ä–Ω—ã–π,2025-02-02,1,7,0,1
\n—á–µ—Ä–Ω—ã–π\n–î–æ—Å—Ç–æ–∏–Ω—Å—Ç–≤–∞: ,2025-02-02,5,20,0,1
\n—á–µ—Ä–Ω—ã–π\n–î–æ—Å—Ç–æ–∏–Ω—Å—Ç–≤–∞: \n–ù–µ–¥–æ—Å—Ç–∞—Ç–∫–∏: ,2025-01-31,5,32,1,1
—á–µ—Ä–Ω—ã–π\n–ù–µ–¥–æ—Å—Ç–∞—Ç–∫–∏: \n–ö–æ–º–º–µ–Ω—Ç–∞—Ä–∏–π: ,2025-01-31,5,31,0,1
"\n–î–æ—Å—Ç–æ–∏–Ω—Å—Ç–≤–∞: –í—Å—ë –ø–æ–Ω—Ä–∞–≤–∏–ª–æ—Å—å. –°–æ–±—Ä–∞–ª–∏ –±—ã—Å—Ç—Ä–æ. –ö—Ä–µ–ø–∫–∏–π. –°–µ–¥–ª–æ –¥–æ–≤–æ–ª—å–Ω–æ —Ç–∞–∫–∏ —à–∏—Ä–æ–∫–æ–µ –∏ —É–¥–æ–±–Ω–æ–µ. –•–æ—Ç—è –≤—Å—ë —Ä–∞–≤–Ω–æ –∫ –Ω–µ–º—É –Ω–∞–¥–æ –ø—Ä–∏–≤—ã–∫–Ω—É—Ç—å. –ù–æ –∏–º–µ–Ω–Ω–æ –∏–∑-–∑–∞ —Å–µ–¥–ª–∞ —Ü–µ–Ω—Ç—Ä —Ç—è–∂–µ—Å—Ç–∏ –Ω–∞ —Å—Ç—É–ª–µ –∏–º–µ–Ω–Ω–æ –ø–æ—Å–µ—Ä–µ–¥–∏–Ω–µ, —á—Ç–æ —É–≤–µ–ª–∏—á–∏–≤–∞–µ—Ç –Ω–∞–¥—ë–∂–Ω–æ—Å—Ç—å. –ú–µ—Ç–∞–ª–ª–∏—á–µ—Å–∫–∏–µ –Ω–æ–≥–∏ –º–æ—â–Ω—ã–µ. –ü–æ–¥—ä—ë–º–Ω—ã–π –º–µ—Ö–∞–Ω–∏–∑–º —Ç–æ–∂–µ –æ–µ–≥–∫–æ —Å–ø—Ä–∞–≤–ª—è–µ—Ç—Å—è —Å –º–æ–∏–º –≤–µ—Å–æ–º.\n–ù–µ–¥–æ—Å—Ç–∞—Ç–∫–∏: –ù–µ–º–Ω–æ–≥–æ –∑–∞–±–ª—É–¥–∏–ª—Å—è –≤ –ø—É—Ç–∏ –∏ –ø—Ä–∏—à—ë–ª  –Ω–∞ 2 –¥–Ω—è –ø–æ–∑–∂–µ –∑–∞—è–≤–ª–µ–Ω–Ω–æ–≥–æ —Å—Ä–æ–∫–∞. –ù–æ –≤—Å—ë —Ä–∞–≤–Ω–æ —ç—Ç–æ –±—ã—Å—Ç—Ä–æ.\n–ö–æ–º–º–µ–Ω—Ç–∞—Ä–∏–π: –û—á–µ–Ω—å –¥–æ–≤–æ–ª—å–Ω–∞ –ø–æ–∫—É–ø–∫–æ–π. –†–∞–±–æ—Ç–∞—Ç—å –Ω–∞ –Ω—ë–º —É–¥–æ–±–Ω–æ. –°–ø–∞—Å–∏–±–æ.",2025-01-30,5,483,1,1
\n—á–µ—Ä–Ω—ã–π\n–î–æ—Å—Ç–æ–∏–Ω—Å—Ç–≤–∞: \n–ù–µ–¥–æ—Å—Ç–∞—Ç–∫–∏: ,2025-01-29,5,32,1,1
"\n–ù–µ–¥–æ—Å—Ç–∞—Ç–∫–∏: –ó–¥—Ä–∞–≤—Å—Ç–≤—É–π—Ç–µ!–ö–æ–ª–µ—Å–∞ –ø–ª–∞—Å—Ç–º–∞—Å—Å–æ–≤—ã–µ,–≤–º–µ—Å—Ç–æ –Ω–µ–π–ª–æ–Ω–æ–≤—ã—Ö.–ö—Ä–µ—Å—Ç–æ–≤–∏–Ω–∞ –≤—Å—è –≤ —Ü–∞—Ä–∞–ø–∏–Ω–∞—Ö!",2025-01-29,1,91,1,1
"\n–î–æ—Å—Ç–æ–∏–Ω—Å—Ç–≤–∞: –ó–∞–ø—Ä–µ–¥–µ–ª—å–Ω–æ —É–¥–æ–±–Ω–æ. –Ø –ø–æ—Ä—Ç–Ω–∏—Ö–∞, –ø–æ 6 —á–∞—Å–æ–≤ –∑–∞ –º–∞—à–∏–Ω–∫–æ–π. –ú–æ—è –ø—è—Ç–∞—è —Ç–æ—á–∫–∞ –æ—á–µ–Ω—å –ø—Ä–∏–∑–Ω–∞—Ç–µ–ª—å–Ω–∞ –∑–∞ —Ç–∞–∫—É—é –º–µ–±–µ–ª—å!!!!\n–ö–æ–º–º–µ–Ω—Ç–∞—Ä–∏–π: –°–æ–∂–∞–ª–µ—é, —á—Ç–æ –Ω–µ –Ω–∞—à–ª–∞ —Ç–∞–∫–æ–µ –ª–µ—Ç –¥–µ—Å—è—Ç—å –Ω–∞–∑–∞–¥.\n–¢–∞–±—É—Ä–µ—Ç –∑–∞ 3500 –Ω–∏—á–µ–º –Ω–µ –æ—Ç–ª–∏—á–∞–µ—Ç—Å—è –æ—Ç —Ç–∞–±—É—Ä–µ—Ç –∑–∞ 12–∫\n–ö–∞—á–µ—Å—Ç–≤–æ –æ—Ç–º–µ–Ω–Ω–æ–µ, –º–µ—Å—è—Ü —Ç–µ—Å—Ç–∏—Ä–æ–≤–∫–∏ –ø—Ä–∏ –≤–µ—Å–µ 100–∫–≥\n–†–µ–∫–æ–º–µ–Ω–¥—É—é,–æ–¥–Ω–æ–∑–Ω–∞—á–Ω–æ",2025-01-28,5,308,0,1
\n–î–æ—Å—Ç–æ–∏–Ω—Å—Ç–≤–∞: –ß—ë—Ç–∫–∏–π —Å—Ç—É–ª,2025-01-28,5,24,0,1
\n—á–µ—Ä–Ω—ã–π\n–ù–µ–¥–æ—Å—Ç–∞—Ç–∫–∏: \n–ö–æ–º–º–µ–Ω—Ç–∞—Ä–∏–π: ,2025-01-27,4,32,0,1
\n—á–µ—Ä–Ω—ã–π\n–î–æ—Å—Ç–æ–∏–Ω—Å—Ç–≤–∞: ,2025-01-26,5,20,0,1
"\n–ù–µ–¥–æ—Å—Ç–∞—Ç–∫–∏: –ö–∞—á–µ—Å—Ç–≤–æ –ø–ª–æ—Ö–æ–µ.\n–ö–æ–º–º–µ–Ω—Ç–∞—Ä–∏–π: –ö–∞—á–µ—Å—Ç–≤–æ –∂—É—Ç—å, —Å—Ä–∞–∑—É –Ω–∞ –ü–í–ó –æ—Ü–µ–Ω–∏—Ç—å –Ω–µ–≤–æ–∑–º–æ–∂–Ω–æ, —Ç–∞–∫ –∫–∞–∫ —Ç–æ–≤–∞—Ä –≤ —Ä–∞–∑–æ–±—Ä–∞–Ω–Ω–æ–º –≤–∏–¥–µ. –í –ø—Ä–æ—Ü–µ—Å—Å–µ —Å–±–æ—Ä–∫–∏ –≤–∏–¥–Ω–æ, —á—Ç–æ –≤—Å–µ –Ω–µ–Ω–∞–¥–µ–∂–Ω–æ! –ï—â—ë –∏ —Ä–∞—Å—Å–º–∞—Ç—Ä–∏–≤–∞–ª–∏ –∑–∞—è–≤–∫—É –Ω–∞ –≤–æ–∑–≤—Ä–∞—Ç 10 –¥–Ω–µ–π —Ä–æ–≤–Ω–æ! –°–æ–æ—Ç–≤–µ—Ç—Å—Ç–≤–µ–Ω–Ω–æ –¥–µ–Ω—å–≥–∏ –≤–µ—Ä–Ω—É–ª–∏ –ø–æ—á—Ç–∏ —á–µ—Ä–µ–∑ 2 –Ω–µ–¥–µ–ª–∏!",2025-01-26,1,271,0,1
"\n–í—Å–µ –∂–µ —Ä–∞–¥–∞ —á—Ç–æ –≤—ã–±—Ä–∞–ª–∞ —ç—Ç–æ—Ç —Å—Ç—É–ª, —Ä–∞–±–æ—Ç–∞—Ç—å –ª–µ–≥–∫–æ –∏ –≥–ª–∞–≤–Ω–æ–µ –¥–ª—è –∑–¥–æ—Ä–æ–≤—å—è –º–æ–µ–≥–æ –æ–Ω —É–¥–æ–±–µ–Ω, —Å–æ–≤–µ—Ç—É—é –ø—Ä–∏ –≤–∞—Ä–∏–∫–æ–∑–µ üëç",2025-01-25,5,113,0,1
"\n–î–æ—Å—Ç–æ–∏–Ω—Å—Ç–≤–∞: –£–¥–æ–±–Ω–æ\n–ù–µ–¥–æ—Å—Ç–∞—Ç–∫–∏: –í—Å–µ —Ö–æ—Ä–æ—à–æ\n–ö–æ–º–º–µ–Ω—Ç–∞—Ä–∏–π: –°—É–ø—Ä—É–≥–µ –ø–æ–Ω—Ä–∞–≤–∏–ª–æ—Å—å, —è –±—ã –Ω–∞ —Ç–∞–∫–æ–º –Ω–µ —Å–∏–¥–µ–ª–∞",2025-01-24,5,98,0,1
\n—á–µ—Ä–Ω—ã–π,2025-01-24,2,7,0,1
\n–î–æ—Å—Ç–æ–∏–Ω—Å—Ç–≤–∞: –ö–∞—á–µ—Å—Ç–≤–æ —É–∂–∞—Å–Ω–æ–µ!,2025-01-22,1,30,1,1
"\n–î–æ—Å—Ç–æ–∏–Ω—Å—Ç–≤–∞: –û—Ç–ª–∏—á–Ω—ã–π —Å—Ç—É–ª, –æ—á–µ–Ω—å —É–¥–æ–±–Ω–æ, –±—Ä–∞–ª–∞ –¥–ª—è —Ä–∞–±–æ—Ç—ã –∑–∞ –≤—è–∑–∞–ª—å–Ω–æ–π –º–∞—à–∏–Ω–æ–π",2025-01-20,5,79,0,1
\n–î–æ—Å—Ç–æ–∏–Ω—Å—Ç–≤–∞: –í—Å—ë üëçüëèüòÜ,2025-01-20,5,20,0,1
"\n–î–æ—Å—Ç–æ–∏–Ω—Å—Ç–≤–∞: –°—Ç—É–ª –æ–≥–æ–Ω—å! –í –ø–µ—Ä–≤—ã–π –¥–µ–Ω—å —Ä–∞–±–æ—Ç—ã –ø—Ä–∏–Ω—è–ª–∞ —à–µ—Å—Ç—å –∫–ª–∏–µ–Ω—Ç–æ–∫. –ù–∞ –∫–∞–∂–¥—É –¥–≤–∞ —á–∞—Å–∞ –∏ –º–µ–∂–¥—É –Ω–∏–º–∏ –ø–µ—Ä–µ—Ä—Ä—ã–≤ 20-30 –º–∏–Ω—É—Ç, —Å–ø–∏–Ω–∞ –Ω–µ —É—Å—Ç–∞–≤–∞–ª–∞. –°–±–æ—Ä–∫–∞ –ª–µ–≥–∫–∞—è, –ø–æ–Ω—è—Ç–Ω–∞—è –∏ –±—ã—Å—Ç—Ä–∞—è. –ï—â–µ –±–æ–Ω—É—Å–æ–º, —Å—Ç—É–ª –¥–æ—Å—Ç–∞—Ç–æ—á–Ω–æ –≤—ã—Å–æ–∫–æ –ø–æ–¥–Ω–∏–º–∞–µ—Ç—Å—è. –í—Å–µ —Ü–µ–ª–æ–µ, —Å–ø–∞—Å–∏–±–æ!",2025-01-18,5,245,1,1
\n–î–æ—Å—Ç–æ–∏–Ω—Å—Ç–≤–∞: –û—Ç–ª–∏—á–Ω—ã–π —Å—Ç—É–ª.  –í—ã–¥–µ—Ä–∂–∏–≤–∞–µ—Ç –±–æ–ª—å—à–µ 150–∫–≥,2025-01-17,5,53,0,1
—á–µ—Ä–Ω—ã–π,2025-01-16,5,6,1,1
"\n–î–æ—Å—Ç–æ–∏–Ω—Å—Ç–≤–∞: –°—Ç—É–ª —Ö–æ—Ä–æ—à–∏–π, –∫–∞–∫ –¥–æ–ª–≥–æ –ø—Ä–æ—Å–ª—É–∂–∏—Ç –ø–æ—Å–º–æ—Ç—Ä–∏–º\n–ù–µ–¥–æ—Å—Ç–∞—Ç–∫–∏: –ù–µ–º–Ω–æ–≥–æ –ø–æ—à–∞—Ç—ã–≤–∞–µ—Ç—Å—è —Å–ø–∏–Ω–∫–∞ –Ω–æ –Ω–µ –∫—Ä–∏—Ç–∏—á–Ω–æ",2025-01-14,5,110,1,1
"\n–î–æ—Å—Ç–æ–∏–Ω—Å—Ç–≤–∞: –ò—Ö –Ω–µ—Ç!\n–ù–µ–¥–æ—Å—Ç–∞—Ç–∫–∏: –°—Ç—É–ª- –¥–µ—à–º–∞–Ω,–æ–±–∏–≤–∫–∞ –¥–µ—à–µ–≤—ã–π –∫–æ–∂–∑–∞–º ,–Ω–µ —É–¥–æ–±–Ω—ã–π,—Å–∏–¥—É—à–∫–∞ –º–µ–∂–¥—É –Ω–æ–≥ –¥–∞–≤–∏—Ç —Ç–∞–∫ ,—á—Ç–æ –±—É–¥-—Ç–æ —Ç—ã –Ω–∞ –∑–∞–±–æ—Ä–µ –ø–æ–≤–∏—Å–ª–∞.–°–ø–∏–Ω–∫–∞ –µ–ª–µ –≤–∏—Å–∏—Ç,–Ω–∏–∫–∞–∫–æ–π –æ–ø–æ—Ä—ã.–ù–∞ –≤—Ç–æ—Ä–æ–π –¥–µ–Ω—å —Å—Ç–∞–ª–∞ –≤—ã–ø–∏—Ä–∞—Ç—å –ø–æ–¥–∫–ª–∞–¥–∫–∞ —Å–ø–µ—Ä–µ–¥–∏.–í–æ–æ–±—â–µ–º –¥–ª—è —Ä–∞–±–æ—Ç—ã(–º–∞—Å—Ç–µ—Ä–∞ –º–∞–Ω–∏–∫—é—Ä–∞)–Ω–µ –ø–æ–¥—Ö–æ–¥–∏—Ç –≤–æ–æ–±—â–µ..–ò –∫–∞—á–µ—Å—Ç–≤–æ –æ—á–µ–Ω—å —Ö–ª–∏–ø–∫–æ–µ.–õ–∏–±–æ –ø–æ–ø–∞ –¥–æ–ª–∂–Ω–∞ –±—ã—Ç—å —Å –∫—É–ª–∞—á–æ–∫!–í–æ–∑–≤—Ä–∞—Ç.",2025-01-14,1,340,1,1
"\n–ù–µ–¥–æ—Å—Ç–∞—Ç–∫–∏: –î–µ—Ñ–µ–∫—Ç–æ–≤ –Ω–µ –Ω–∞—à–ª–∞, –∫–∞—á–µ—Å—Ç–≤–æ –Ω–∞ —Ç—Ä–æ–µ—á–∫—É –º–∞—Ç–µ—Ä–∏–∞–ª –Ω–∞ —Å–∏–¥—É—à–∫–∏ —É–∂ –æ—á–µ–Ω—å –Ω–µ–ø—Ä–æ—á–Ω—ã–π –º—è–≥–∫–∏–π, –Ω–æ –ø—Ä–æ–±–ª–µ–º–∞ –Ω–µ –≤ —ç—Ç–æ–º, —Ñ–æ—Ä–º–∞ —Å–∏–¥–µ–Ω–∏—è —Ç–∞–∫–æ–≤–∞ —á—Ç–æ –∏–∑–≤–∏–Ω–∏—Ç–µ –Ω–µ –Ω–∞ –∫–∞–∂–¥—É—é –ø–æ–ø—É, –ø–æ—Å–ª–µ –æ–±—Å–ª—É–∂–∏–≤–∞–Ω–∏—è –¥–≤—É—Ö –∫–ª–∏–µ–Ω—Ç–æ–≤ —è –µ–≥–æ –±—É–∫–≤–∞–ª—å–Ω–æ–º —Å–º—ã—Å–ª–µ –≤—ã–∫–∏–Ω—É–ª–∞ –∏–∑-–ø–æ–¥ —Å–µ–±—è, –Ω–µ —Å–æ–≤–µ—Ç—É—é –ø–æ–ø—Ä–æ–±—É–π—Ç–µ –≥–¥–µ-–Ω–∏–±—É–¥—å –ø–æ—Å–∏–¥–µ—Ç—å –Ω–∞ –ø–æ–¥–æ–±–Ω–æ–º —Å—Ç—É–ª–µ, –Ω–æ —è —Ç–∞–∫ –¥—É–º–∞—é —á—Ç–æ –∑–¥–µ—Å—å —Ñ–æ—Ä–º–∞ —Å–∞–º–æ–≥–æ —Å–µ–¥–ª–∞ –Ω–µ–ø—Ä–∞–≤–∏–ª—å–Ω–∞—è —Å–ø–∏–Ω–∞ —Å–æ–≤—Å–µ–º –Ω–µ –æ—Ç–¥—ã—Ö–∞–µ—Ç, –æ—â—É—â–µ–Ω–∏–µ –±—É–¥—Ç–æ —Å–∏–¥–∏—à—å –Ω–∞ —Ç—Ä—É–±–µ –æ–±–º–æ—Ç–∞–Ω—ã —Ç—Ä—è–ø–∫–∞–º–∏ –∏ –ø—ã—Ç–∞–µ—à—å—Å—è —É–¥–µ—Ä–∂–∞—Ç—å—Å—è. –ü—Ä–µ–∂–¥–µ —á–µ–º –ø–æ–∫—É–ø–∞—Ç—å —ç—Ç–æ—Ç —Å—Ç—É–ª –ø–æ–¥—É–º–∞–π—Ç–µ. –Ø –≤–æ—Ç –ø–æ–∂–∞–ª–µ–ª–∞ –¥–µ–Ω—å–≥–∏ —É–∂–µ",2025-01-13,3,536,1,1
"\n–î–æ—Å—Ç–æ–∏–Ω—Å—Ç–≤–∞: –ü—Ä–∏—à–ª–æ –≤—Å—ë —É–∫–æ–º–ø–ª–µ–∫—Ç–æ–≤–∞–Ω–Ω–æ–µ, –ø—Ä–æ–≤–µ—Ä–∏–ª–∞ –Ω–∞ –º–µ—Å—Ç–µ –≤—ã–¥–∞—á–∏, –∫–æ–ª–µ—Å–∏–∫–∏ —Ç—É–≥–æ –≤—Å—Ç–∞–≤–ª—è–ª–∏—Å—å –ø–æ–º–æ–≥–ª–∞ –≤–¥-—à–∫–∞. –ö–∞—Ç–∞–µ—Ç—Å—è –Ω–∞ –æ—Ç–ª–∏—á–Ω–æ, —Å–∏–¥–µ—Ç—å —É–¥–æ–±–Ω–æ, —Å–ø–∏–Ω–µ –ª–µ–≥—á–µ üëçüèªüíû",2025-01-11,5,162,0,1
"\n–î–æ—Å—Ç–æ–∏–Ω—Å—Ç–≤–∞: –ù–µ–±–æ–ª—å—à–æ–π, —É–¥–æ–±–Ω—ã–π\n–ù–µ–¥–æ—Å—Ç–∞—Ç–∫–∏: –ù–µ—Ç\n–ö–æ–º–º–µ–Ω—Ç–∞—Ä–∏–π: –£–¥–æ–±–Ω—ã–π —Å—Ç—É–ª –º–Ω–µ –æ—á–µ–Ω—å –ø–æ–Ω—Ä–∞–≤–∏–ª—Å—è, —Å–∏–¥–µ—Ç—å –ø—Ä–æ—Å—Ç–æ –º–æ–∂–Ω–æ —á–∞—Å–∞–º–∏. –î–ª—è –Ω–µ–±–æ–ª—å—à–æ–≥–æ –∫–∞–±–∏–Ω–µ—Ç–∞ –ø–æ–¥–æ—à–µ–ª –∏–¥–µ–∞–ª—å–Ω–æ. Ôøº",2025-01-10,5,165,1,1
"\n–°—Ç—É–ª –∑–∞–±—Ä–∞–ª–∞, –Ω–µ —Å–º–æ—Ç—Ä—è –Ω–∞ –ø–∞—Ä—É –Ω–µ–¥–æ—Å—Ç–∞—Ç–∫–æ–≤, –ø–æ —Å–∏–¥–µ–ª–∞ –∑–∞ –∫–æ–º–ø—å—é—Ç–µ—Ä–æ–º 30 –º–∏–Ω—É—Ç –∏ –Ω–µ –æ—â—É—Ç–∏–ª–∞ –±–æ–ª–∏ –≤ —Å–ø–∏–Ω–µ, –±—Ä–∞–ª–∞ –¥–ª—è —Ä–∞–±–æ—Ç—ã –∑–∞ –≤—è–∑–∞–ª—å–Ω–æ–π –º–∞—à–∏–Ω–æ–π. –ú–Ω–µ –ø–æ–Ω—Ä–∞–≤–∏–ª–æ—Å—å.",2025-01-10,4,162,1,1
\n–î–æ—Å—Ç–æ–∏–Ω—Å—Ç–≤–∞: –£–¥–æ–±–Ω—ã–π,2025-01-10,5,20,0,1
\n–î–æ—Å—Ç–æ–∏–Ω—Å—Ç–≤–∞: –ú–æ—è —Å–ø–∏–Ω–∞ –∏ —à–µ—è —Å–∫–∞–∑–∞–ª–∞ —Å–ø–∞—Å–∏–±–æ\n–ù–µ–¥–æ—Å—Ç–∞—Ç–∫–∏: –ù–µ—Ç,2025-01-07,5,59,0,1
"\n–î–æ—Å—Ç–æ–∏–Ω—Å—Ç–≤–∞: –°–ø—É—Å—Ç—è –º–µ—Å—è—Ü –Ω–µ –µ–∂–µ–¥–Ω–µ–≤–Ω–æ–≥–æ —Å–∏–¥–µ–Ω–∏—è, –∞ —Ä–∞–∑ –≤ –Ω–µ–¥–µ–ª—é –∏–º –ø–æ–ª—å–∑—É–µ–º—Å—è. –ü—Ä–æ–±—Ä–∞–ª—Å—è –º–∞—Ç–µ—Ä–∏–∞–ª.",2025-01-06,1,99,1,1
"\n–í—Å—ë —Ä–∞–±–æ—Ç–∞–µ—Ç, —Å–æ–±—Ä–∞–ª –±—ã—Å—Ç—Ä–æ.",2025-01-03,5,29,1,1
"\n–î–æ—Å—Ç–æ–∏–Ω—Å—Ç–≤–∞: –û—Ç–ª–∏—á–Ω—ã–π —Å—Ç—É–ª! –£–¥–æ–±–Ω—ã–π, –∫—Ä–∞—Å–∏–≤—ã–π, –ª–µ–≥–∫–æ —Å–æ–±–∏—Ä–∞–µ–º—ã–π, —Å—Ç–∏–ª—å–Ω—ã–π, –∫—Ä–µ–ø–∫–∏–π\n–ù–µ–¥–æ—Å—Ç–∞—Ç–∫–∏: –ù–µ—Ç\n–ö–æ–º–º–µ–Ω—Ç–∞—Ä–∏–π: –≠—Ç–æ –º–æ–µ –ª—É—á—à–µ–µ –ø—Ä–∏–æ–±—Ä–µ—Ç–µ–Ω–∏–µ –≤ –Ω–æ–≤–æ–º –≥–æ–¥—É! –°—Ç—É–ª –ø—Ä–æ—Å—Ç–æ –±–æ–º–±–æ–≤—ã–π! –ò —Ü–µ–Ω–∞ –ø—Ä–æ—Å—Ç–æ —Å–∫–∞–∑–æ—á–Ω–∞—è. –°–ø–∞—Å–∏–±–æ –ø—Ä–æ–¥–∞–≤—Ü—É –∑–∞ –∫–∞—á–µ—Å—Ç–≤–µ–Ω–Ω—ã–π —Ç–æ–≤–∞—Ä!",2025-01-03,5,238,1,1
"–î–æ—Å—Ç–æ–∏–Ω—Å—Ç–≤–∞: –°–±—ã–ª–∞—Å—å –º–µ—á—Ç–∞, –ø—Ä—è–º–æ –∫–∞–∫ –¥–ª—è –º–µ–Ω—è —Å–¥–µ–ª–∞–Ω",2025-01-02,5,52,0,1
"\n–í—ã—Å–æ—Ç—ã –≥–∞–∑–ª–∏—Ñ—Ç–∞ –¥–æ—Å—Ç–∞—Ç–æ—á–Ω–æ. –ù–æ —Å–∞–º –≥–∞–∑–ª–∏—Ñ—Ç —Å–ª–∞–±—ã–π, –≤–µ—Å 120 –∫–≥ –Ω–µ –¥–µ—Ä–∂–∏—Ç, —Å–¥—É–≤–∞–µ—Ç—Å—è",2025-01-02,5,83,0,1
"\n–ù–µ –ø–æ–Ω—Ä–∞–≤–∏–ª—Å—è —Å—Ç—É–ª, –Ω–µ —Ç–∞–∫–æ–π —Ö–æ—Ç–µ–ª–∞.",2024-12-31,3,37,1,1
"\n–ù–µ–¥–æ—Å—Ç–∞—Ç–∫–∏: –ù–µ —Ç–∞–∫ –¥–∞–≤–Ω–æ –ø–æ–∫—É–ø–∞–ª–∞ —Å—Ç—É–ª—å—è –∑–∞ —Ç–∞–∫–∏–µ –∂–µ –¥–µ–Ω—å–≥–∏ –∏ –æ–Ω–∏ –∫–∞—á–µ—Å—Ç–≤–µ–Ω–Ω–µ–µ, –º–Ω–µ –ª–µ–Ω—å –∏–¥—Ç–∏ —Ä–∞–∑–±–∏—Ä–∞—Ç—å –∏ —Å–¥–∞–≤–∞—Ç—å –Ω–∞–∑–∞–¥, –Ω–æ –∑–∞ —Ç–∞–∫–∏–µ –¥–µ–Ω—å–≥–∏ —è –ª—É—á—à–µ –ø–æ–∫—É–ø–∞–ª–∞",2024-12-30,4,156,0,1
"\n–î–æ—Å—Ç–æ–∏–Ω—Å—Ç–≤–∞: –£–¥–æ–±–Ω—ã–π)\n–ö–æ–º–º–µ–Ω—Ç–∞—Ä–∏–π: –ù–µ–æ–∂–∏–¥–∞–ª–∞, —á—Ç–æ —Ç–∞–∫–æ–π –º—è–≥–∫–∏–π) –ø–æ–Ω—Ä–∞–≤–∏–ª—Å—è) –æ—á–µ–Ω—å –ø–æ–º–æ–≥–∞–µ—Ç –∏–∑–±–∞–≤–∏—Ç—å—Å—è –æ—Ç –ø—Ä–∏–≤—ã—á–∫–∏ —Å–∏–¥–µ—Ç—å –Ω–æ–≥–∞ –Ω–∞ –Ω–æ–≥—É)",2024-12-29,5,133,1,1
"\n–û—Ç–∫–∞–∑, –õ–æ–ø–Ω—É—Ç –ø–ª–∞—Å—Ç–∏–∫, –∂—ë—Å—Ç–∫–∞—è —Å–∏–¥—É—à–∫–∞",2024-12-28,1,39,0,1
"\n–ü—Ä–∏—à–ª–æ –≤—Å—ë —Ö–æ—Ä–æ—à–æ —É–ø–∞–∫–æ–≤–∞–Ω–æ. –°–æ–±—Ä–∞–ª–∏ –±—ã—Å—Ç—Ä–æ, –Ω–æ –ø–æ—Ç—Ä–µ–±–æ–≤–∞–ª–∞—Å—å –º—É–∂—Å–∫–∞—è —Å–∏–ª–∞. –í—Å—ë —Ä–∞–±–æ—Ç–∞–µ—Ç. –ù–∞ —Å–∫–æ–ª—å–∫–æ —É–¥–æ–±–Ω–æ –Ω–µ –∑–Ω–∞—é. –ü–æ—Å–ª–µ –ø–µ—Ä–≤–æ–≥–æ —Ä–∞–∑–∞ –Ω–µ –ø–æ–Ω—è–ª–∞. –ù–æ —Å–∫–∞–∑–∞—Ç—å, —á—Ç–æ –Ω–µ —É–¥–æ–±–Ω–æ –Ω–µ –º–æ–≥—É. –ú–æ–π –±–æ–ª—å—à–æ–π –≤–µ—Å –≤—ã–¥–µ—Ä–∂–∏–≤–∞–µ—Ç.",2024-12-27,5,211,0,1
"\n–î–æ—Å—Ç–æ–∏–Ω—Å—Ç–≤–∞: –ë—ã—Å—Ç—Ä–æ –∏ —É–¥–æ–±–Ω–æ —Å–æ–±–∏—Ä–∞—Ç—å, –∏–Ω—Ç—É–∏—Ç–∏–≤–Ω–æ –ø–æ–Ω—è—Ç–Ω–æ. –í –∫–æ–º–ø–ª–µ–∫—Ç–µ –±—ã–ª–∞ –∏–Ω—Å—Ç—Ä—É–∫—Ü–∏—è, –ª—ë–≥–∫–∏–π –≤ –∏—Å–ø–æ–ª—å–∑–æ–≤–∞–Ω–∏–∏, —Å–æ–±—Ä–∞–ª –∑–∞ 10 –º–∏–Ω—É—Ç\n–ù–µ–¥–æ—Å—Ç–∞—Ç–∫–∏: –ù–µ –Ω–∞—à—ë–ª\n–ö–æ–º–º–µ–Ω—Ç–∞—Ä–∏–π: –û—á–µ–Ω—å –ø—Ä–æ—Å—Ç –≤ –∏—Å–ø–æ–ª—å–∑–æ–≤–∞–Ω–∏–∏, –Ω–∏—á–µ–≥–æ –ª–∏—à–Ω–µ–≥–æ, –≤—Å—ë —Ä–∞–±–æ—Ç–∞–µ—Ç! –í –æ—Ç–∑—ã–≤–∞—Ö –≤–∏–¥–µ–ª –≤–∏–¥–µ–æ, –≥–¥–µ —É –ø–æ–∫—É–ø–∞—Ç–µ–ª—è –Ω–µ —Ä–∞–±–æ—Ç–∞–ª –≤–æ–∑–¥—É—à–Ω—ã–π –ø–æ—Ä—à–µ–Ω—å, —Ç–∞–∫ –≤–æ—Ç —Å–Ω–∏–º–∏—Ç–µ –∫–æ–ª–ø–∞—á–æ–∫!!! –ü—Ä–æ–¥–∞–≤–µ—Ü –≤—Å—ë —Ç—â–∞—Ç–µ–ª—å–Ω–æ —É–ø–∞–∫–æ–≤–∞–ª, –æ—á–µ–Ω—å –≤–ø–µ—á–∞—Ç–ª—ë–Ω —Ö–æ—Ç—å –∏ –¥–∞—Ä–∏–ª –¥–µ–≤—É—à–∫–µ –Ω–∞ –ø—Ä–æ–±—É –Ω–∞ –ù–æ–≤—ã–π –≥–æ–¥, –≤—Å—ë –æ—á–µ–Ω—å –∫–ª–∞—Å—Å–Ω–æ) \n–°–ø–∞—Å–∏–±–æ –ø—Ä–æ–¥–∞–≤—Ü—É —Å –Ω–∞—Å—Ç—É–ø–∞—é—â–∏–º!)\n–ï—â—ë",2024-12-25,5,469,1,1
"\n–î–æ—Å—Ç–æ–∏–Ω—Å—Ç–≤–∞: –Ω–æ—Ä–º,–Ω–æ —Å–ø–∏–Ω–∫–∞ —à–∞—Ç–∞–µ—Ç—Å—è –∞ –µ—â–µ –∫–æ–ª–µ—Å–∏–∫–∏ –ø–ª–æ—Ö–æ –∫—Ä—É—Ç—è—Ç—Å—è",2024-12-24,2,66,0,1
\n–î–æ—Å—Ç–æ–∏–Ω—Å—Ç–≤–∞: –°—Ç—É–ª —à–∏–∫–∞—Ä–Ω—ã–π. –°–æ–±—Ä–∞–ª–∞ –∑–∞ 20 –º–∏–Ω—É—Ç. –í—Å–µ –∫–æ–º–ø–ª–µ–∫—Ç—É—é—â–∏–µ –Ω–∞ –º–µ—Å—Ç–µ. –Ø –≤ –≤–æ—Å—Ç–æ—Ä–≥–µ –æ—Ç —Å—Ç—É–ª–∞. –†–µ–∫–æ–º–µ–Ω–¥—É—é ‚úîÔ∏è,2024-12-23,5,113,1,1
"\n–°–Ω–∞—á–∞–ª–∞ –∫–∞–∂–µ—Ç—Å—è –Ω–µ —É–¥–æ–±–Ω—ã–º, –Ω–æ –ø–æ—Å–ª–µ –Ω–µ—Å–∫–æ–ª—å–∫–∏—Ö –¥–Ω–µ–π –ø—Ä–∏–≤—ã–∫–∞–µ—à—å –∏ –æ—á–µ–Ω—å –¥–∞–∂–µ –∫–æ–º—Ñ–æ—Ç–Ω–æ, –ø—Ä–∏—à–ª–æ –≤—Å–µ —Ü–µ–ª–æ–µ",2024-12-22,5,104,1,1
\n–ù–µ –ø–æ–¥–æ—à–µ–ª,2024-12-21,1,11,0,1
\n–î–æ—Å—Ç–æ–∏–Ω—Å—Ç–≤–∞: –°—Ç—É–ª –æ–≥–æ–Ω—å\n–ù–µ–¥–æ—Å—Ç–∞—Ç–∫–∏: –ù–µ—Ç\n–ö–æ–º–º–µ–Ω—Ç–∞—Ä–∏–π: –õ—é–±–∏–º–æ–π –ø–æ–Ω—Ä–∞–≤–∏–ª–æ—Å—å,2024-12-21,5,70,0,1
\n–î–æ—Å—Ç–æ–∏–Ω—Å—Ç–≤–∞: –°—Ç—É–ª –ø—Ä–æ—Å—Ç–æ –±–æ–º–±–∞üëå\n–ù–µ–¥–æ—Å—Ç–∞—Ç–∫–∏: –ù–µ—Ç,2024-12-20,5,46,0,1
–î–æ—Å—Ç–æ–∏–Ω—Å—Ç–≤–∞: –¢–µ–ø–µ—Ä—å —Å–∞–º—ã–π –ª—é–±–∏–º—ã–π –º–æ–π —Ä–∞–±–æ—á–∏–π —Å—Ç—É–ª !\n–ö–æ–º–º–µ–Ω—Ç–∞—Ä–∏–π: –û—á–µ–Ω—å —Ä–∞–∑–≥—Ä—É–∂–∞–µ—Ç –Ω–æ–≥–∏ –∏ —Å–ø–∏–Ω–∞ —á—É–≤—Å—Ç–≤—É–µ—Ç —Å–µ–±—è –æ—Ç–ª–∏—á–Ω–æ üôå–†–µ–∫–æ–º–µ–Ω–¥—É—é !,2024-12-20,5,130,0,1
\n–î–æ—Å—Ç–æ–∏–Ω—Å—Ç–≤–∞: –°–ø–∏–Ω–∞ —à–µ—è –≤ –Ω–æ—Ä–º–µ\n–ù–µ–¥–æ—Å—Ç–∞—Ç–∫–∏: –û—á–µ–Ω—å –±–æ–ª–∏—Ç –ø—è—Ç–∞—è —Ç–æ—á–∫–∞,2024-12-19,4,65,0,1
"\n–î–æ—Å—Ç–æ–∏–Ω—Å—Ç–≤–∞: –•–æ—Ä–æ—à–µ–µ –∫–∞—á–µ—Å—Ç–≤–æ\n–ù–µ–¥–æ—Å—Ç–∞—Ç–∫–∏: –°–ª–∏—à–∫–æ–º —à–∏—Ä–æ–∫–æ–µ –∫—Ä–µ—Å–ª–æ,–º–µ–∂–¥—É –Ω–æ–≥–∞–º–∏ –Ω–µ—É–¥–æ–±–Ω–æ",2024-12-19,1,85,0,1
"\n–ù–µ–¥–æ—Å—Ç–∞—Ç–∫–∏: –°—Ç—É–ª –ø—Ä–∏—à–µ–ª –±–µ–∑ –≥–∞–∑–ª–∏—Ñ—Ç–∞ –∏ –∫–æ–ª–µ—Å–∏–∫–æ–≤, –ø—Ä–∏—à–ª–æ—Å—å –¥–æ–∫—É–ø–∞—Ç—å —Å–∞–º–æ–π, —Ç.–∫. –Ω–µ –ø—Ä–æ–≤–µ—Ä–∏–ª–∞ –Ω–∞ –ø—É–Ω–∫—Ç–µ –≤—ã–¥–∞—á–∏ –∏ –∑–∞–±—Ä–∞–ª–∞. –ü—Ä–æ–≤–µ—Ä—è–π—Ç–µ –∫–æ–º–ø–ª–µ–∫—Ç–∞—Ü–∏—é –æ–±—è–∑–∞—Ç–µ–ª—å–Ω–æ!",2024-12-18,2,157,0,1
"\n–î–æ—Å—Ç–æ–∏–Ω—Å—Ç–≤–∞: –ö–∞—á–µ—Å—Ç–≤–æ\n–ù–µ–¥–æ—Å—Ç–∞—Ç–∫–∏: –•—É–∂–µ —Å—Ç—É–ª–∞ –Ω–µ—Ç! –û–Ω –∞–Ω–∞—Ç–æ–º–∏—á–µ—Å–∫–∏ —Å–¥–µ–ª–∞–Ω –ù–ï–ü–†–ê–í–ò–õ–¨–ù–û!!! –ü–æ–ª—É—á–∞–µ—Ç—Å—è —Å–∏–¥–∏—à—å –Ω–∞ –∫–æ–ø—á–∏–∫–µ. –ü–æ–≤–µ–ª–∞—Å—å –Ω–∞ –Ω–∏–∑–∫—É—é —Ü–µ–Ω—É , –∞ –æ–Ω –Ω–µ–ø—Ä–∞–≤–∏–ª—å–Ω–æ –∏—Å–ø–æ–ª–Ω–µ–Ω. –ò–º–µ–Ω–Ω–æ —Ñ–æ—Ä–º–∞ ¬´—Å–µ–¥–ª–∞¬ª.",2024-12-17,1,191,0,1
"\n–î–æ—Å—Ç–æ–∏–Ω—Å—Ç–≤–∞: –•–æ—Ä–æ—à–µ–µ –∏ —Ü–µ–Ω–∞ –∏ –∫—Ä–µ—Å–ª–æ\n–ù–µ–¥–æ—Å—Ç–∞—Ç–∫–∏: –ß—É—Ç—å —Ä–∞–∑–æ–±—Ä–∞–ª–∞—Å—å —Å –ø–ª–∞—Å—Ç–º–∞—Å—Å–æ–≤–æ–π –ø—Ä–æ–±–∫–æ–π )) –ß—Ç–æ –Ω–∞–¥–æ –≤—ã—Ç—è–Ω—É—Ç—å –µ–µ . –°—É–Ω—É–ª–∞ —Ç–∞–∫ –ø–æ–∫–∞ —ç—Ç—É –ø—Ä–æ–±–∫—É –Ω–µ —Å–ª–æ–º–∞–ª–∞ . –ê –≤—Å–µ –æ—Ç —Ç–æ–≥–æ , —á—Ç–æ –≤ –∏–Ω—Å—Ç—Ä—É–∫—Ü–∏—é –Ω–µ —Å–º–æ—Ç—Ä–µ–ª–∞ )) —Å—Ä–∞–∑—É üòÅ",2024-12-17,5,210,0,1
"\n–î–æ—Å—Ç–æ–∏–Ω—Å—Ç–≤–∞: –û—á–µ–Ω—å –Ω–∏–∑–∫–∏–π ,–∞ —Ç–∞–∫ –Ω–æ—Ä–º",2024-12-15,4,37,0,1
"\n–î–æ—Å—Ç–æ–∏–Ω—Å—Ç–≤–∞: –°–æ–æ—Ç–≤–µ—Ç—Å—Ç–≤—É–µ—Ç –æ–ø–∏—Å–∞–Ω–∏—é.\n–£–¥–æ–±–Ω—ã–π. –†–µ–∫–æ–º–µ–Ω–¥—É—é.\n–ù–µ–¥–æ—Å—Ç–∞—Ç–∫–∏: –ù–æ–∂–∫–∏ –ø–ª–∞—Å—Ç–∏–∫–æ–≤—ã–µ, –ª–∞–º–∏–Ω–∞—Ç –±—É–¥–µ—Ç —Ü–∞—Ä–∞–ø–∞—Ç—å, –Ω–æ –º–æ–∂–Ω–æ –≤—Å–µ–≥–¥–∞ –∑–∞–º–µ–Ω–∏—Ç—å.",2024-12-09,5,137,1,1
—á–µ—Ä–Ω—ã–π\n–î–æ—Å—Ç–æ–∏–Ω—Å—Ç–≤–∞: \n–ù–µ–¥–æ—Å—Ç–∞—Ç–∫–∏: \n–ö–æ–º–º–µ–Ω—Ç–∞—Ä–∏–π: ,2024-12-08,5,44,1,1
"–î–æ—Å—Ç–æ–∏–Ω—Å—Ç–≤–∞: –û—Ç–ª–∏—á–Ω—ã–π —Å—Ç—É–ª, –≤—Å—ë —É–ø–∞–∫–æ–≤–∞–Ω–æ, –≤—Å–µ –∑–∞–ø—á–∞—Å—Ç–∏ –Ω–∞ –º–µ—Å—Ç–µ. –õ—ë–≥–∫–∏–π –≤ —Å–±–æ—Ä–∫–µ. –°–∞–º–∞ —Å–æ–±—Ä–∞–ª–∞ –∑–∞ 10 –º–∏–Ω. –ù–∞–¥–µ—é—Å—å –Ω–∞ –¥–æ–ª–≥—É—é —Å–ª—É–∂–±—É.",2024-12-08,5,131,0,1
"\n–î–æ—Å—Ç–æ–∏–Ω—Å—Ç–≤–∞: –ú–æ–∂–µ—Ç –±—ã—Ç—å –∫–æ–º—É-—Ç–æ –∏ —É–¥–æ–±–Ω–æ. –ù–æ —É –º–µ–Ω—è –Ω–æ–≥–∏ –∑–∞—Ç–µ–∫–∞—é—Ç.\n–ù–µ–¥–æ—Å—Ç–∞—Ç–∫–∏: –ù–µ —É–¥–æ–±–Ω–æ –Ω–∞ –Ω—ë–º —Å–∏–¥–µ—Ç—å, –∞ —É–∂ —Ç–µ–º-–±–æ–ª–µ–µ —Ä–∞–±–æ—Ç–∞—Ç—å.. –Ø –Ω–µ –∑–Ω–∞—é –∫—Ç–æ –ø–∏—à–µ—Ç —á—Ç–æ —É–¥–æ–±–Ω–æ.\n–ö–æ–º–º–µ–Ω—Ç–∞—Ä–∏–π: ü§∑‚Äç‚ôÄÔ∏èü§∑‚Äç‚ôÄÔ∏è",2024-12-06,3,181,0,1
—á–µ—Ä–Ω—ã–π\n–î–æ—Å—Ç–æ–∏–Ω—Å—Ç–≤–∞: ,2024-12-03,5,19,0,1
—á–µ—Ä–Ω—ã–π\n–î–æ—Å—Ç–æ–∏–Ω—Å—Ç–≤–∞: \n–ù–µ–¥–æ—Å—Ç–∞—Ç–∫–∏: ,2024-12-01,5,31,0,1
"\n–î–æ—Å—Ç–æ–∏–Ω—Å—Ç–≤–∞: –°–∞–º–∞ —Å–∏–¥—É—à–∫–∞ —É–¥–æ–±–Ω–∞—è, –º—è–≥–∫–∞—è –∏ –±–µ–∑ —à–≤–∞ –ø–æ—Å—Ä–µ–¥–∏–Ω–µ.\n–ù–µ–¥–æ—Å—Ç–∞—Ç–∫–∏: –ö—Ä–µ—Å—Ç–æ–≤–∏–Ω–∞ –∏–∑ –ª–æ–º–∫–æ–≥–æ –ø–æ—Ä–æ—à–∫–æ–≤–æ–≥–æ –º–µ—Ç–∞–ª–ª–∞. –ö–æ–ª–µ—Å–∏–∫–∏ –Ω–µ –Ω–µ–π–ª–æ–Ω–æ–≤—ã–µ, –∞ –æ–±—ã—á–Ω—ã–π –¥–µ—à–µ–≤—ã–π –ø–ª–∞—Å—Ç–∏–∫.\n–ö–æ–º–º–µ–Ω—Ç–∞—Ä–∏–π: –í–æ–∑–≤—Ä–∞—Ç.",2024-11-28,3,188,0,1
"\n–î–æ—Å—Ç–æ–∏–Ω—Å—Ç–≤–∞: –°–∏–¥—É—à–∫–∞ –±–µ–∑ —à–≤–æ–≤\n–ù–µ–¥–æ—Å—Ç–∞—Ç–∫–∏: –ö–æ–ª–µ—Å–∞ —Å–∞–º—ã–µ –¥–µ—à–µ–≤—ã–µ –ø–ª–∞—Å—Ç–∏–∫–æ–≤—ã–µ, –∞ –Ω–µ –Ω–µ–π–ª–æ–Ω. –ö—Ä–µ—Å—Ç–æ–≤–∏–Ω–∞ –∏–∑ –ø—Ä–µ—Å—Å–æ–≤–∞–Ω–Ω–æ–≥–æ –ø–æ—Ä–æ—à–∫–æ–≤–æ–≥–æ –º–µ—Ç–∞–ª–ª–∞.–°–≤–∞—Ä–Ω—ã–µ —à–≤—ã –æ—Ç–≤—Ä–∞—Ç–∏—Ç–µ–ª—å–Ω—ã–µ. –ö–æ–ª–µ—Å–∏–∫–∏ –≤—Å—Ç–∞–≤–∏—Ç—å –¥–∞–∂–µ –Ω–µ —Å–º–æ–≥–ª–∞.\n–ö–æ–º–º–µ–Ω—Ç–∞—Ä–∏–π: –ó–∞–∫–∞–∑—ã–≤–∞–ª–∞ –¥–≤–∞ —Å—Ç—É–ª–∞ ( —Å–æ —Å–ø–∏–Ω–∫–æ–π –∏ –±–µ–∑). –ù–µ–¥–æ—Å—Ç–∞—Ç–∫–∏ –≤ –æ–±–æ–∏—Ö —Å–ª—É—á–∞—è—Ö –æ–¥–∏–Ω–∞–∫–æ–≤—ã–µ ( –∫—Ä–µ—Å—Ç–æ–≤–∏–Ω–∞ –∏ –∫–æ–ª–µ—Å–∞) –ì–∞–∑–ª–∏—Ñ—Ç –Ω–µ –ø—Ä–æ–≤–µ—Ä—è–ª–∞. \n–í–æ–∑–≤—Ä–∞—Ç.",2024-11-28,3,344,0,1
—á–µ—Ä–Ω—ã–π\n–î–æ—Å—Ç–æ–∏–Ω—Å—Ç–≤–∞: \n–ù–µ–¥–æ—Å—Ç–∞—Ç–∫–∏: \n–ö–æ–º–º–µ–Ω—Ç–∞—Ä–∏–π: ,2024-11-27,5,44,0,1
"\n–°—Ç—É–ª –æ—á–µ–Ω—å –ø–æ–Ω—Ä–∞–≤–∏–ª—Å—è. –¶–µ–ª—ã–π –¥–µ–Ω—å –ø—Ä–æ—Ä–∞–±–æ—Ç–∞–ª–∞. –°–ø–∏–Ω–∞ –Ω–µ –±–æ–ª–∏—Ç. –û—á–µ–Ω—å —É–¥–æ–±–Ω–æ, –∞ –≥–ª–∞–≤–Ω–æ–µ –ø—Ä–∏ —Ä–∞–±–æ—Ç–µ –Ω–µ —Å—ä–µ–∑–∂–∞—é))) üëç",2024-11-25,5,114,1,1
"\n–ù–µ–¥–æ—Å—Ç–∞—Ç–∫–∏: –û—á–µ–Ω—å –º–∞–ª–µ–Ω—å–∫–æ–µ —Å–∏–¥–µ–Ω—å–µ! –ù–æ–≥–∏ –Ω–∞–≤–µ—Å—É, –Ω–µ—É–¥–æ–±–Ω–æ. –í–æ–∑–≤—Ä–∞—Ç! –ü—Ä–æ—à—É –Ω–µ —É—á–∏—Ç—ã–≤–∞—Ç—å –ø—Ä–æ—Ü–µ–Ω—Ç –≤—ã–∫—É–ø–∞.",2024-11-25,2,103,0,1
"\n–î–æ—Å—Ç–æ–∏–Ω—Å—Ç–≤–∞: –ö—Ä–µ—Å–ª–æ –≤ —Ü–µ–ª–æ–º —Ö–æ—Ä–æ—à–µ–µ, —É–¥–æ–±–Ω–æ–µ. –ù–æ\n–ù–µ–¥–æ—Å—Ç–∞—Ç–∫–∏: –ü—Ä–∏—à–ª–æ —Å –±—Ä–∞–∫–æ–º , –æ–¥–∏–Ω —à—É—Ä—É–ø –±–µ–∑ —Ä–µ–∑—å–±—ã , –∏ —Å–ø–∏–Ω–∫–∞ –¥–µ—Ä–∂–∏—Ç—Å—è –∏–∑–∑–∞ —ç—Ç–æ–≥–æ –Ω–∞ –æ–¥–Ω–æ–º\n–ö–æ–º–º–µ–Ω—Ç–∞—Ä–∏–π: –ñ–∞–ª—å , —á—Ç–æ –ø—Ä–∏—à–ª–æ —Å –±—Ä–∞–∫–æ–º , –µ—Å–ª–∏ –± –Ω–µ —ç—Ç–æ –ø–æ–∫—É–ø–∫–æ–π –±—ã–ª–∞ –±—ã –¥–æ–≤–æ–ª—å–Ω–∞. –ë—É–¥—É –¥—É–º–∞—Ç—å –∫–∞–∫ —Å–¥–µ–ª–∞—Ç—å —Å–ø–∏–Ω–∫—É —á—Ç–æ–± –¥–µ—Ä–∂–∞–ª–∞—Å—å",2024-11-24,2,267,0,1
—á–µ—Ä–Ω—ã–π\n–î–æ—Å—Ç–æ–∏–Ω—Å—Ç–≤–∞: \n–ù–µ–¥–æ—Å—Ç–∞—Ç–∫–∏: ,2024-11-23,5,31,0,1
—á–µ—Ä–Ω—ã–π\n–î–æ—Å—Ç–æ–∏–Ω—Å—Ç–≤–∞: \n–ù–µ–¥–æ—Å—Ç–∞—Ç–∫–∏: ,2024-11-22,5,31,0,1
–ù–µ–¥–æ—Å—Ç–∞—Ç–∫–∏: —Ö–ª–∏–ø–∫–æ–≤–∞—Ç,2024-11-21,4,20,0,1
"\n–î–æ—Å—Ç–æ–∏–Ω—Å—Ç–≤–∞: –û—á–µ–Ω—å —É–¥–æ–±–µ–Ω –¥–ª—è —Å–ø–∏–Ω—ã!\n–ö–æ–º–º–µ–Ω—Ç–∞—Ä–∏–π: –û—Ç–ª–∏—á–Ω—ã–π —Å—Ç—É–ª –º–∞—Å—Ç–µ—Ä–∞,–Ω–æ –∫ —Å–æ–∂–∞–ª–µ–Ω–∏—é –¥–ª—è –ø–∞—Ä–∏–∫–º–∞—Ö–µ—Ä–∞ –Ω–∏–∑–∫–∏–π, –Ω–æ –Ω–∏—á–µ–≥–æ- —Å —É–¥–æ–≤–æ–ª—å—Å—Ç–≤–∏–µ–º –¥–µ–ª–∞—é –Ω–æ–≥–æ—Ç–æ—á–∫–∏,—Å–ø–∏–Ω–∞ –Ω–µ —É—Å—Ç–∞–µ—Ç, –æ—á–µ–Ω—å –∫–æ–º—Ñ–æ—Ä—Ç–Ω–æ.–†–µ–∫–æ–º–µ–Ω–¥—É—é –º–∞—Å—Ç–µ—Ä–∞–º –º–∞–Ω–∏–∫—é—Ä–∞,–ø–µ–¥–∏–∫—é—Ä–∞ ,–≤–∏–∑–∞–∂–∏—Å—Ç–∞–º –∏ –∫–æ—Å–º–µ—Ç–æ–ª–æ–≥–∞–º!",2024-11-19,5,251,1,1
\n–î–æ—Å—Ç–æ–∏–Ω—Å—Ç–≤–∞: –ë—ã—Å—Ç—Ä–∞—è —Å–±–æ—Ä–∫–∞. –£–¥–æ–±–Ω—ã–π üëç,2024-11-19,5,38,0,1
"\n–î–æ—Å—Ç–æ–∏–Ω—Å—Ç–≤–∞: –û—á–µ–Ω—å –¥–æ–≤–æ–ª—å–Ω–∞, —Ö–æ–¥ –ª—ë–≥–∫–∏–π –∏ –≤ —Ä–∞–±–æ—Ç–µ —É–¥–æ–±–Ω–æ!",2024-11-17,5,58,1,1
\n–ù–µ–¥–æ—Å—Ç–∞—Ç–∫–∏: –û—Ç—Å—É—Ç—Å—Ç–≤–æ–≤–∞–ª–∏ –∫–æ–ª–µ—Å–∏–∫–∏,2024-11-17,3,34,0,1
\n—á–µ—Ä–Ω—ã–π\n–ü–µ—Ä–≤–æ–Ω–∞—á–∞–ª—å–Ω—ã–π –æ—Ç–∑—ã–≤,2024-11-16,1,28,0,0
"\n–°–ø–∞—Å–∏–±–æ, –≤—Å–µ —Å—É–ø–µ—Ä!",2024-11-16,5,20,0,1
—á–µ—Ä–Ω—ã–π\n–î–æ—Å—Ç–æ–∏–Ω—Å—Ç–≤–∞: \n–ù–µ–¥–æ—Å—Ç–∞—Ç–∫–∏: ,2024-11-15,5,31,0,1
—á–µ—Ä–Ω—ã–π\n–î–æ—Å—Ç–æ–∏–Ω—Å—Ç–≤–∞: ,2024-11-14,5,19,1,1
\n–ù–µ–¥–æ—Å—Ç–∞—Ç–∫–∏: –ö–æ—Ä–æ–±–∫–∞ –±—ã–ª–∞ –æ—á–µ–Ω—å —Å–∏–ª—å–Ω–æ –ø–æ—Ä–≤–∞–Ω–∞...,2024-11-14,5,48,0,1
\n–î–æ—Å—Ç–æ–∏–Ω—Å—Ç–≤–∞: –°—Ç—É–ª –ø—Ä–∏—à—ë–ª —Ä–∞–Ω—å—à–µ –∑–∞—è–≤–ª–µ–Ω–Ω–æ–≥–æ —Å—Ä–æ–∫–∞- —ç—Ç–æ –ø–ª—é—Å! –ö–æ–º–ø–ª–µ–∫—Ç–∞—Ü–∏—è –ø–æ–ª–Ω–∞—è. –ö–∞—á–µ—Å—Ç–≤–æ –º–∞—Ç–µ—Ä–∏–∞–ª–∞ –Ω–æ—Ä–º–∞–ª—å–Ω–æ–µ.  –°—Ç—É–ª –∑–∞ —Å–≤–æ—é —Ü–µ–Ω—É –æ—á–µ–Ω—å –∫–ª–∞—Å—Å–Ω—ã–π. –°–∞–º–æ —Å–∏–¥–µ–Ω—å–µ –¥–æ—Å—Ç–∞—Ç–æ—á–Ω–æ –±–æ–ª—å—à–æ–µ))))),2024-11-13,5,184,0,1
"\n–î–æ—Å—Ç–æ–∏–Ω—Å—Ç–≤–∞: –õ—ë–≥–∫–∏–π —Ö–æ–¥ –∫–æ–ª–µ—Å–∏–∫–æ–≤. –ù–∏–∑–∫–æ –æ–ø—É—Å–∫–∞–µ—Ç—Å—è. –¢–æ, —á—Ç–æ –∏—Å–∫–∞–ª–∞.",2024-11-12,5,68,1,1
"–î–æ—Å—Ç–æ–∏–Ω—Å—Ç–≤–∞: –ò–Ω—Ç–µ—Ä–µ—Å–Ω—ã–π —Å—Ç—É–ª\n–ù–µ–¥–æ—Å—Ç–∞—Ç–∫–∏: –ù–µ –æ–±–Ω–∞—Ä—É–∂–∏–ª–∞\n–ö–æ–º–º–µ–Ω—Ç–∞—Ä–∏–π: –î–∞ —Å–ø–∏–Ω—É –¥–µ—Ä–∂–∏—à—å –ø—Ä—è–º–æ, –Ω–æ –∏–∑ –Ω–µ–æ–±—ã—á–Ω–æ—Å—Ç–∏ —Å–µ–¥–ª–∞ –æ—á–µ–Ω—å –Ω–µ –ø—Ä–∏–≤—ã—á–Ω–æ.",2024-11-11,5,131,1,1
\n–î–æ—Å—Ç–æ–∏–Ω—Å—Ç–≤–∞: –£–¥–æ–±–Ω–∞—è —Å–µ–¥–ª—É—à–∫–∞. –õ–µ–≥–∫–æ —Å–æ–±–∏—Ä–∞–µ—Ç—Å—è.\n–ù–µ–¥–æ—Å—Ç–∞—Ç–∫–∏: –ù–µ –¥–µ—Ä–∂–∏—Ç—Å—è –±–æ–ª—Ç –∫—Ä–µ–ø–ª–µ–Ω–∏—è,2024-11-11,5,86,0,1
—á–µ—Ä–Ω—ã–π\n–ù–µ–¥–æ—Å—Ç–∞—Ç–∫–∏: ,2024-11-10,2,18,0,1
\n–î–æ—Å—Ç–æ–∏–Ω—Å—Ç–≤–∞: –°–æ–±—Ä–∞–ª–∏ —Å–∞–º–∏. –ü—Ä–∏–≤—ã–∫–Ω—É—Ç—å –Ω–∞–¥–æ –∫ —Å–µ–¥–ª—É. –ö–∞—á–µ—Å—Ç–≤–æ –Ω–∞—Å –ø–æ—Ä–∞–¥–æ–≤–∞–ª–æ.,2024-11-08,5,76,0,1
—á–µ—Ä–Ω—ã–π\n–î–æ—Å—Ç–æ–∏–Ω—Å—Ç–≤–∞: ,2024-11-07,5,19,0,1
—á–µ—Ä–Ω—ã–π\n–î–æ—Å—Ç–æ–∏–Ω—Å—Ç–≤–∞: ,2024-11-06,5,19,0,1
–î–æ—Å—Ç–æ–∏–Ω—Å—Ç–≤–∞: –ù–µ—Ç\n–ù–µ–¥–æ—Å—Ç–∞—Ç–∫–∏: –í –∫–æ–º–ø–ª–µ–∫—Ç–µ –Ω–µ—Ö–≤–∞–µ—Ç –∑–∞–ø—á–∞—Å—Ç–µ–π –¥–ª—è —Å–±–æ—Ä–∫–∏.\n–•–æ—Ä–æ—à–æ –Ω–∞ –ø–≤–∑ –ø—Ä–æ–≤–µ—Ä–∏–ª–∞.,2024-11-05,1,93,0,1
—á–µ—Ä–Ω—ã–π,2024-11-04,5,6,1,1
—á–µ—Ä–Ω—ã–π\n–î–æ—Å—Ç–æ–∏–Ω—Å—Ç–≤–∞: ,2024-11-04,5,19,1,1
—á–µ—Ä–Ω—ã–π\n–î–æ—Å—Ç–æ–∏–Ω—Å—Ç–≤–∞: \n–ù–µ–¥–æ—Å—Ç–∞—Ç–∫–∏: \n–ö–æ–º–º–µ–Ω—Ç–∞—Ä–∏–π: ,2024-11-04,5,44,0,1
"\n–î–æ—Å—Ç–æ–∏–Ω—Å—Ç–≤–∞: –•–æ—Ä–æ—à–∏–π —Å—Ç—É–ª, —É–¥–æ–±–Ω—ã–π,—Å–æ–±—Ä–∞–ª –º—É–∂ –∑–∞ —Ç—Ä–∏ –º–∏–Ω—É—Ç—ã.\n–°–∞–º–æ–µ –≥–ª–∞–≤–Ω–æ–µ,—á—Ç–æ –≤—ã–¥–µ—Ä–∂–∏–≤–∞–µ—Ç –±–æ–ª—å—à–æ–π –≤–µ—Å —ç—Ç–æ –±—ã–ª–æ –≤–∞–∂–Ω–æ –¥–ª—è –º–µ–Ω—è.\n–í—ã—Å–æ—Ç–∞ —Ä–µ–≥—É–ª–∏—Ä—É–µ—Ç—Å—è,–µ–∑–¥–∏—Ç —Ö–æ—Ä–æ—à–æ üëç\n–ù–µ–¥–æ—Å—Ç–∞—Ç–∫–∏: –ù–µ—Ç\n–ö–æ–º–º–µ–Ω—Ç–∞—Ä–∏–π: –•–æ—Ä–æ—à–∏–π —Å—Ç—É–ª –¥–ª—è –º–∞—Å—Ç–µ—Ä–∞",2024-11-03,5,214,0,1
"\n–î–æ—Å—Ç–æ–∏–Ω—Å—Ç–≤–∞: –°—É–ø–µ—Ä, —É–¥–æ–±–Ω—ã–π, —Ç–æ —á—Ç–æ –Ω—É–∂–Ω–æüëç",2024-11-03,5,42,0,1
"\n–î–æ—Å—Ç–æ–∏–Ω—Å—Ç–≤–∞: –ó–∞–º–µ—á–∞—Ç–µ–ª—å–Ω—ã–π —Ç–æ–≤–∞—Ä üëç —Ä–µ–∫–æ–º–µ–Ω–¥—É—é, –º–∏–Ω—É—Å –∫–æ–Ω–µ—á–Ω–æ —á—Ç–æ –ø–æ–¥—ä—ë–º–Ω—ã–π –º–µ—Ö–∞–Ω–∏–∑–º —Å–º–∞–∑–∞–Ω –º–∞—Å–ª–æ–º —Ç–µ—Ö–Ω–∏—á–µ—Å–∫–∏–º, –Ω–æ —ç–æ –º–µ–ª–æ—á–∏. –°–æ–±—Ä–∞–ª–∞ –∑–∞ 15-20–º–∏–Ω, –º—É–∂—á–∏–Ω—ã —Å–∫–æ—Ä–µ–µ –∑–∞ 10 –º–∏–Ω —Å–æ–±–µ—Ä—É—Ç. –ù–µ—Å–ª–∞ —Å–∞–º–∞ –Ω–µ –æ—á–µ–Ω—å —Ç—è–∂–µ–ª—ã–π –Ω–∞–ø–∏—Å–∞–Ω–æ 3,64 –∫–≥, –Ω–æ –º–Ω–µ –ø–æ–∫–∞–∑–∞–ª–∞—Å—å –ª–µ–≥—á–µ –∫–æ—Ä–æ–±–∫–∞. P.s.–ø—Ä–æ—á–µ—Ä–∫–∏, –ø–æ–ª–æ—Å—ã –¥–ª—è –º–µ–Ω—è –Ω–µ —è–≤–ª—è—é—Ç—Å—è  –ø—Ä–æ–±–ª–µ–º–æ–π.–ú–æ–∏ 140 –∫–≥ –¥–µ—Ä–∂–∏—Ç —Ö–æ—Ä–æ—à–æ (2 –¥–Ω—è –∏—Å–ø–æ–ª—å–∑—É—é)",2024-11-03,5,354,0,1
—á–µ—Ä–Ω—ã–π\n–î–æ—Å—Ç–æ–∏–Ω—Å—Ç–≤–∞: ,2024-11-02,5,19,0,1
—á–µ—Ä–Ω—ã–π\n–ù–µ–¥–æ—Å—Ç–∞—Ç–∫–∏: ,2024-11-01,1,18,0,1
—á–µ—Ä–Ω—ã–π\n–î–æ—Å—Ç–æ–∏–Ω—Å—Ç–≤–∞: \n–ö–æ–º–º–µ–Ω—Ç–∞—Ä–∏–π: ,2024-11-01,5,32,1,1
—á–µ—Ä–Ω—ã–π\n–î–æ—Å—Ç–æ–∏–Ω—Å—Ç–≤–∞: ,2024-10-31,5,19,0,1
—á–µ—Ä–Ω—ã–π\n–î–æ—Å—Ç–æ–∏–Ω—Å—Ç–≤–∞: \n–ù–µ–¥–æ—Å—Ç–∞—Ç–∫–∏: \n–ö–æ–º–º–µ–Ω—Ç–∞—Ä–∏–π: ,2024-10-30,5,44,1,1
—á–µ—Ä–Ω—ã–π\n–î–æ—Å—Ç–æ–∏–Ω—Å—Ç–≤–∞: ,2024-10-30,5,19,1,1
—á–µ—Ä–Ω—ã–π\n–î–æ—Å—Ç–æ–∏–Ω—Å—Ç–≤–∞: \n–ù–µ–¥–æ—Å—Ç–∞—Ç–∫–∏: \n–ö–æ–º–º–µ–Ω—Ç–∞—Ä–∏–π: ,2024-10-29,2,44,0,1
—á–µ—Ä–Ω—ã–π\n–î–æ—Å—Ç–æ–∏–Ω—Å—Ç–≤–∞: ,2024-10-29,5,19,1,1
"\n–î–æ—Å—Ç–æ–∏–Ω—Å—Ç–≤–∞: –ù–µ—Ç\n–ù–µ–¥–æ—Å—Ç–∞—Ç–∫–∏: –í—Å–µ –±–æ–ª–∏—Ç, —Å–∏–¥–µ—Ç—å –Ω–µ–≤–æ–∑–º–æ–∂–Ω–æ, –µ—â—ë –∏ —Å–æ–±—Ä–∞—Ç—å –Ω–µ –ø–æ–ª—É—á–∏–ª–æ—Å—å –¥–æ –∫–æ–Ω—Ü–∞ –≤–µ—Å—å —Å—ã–ø–µ—Ç—Å—è, –±–æ–ª—Ç—ã –≤—ã–≤–∞–ª–∏–≤–∞—é—Ç—Å—è . –ü—Ä–æ–¥–∞–≤–µ—Ü –∏–≥–Ω–æ—Ä–∏—Ä—É–µ—Ç –∑–∞–∫–æ–Ω–Ω—ã–µ 14 –¥–Ω–µ–π –Ω–∞ –≤–æ–∑–≤—Ä–∞—Ç, –ø–æ –±—Ä–∞–∫—É –∑–∞—è–≤–∫—É –Ω–µ —Å–º–æ—Ç—Ä–∏—Ç —Å–ø–µ—Ü–∏–∞–ª—å–Ω–æ, –∞ –∫–∞–∫ –ø–æ –¥—Ä—É–≥–æ–º—É –≤–µ—Ä–Ω—É—Ç—å —è –Ω–µ –∑–Ω–∞—é. –¢—è–Ω–µ—Ç –≤—Ä–µ–º—è —á—Ç–æ–±—ã –Ω–µ –≤–æ–∑–≤—Ä–∞—â–∞—Ç—å –¥–µ–Ω—å–≥–∏ –∑–∞ —É–∂–∞—Å–Ω–æ–≥–æ –∫–∞—á–µ—Å—Ç–≤–∞ —Ç–æ–≤–∞—Ä. –ï—Å–ª–∏ –µ—Å—Ç—å —Å–æ–≤–µ—Å—Ç—å –æ–¥–æ–±—Ä—è–π—Ç–µ –∑–∞—è–≤–∫—É —Å–µ–≥–æ–¥–Ω—è –∂–µ –∂–¥—É —Å 21–≥–æ –æ–∫—Ç—è–±—Ä—è, –∑–ª–∞ –Ω–µ —Ö–≤–∞—Ç–∞–µ—Ç. –¢–æ–≤–∞—Ä –Ω–µ —Ä–µ–∫–æ–º–µ–Ω–¥—É—é –∫–∞—Ç–µ–≥–æ—Ä–∏—á–µ—Å–∫–∏.",2024-10-28,1,437,0,1
"\n–î–æ—Å—Ç–æ–∏–Ω—Å—Ç–≤–∞: –°—Ç—É–ª –ø—Ä–∏—à–µ–ª –≤ –ø–æ–ª–Ω–æ–º –∫–æ–º–ø–ª–µ–∫—Ç–µ,—Å–æ–±—Ä–∞–ª–∞ –∑–∞ 10 –º–∏–Ω—É—Ç. –ö–∞—á–µ—Å—Ç–≤–æ –Ω–∞ –≤—ã—Å–æ—Ç–µ\n–ù–µ–¥–æ—Å—Ç–∞—Ç–∫–∏: –ü–æ–ø–∞ –±–æ–ª–∏—Ç –Ω–µ–∏–º–æ–≤–µ—Ä–Ω–æ,—É –≤–∞—Å,—Å–∏–¥—è –Ω–∞ —ç—Ç–æ–º —Å—Ç—É–ª–µ –∑–∞ —Å–µ–∞–Ω—Å –º–∞–Ω–∏–∫—é—Ä–∞ –∑–∞ –º–∏–Ω–∏–º—É–º —á–∞—Å-—á–∞—Å –¥–≤–∞–¥—Ü–∞—Ç—å,–æ—Ç—Å–æ—Ö–Ω—É—Ç —è–π—Ü–∞,–¥–∞–∂–µ –µ—Å–ª–∏ —É –≤–∞—Å –∏—Ö –Ω–µ—Ç. –ù–µ –∑–Ω–∞—é –∫–∞–∫ –¥—Ä—É–≥–∏–º,–Ω–æ –º–Ω–µ –±–µ–∑—É–º–Ω–æ –Ω–µ—É–¥–æ–±–Ω–æ,–∑—Ä—è –ø–æ—Ç—Ä–∞—Ç–∏–ª–∞ —Å—Ä–µ–¥—Å—Ç–≤–∞,–≤–µ—Ä–Ω—É—Ç—å —è —Ç–∞–∫ –ø–æ–Ω–∏–º–∞—é –Ω–µ –ø—Ä–µ–¥–æ—Å—Ç–∞–≤–ª—è–µ—Ç—Å—è –≤–æ–∑–º–æ–∂–Ω—ã–º. –†–∞–±–æ—Ç–∞—é –Ω–∞ –Ω–µ–º 2 –Ω–µ–¥–µ–ª–∏,–≤—Å—Ç–∞—é –≤—Ä–∞—Å–∫–æ—Ä—è–∫",2024-10-27,2,383,0,1
—á–µ—Ä–Ω—ã–π\n–î–æ—Å—Ç–æ–∏–Ω—Å—Ç–≤–∞: \n–ù–µ–¥–æ—Å—Ç–∞—Ç–∫–∏: \n–ö–æ–º–º–µ–Ω—Ç–∞—Ä–∏–π: ,2024-10-24,5,44,1,1
—á–µ—Ä–Ω—ã–π\n–î–æ—Å—Ç–æ–∏–Ω—Å—Ç–≤–∞: ,2024-10-24,5,19,1,1
\n–î–æ—Å—Ç–æ–∏–Ω—Å—Ç–≤–∞: –ù–∏–∑–∫–∞—è —Ü–µ–Ω–∞. –ö–∞—á–µ—Å—Ç–≤–æ –Ω–∞ –≤—ã—Å–æ—Ç–µ.\n–ù–µ–¥–æ—Å—Ç–∞—Ç–∫–∏: –ù–µ—Ç\n–ö–æ–º–º–µ–Ω—Ç–∞—Ä–∏–π: –û—á–µ–Ω—å –ø—Ä–æ—Å—Ç –≤ —Å–±–æ—Ä–∫–µ. –ë—ã–ª –∫—É–ø–ª–µ–Ω –±–ª–∞–≥–æ–¥–æ—Ä—è –ø–æ–ª–æ–∂–∏—Ç–µ–ª—å–Ω—ã–º –æ—Ç–∑—ã–≤–∞–º –ø–æ–∫—É–ø–∞—Ç–µ–ª–µ–π. –†–µ–∫–æ–º–µ–Ω–¥—É—é.,2024-10-23,5,162,0,1
—á–µ—Ä–Ω—ã–π\n–î–æ—Å—Ç–æ–∏–Ω—Å—Ç–≤–∞: \n–ù–µ–¥–æ—Å—Ç–∞—Ç–∫–∏: ,2024-10-23,4,31,0,1
—á–µ—Ä–Ω—ã–π\n–î–æ—Å—Ç–æ–∏–Ω—Å—Ç–≤–∞: \n–ù–µ–¥–æ—Å—Ç–∞—Ç–∫–∏: ,2024-10-22,5,31,0,1
—á–µ—Ä–Ω—ã–π\n–î–æ—Å—Ç–æ–∏–Ω—Å—Ç–≤–∞: ,2024-10-22,5,19,1,1
"\n–ù–µ–¥–æ—Å—Ç–∞—Ç–∫–∏: –í –æ–ø–∏—Å–∞–Ω–∏–∏ –∫ —Ç–æ–≤–∞—Ä—É –Ω–∞–ø–∏—Å–∞–Ω–æ ,—á—Ç–æ –≤—ã—Å–æ—Ç–∞ —Ä–µ–≥—É–ª–∏—Ä—É–µ—Ç—Å—è –æ—Ç 71 –¥–æ 82.–ù–∞ –¥–µ–ª–µ –æ–∫–∞–∑–∞–ª–æ—Å—å ,–º–∞–∫—Å–∏–º–∞–ª—å–Ω–∞—è –≤—ã—Å–æ—Ç–∞ —Å–∏–¥–µ–Ω—å—è–º–µ–Ω—å—à–µ 62 —Å–º.",2024-10-21,1,137,1,1
"\n–î–æ—Å—Ç–æ–∏–Ω—Å—Ç–≤–∞: –ù–µ—Ç\n–ù–µ–¥–æ—Å—Ç–∞—Ç–∫–∏: –°—Ç—É–ª –Ω–µ –ø–æ–Ω—Ä–∞–≤–∏–ª—Å—è. –†–æ–¥–Ω—ã–µ –∫–æ–ª–µ—Å–∞ –≥—Ä–µ–º—è—Ç, –ø–æ—Ä—Ç—è—Ç –ø–æ–ª, –µ–¥—É—Ç –∫—É–¥–∞ —Ö–æ—Ç—è—Ç, –Ω–æ –Ω–µ —Ç–∞–∫ –∫–∞–∫ –Ω—É–∂–Ω–æ –º–Ω–µ.  –ü–æ–º–µ–Ω—è–ª–∞, –¥—É–º–∞–ª–∞, —Ä–µ—à—É –ø—Ä–æ–±–ª–µ–º—É. –ù–æ –Ω–µ—Ç, —Ç–∞–∫–∂–µ –Ω–µ–≤–æ–∑–º–æ–∂–Ω–æ –Ω–∞ –Ω–µ–º –ø–µ—Ä–µ–º–µ—â–∞—Ç—å—Å—è, –∫–∞–∫ –Ω—É–∂–Ω–æ.\n–ö–æ–º–º–µ–Ω—Ç–∞—Ä–∏–π: –û—Ç–≤—Ä–∞—Ç–∏—Ç–µ–ª—å–Ω–æ",2024-10-21,1,240,0,1
"\n–ù–µ–¥–æ—Å—Ç–∞—Ç–∫–∏: –û–±–∏–¥–Ω–æ, –¥–æ—Å–∞–¥–Ω–æ. –°—Ç—É–ª —Ö–æ—Ä–æ—à–∏–π, –Ω–æ –≤–æ—Ç —Ç–∞–∫–∏–µ –∫–æ—Å—è–∫–∏ –ø–æ—Ä—Ç—è—Ç –≤—Å–µ –Ω–∞—Å—Ç—Ä–æ–µ–Ω–∏–µ",2024-10-21,4,84,1,1
—á–µ—Ä–Ω—ã–π,2024-10-21,5,6,1,1
"\n–î–æ—Å—Ç–æ–∏–Ω—Å—Ç–≤–∞: –°—Ç—É–ª –æ—á–µ–Ω—å –ø–æ–Ω—Ä–∞–≤–∏–ª—Å—è. –í—Å—ë —Ü–µ–ª–æ–µ, —É–ø–∞–∫–æ–≤–∞–Ω–æ —Ö–æ—Ä–æ—à–æ. –°–∏–¥–µ—Ç—å –æ—á–µ–Ω—å –∫–æ–º—Ñ–æ—Ä—Ç–Ω–æ. –°–ø–∞—Å–∏–±–æ –±–æ–ª—å—à–æ–µ –ø—Ä–æ–¥–∞–≤—Ü—É.",2024-10-20,5,114,0,1
—á–µ—Ä–Ω—ã–π\n–î–æ—Å—Ç–æ–∏–Ω—Å—Ç–≤–∞: ,2024-10-20,5,19,0,1
—á–µ—Ä–Ω—ã–π\n–î–æ—Å—Ç–æ–∏–Ω—Å—Ç–≤–∞: ,2024-10-19,5,19,1,1
"\n–î–æ—Å—Ç–æ–∏–Ω—Å—Ç–≤–∞: –û—á–µ–Ω—å —É–¥–æ–±–Ω—ã–µ, –ø–ª–æ—Ç–Ω—ã–µ –Ω–æ –Ω–µ –¥–∞–≤—è—Ç –Ω–∏ –≥–¥–µ, —Ö–æ—Ä–æ—à–æ —Ç—è–Ω—É—Ç—Å—è, –∑–∞ –Ω–µ–¥–µ–ª—é –Ω–µ –∑–∞–∫–∞—Ç–∞–ª–∏—Å—å",2024-10-19,5,95,1,1
—á–µ—Ä–Ω—ã–π\n–î–æ—Å—Ç–æ–∏–Ω—Å—Ç–≤–∞: \n–ù–µ–¥–æ—Å—Ç–∞—Ç–∫–∏: ,2024-10-18,5,31,1,1
"\n–î–æ—Å—Ç–æ–∏–Ω—Å—Ç–≤–∞: –û—á–µ–Ω—å —É–¥–æ–±–Ω–æ–µ –∏ –∫–∞—á–µ—Å—Ç–≤–µ–Ω–Ω–æ–µ, —Ä–µ–∫–æ–º–µ–Ω–¥—É—é",2024-10-18,5,53,0,1
—á–µ—Ä–Ω—ã–π,2024-10-18,5,6,1,1
–î–æ—Å—Ç–æ–∏–Ω—Å—Ç–≤–∞: –•–æ—Ä–æ—à–∏–π —Å—Ç—É–ª\n–ù–µ–¥–æ—Å—Ç–∞—Ç–∫–∏: –ò—Ö –Ω–µ—Ç\n–ö–æ–º–º–µ–Ω—Ç–∞—Ä–∏–π: –ù–µ–æ–∂–∏–¥–∞–Ω–Ω–æ –∑–∞ —Ç–∞–∫–∏–µ –¥–µ–Ω—å–≥–∏.–°–ø–∞—Å–∏–±–æ,2024-10-18,5,89,1,1
"–î–æ—Å—Ç–æ–∏–Ω—Å—Ç–≤–∞: –ì–ª—è–¥—è –Ω–∞ –ø—Ä–æ—à–ª—ã–µ –æ—Ç–∑—ã–≤—ã –±–æ—è–ª–∞—Å—å –∑–∞–∫–∞–∑—ã–≤–∞—Ç—å —Å—Ç—É–ª, –Ω–æ —ç—Ç–æ —Å–∞–º–∞—è –≤—ã–≥–æ–¥–Ω–∞—è —Ü–µ–Ω–∞ –Ω–∞ –≤–±\n–í—Å–µ –ø—Ä–∏—à–ª–æ —Ö–æ—Ä–æ—à–æ —É–ø–∞–∫–æ–≤–∞–Ω–æ,—Ü–µ–ª–æ–µ ,–±–µ–∑ —Ü–∞—Ä–∞–ø–∏–Ω –∏ –º–µ—Ö–∞–Ω–∏–∑–º –æ—Ç–ª–∏—á–Ω–æ —Ä–∞–±–æ—Ç–∞–µ—Ç",2024-10-17,5,168,0,1
–î–æ—Å—Ç–æ–∏–Ω—Å—Ç–≤–∞: –í—Å–µ —Å—É–ø–µ—Ä. –ö–∞—á–µ—Å—Ç–≤–æ –æ—Ç–ª–∏—á–Ω–æ–µ.–†–µ–∫–æ–º–µ–Ω–¥—É—é.,2024-10-17,5,52,0,1
—á–µ—Ä–Ω—ã–π\n–î–æ—Å—Ç–æ–∏–Ω—Å—Ç–≤–∞: ,2024-10-17,5,19,0,1
,2024-10-15,5,0,1,1
—á–µ—Ä–Ω—ã–π\n–î–æ—Å—Ç–æ–∏–Ω—Å—Ç–≤–∞: ,2024-10-12,5,19,1,1
–î–æ—Å—Ç–æ–∏–Ω—Å—Ç–≤–∞: –ß—É–¥–µ—Å–Ω–æ–µ –∫—Ä–µ—Å–ª–æ –∑–∞ —Å–≤–æ—é —Ü–µ–Ω—É. –ì–∞–∑–ª–∏—Ñ—Ç —Ä–∞–±–æ—Ç–∞–µ—Ç,2024-10-11,5,58,1,1
—á–µ—Ä–Ω—ã–π\n–î–æ—Å—Ç–æ–∏–Ω—Å—Ç–≤–∞: \n–ù–µ–¥–æ—Å—Ç–∞—Ç–∫–∏: ,2024-10-10,3,31,1,1
—á–µ—Ä–Ω—ã–π\n–î–æ—Å—Ç–æ–∏–Ω—Å—Ç–≤–∞: ,2024-10-09,5,19,1,1
"–î–æ—Å—Ç–æ–∏–Ω—Å—Ç–≤–∞: –û—á–µ–Ω—å —É–¥–æ–±–Ω–æ–µ, –ª—ë–≥–∫–æ–µ –≤ —Å–±–æ—Ä–∫–µ",2024-10-09,5,42,1,1
—á–µ—Ä–Ω—ã–π,2024-10-07,5,6,0,1
"–î–æ—Å—Ç–æ–∏–Ω—Å—Ç–≤–∞: –ü—Ä–µ–∫—Ä–∞—Å–Ω—ã–π —Å—Ç—É–ª—å—á–∏–∫! –õ–µ–≥–∫–æ —Å–æ–±–∏—Ä–∞–µ—Ç—Å—è. –°–∏–¥–µ—Ç—å —É–¥–æ–±–Ω–æ, –º–∞–Ω–µ–≤—Ä–µ–Ω–Ω—ã–π. –ì–∞–∑ - –ª–∏—Ñ—Ç –æ—Ç–ª–∏—á–Ω–æ —Ä–∞–±–æ—Ç–∞–µ—Ç. –†–µ–∫–æ–º–µ–Ω–¥—É—é. –°–µ–º—å –º–µ—Å—è—Ü–µ–≤ - –ø–æ–ª–µ—Ç –Ω–æ—Ä–º–∞–ª—å–Ω—ã–π.\n–ù–µ–¥–æ—Å—Ç–∞—Ç–∫–∏: –ù–µ –Ω–∞—à–ª–∞",2024-10-04,5,172,0,1
—á–µ—Ä–Ω—ã–π,2024-10-02,5,6,1,1
"–î–æ—Å—Ç–æ–∏–Ω—Å—Ç–≤–∞: –£–ø–∞–∫–æ–≤–∞–Ω –æ—Ç–ª–∏—á–Ω–æ. –°—Ç—É–ª –≤ —ç–∫—Å–ø–ª—É–∞—Ç–∞—Ü–∏–∏ —Å—É–ø–µ—Ä, –∫—Ç–æ –∑–∞–Ω–∏–º–∞–µ—Ç—Å—è –≤—è–∑–∞–Ω–∏–µ–º –Ω–∞ –≤—è–∑–∞–ª—å–Ω—ã—Ö –º–∞—à–∏–Ω–∞—Ö, –ø—Ä–æ—Å—Ç–æ –Ω–µ–æ–±—Ö–æ–¥–∏–º, –†–ï–ö–û–ú–ï–ù–î–£–Æ –Ω–µ –ø–æ–∂–∞–ª–µ–µ—Ç–µ üëç",2024-09-30,5,146,0,1
—á–µ—Ä–Ω—ã–π,2024-09-24,5,6,0,1
—á–µ—Ä–Ω—ã–π\n–î–æ—Å—Ç–æ–∏–Ω—Å—Ç–≤–∞: ,2024-09-24,5,19,0,0
—á–µ—Ä–Ω—ã–π,2024-09-11,4,6,0,1
—á–µ—Ä–Ω—ã–π,2024-08-17,5,6,1,1
"–°—Ç—É–ª –æ—Ç–ª–∏—á–Ω—ã–π, –ø–æ–ª—å–∑—É—é—Å—å –ø–æ–ª–≥–æ–¥–∞.",2024-08-15,5,33,0,1
—á–µ—Ä–Ω—ã–π,2024-06-10,3,6,1,1
"–¢–æ–≤–∞—Ä –ø—Ä–∏—à–µ–ª —Å –±—Ä–∞–∫–æ–º ,–ø—Ä–æ—à—É –≤–µ—Ä–Ω—É—Ç—å –¥–µ–Ω–µ–∂–Ω—ã–µ —Å—Ä–µ–¥—Å—Ç–≤–∞ –∏–ª–∏ –∑–∞–º–µ–Ω–∏—Ç—å —Ç–æ–≤–∞—Ä ,—Å—Ç—É–ª –Ω–µ –ø–æ–¥–Ω–∏–º–∞–µ—Ç—Å—è",2024-03-25,1,94,0,1
–£–¥–æ–±–Ω—ã–π —Å—Ç—É–ª –¥–ª—è –ø–µ—Ä–º–∞–Ω–µ–Ω—Ç–Ω–æ–≥–æ –º–∞–∫–∏—è–∂–∞,2024-03-12,5,38,0,1
–ü—Ä–∏—à—ë–ª —Å –±—Ä–∞–∫–æ–º –Ω–æ –±—ã—Å—Ç—Ä–æ —Å–¥–µ–ª–∞–ª–∏ –≤–æ–∑–≤—Ä–∞—Ç –∏ –¥–µ–Ω—å–≥–∏ –ø–µ—Ä–µ–≤–µ–ª–∏,2024-03-11,1,59,0,1
"–†–µ–±—è—Ç–∞ –±—É —Ç–æ—Ä–≥—É—é—Ç –Ω–∞–≤–µ—Ä–Ω–æ–µ.\n–ö—Ä–µ—Å–ª–æ –≤ –≥–µ–ª—å-–ª–∞–∫–µ.\n–ö–æ–ª–µ—Å–∞ –≤ –≤–æ–ª–æ—Å–∞—Ö, —É–ø–∞–∫–æ–≤–∫–∏ –æ—Ç –∫–æ–ª–µ—Å –≤—Å–µ –∫–æ–º–æ–º –≤–∞–ª—è–ª–æ—Å—å –≤ –∫–æ—Ä–æ–±–∫–µ. \n–ñ—É—Ç–∫–æ–µ —Å–æ—Å—Ç–æ—è–Ω–∏–µ.",2024-03-10,1,132,1,1
"–°—Ç—É–ª –∫–ª–∞—Å—Å–Ω—ã–π, –ø—Ä–æ—á–Ω—ã–π, –Ω–æ –Ω–µ —Ä–∞–±–æ—Ç–∞–µ—Ç –≥–∞–∑–ª–∏—Ñ—Ç, –ø—Ä–æ–¥–∞–≤—Ü—ã - –≤–∞–º –º–∏–Ω—É—Å , –Ω—É–∂–Ω–æ –ø—Ä–æ–≤–µ—Ä—è—Ç—å! –ù–æ –≤ —é—Ç—É–±–µ –ø–æ—Å–º–æ—Ç—Ä–µ–ª —Ä–æ–ª–∏–∫ –∫–∞–∫ —Å–¥–µ–ª–∞—Ç—å –≤–µ—á–Ω—ã–º –≥–∞–∑ –ª–∏—Ñ—Ç, –∏ —Å–¥–µ–ª–∞–ª! –¢–µ–ø–µ—Ä—å –º–æ—â—å–Ω–æ, –Ω–æ —Å—Ç—É–ª –Ω–∞ –æ–¥–Ω–æ–º —É—Ä–æ–≤–Ω–µ –ø–æ –≤—ã—Å–æ—Ç–µ",2024-03-08,4,202,0,1
"–°—Ç—É–ª –ø—Ä–∏—à–µ–ª –≤ –º—è—Ç–æ–π –∏ —Ä–≤–∞–Ω—Ä–π –∫–æ—Ä–æ–±–∫–µ –∏ –Ω–µ —Ä–∞–±–æ—á–∏–π –≥–∞–∑-–ª–∏—Ñ—Ç. –ü–æ—Å–ª–µ –ø–æ–ª—É—á–µ–Ω–∏—è —Ç–æ–ª—å–∫–æ –ø–æ—á–∏—Ç–∞–ª–∞ –æ—Ç–∑—ã–≤—ã –∏ –ø–æ–Ω—è–ª–∞, —á—Ç–æ —Å–∫–æ—Ä–µ–π –≤—Å–µ–≥–æ —ç—Ç–∞ –∫–æ—Ä–æ–±–∫–∞ —Å —Å—Ç—É–ª–æ–º –ø–æ–±—ã–≤–∞–ª–∞ –Ω–µ —Ç–æ–ª—å–∫–æ —É –º–µ–Ω—è. –£ –≤—Å–µ—Ö –æ–¥–Ω–∞ –∏ —Ç–∞ –∂–µ –ø—Ä–æ–±–ª–µ–º–∞. –û—Ñ–æ—Ä–º–∏–ª–∞ –∑–∞—è–≤–∫—É –Ω–∞ –≤–æ–∑–≤—Ä–∞—Ç, –≤–∏—Å–∏—Ç ¬´–Ω–∞ —Ä–∞—Å—Å–º–æ—Ç—Ä–µ–Ω–∏–∏¬ª. –ö–∞–∫ –¥–æ–ª–≥–æ –ø—Ä–æ–¥–∞–≤–µ—Ü –±—É–¥–µ—Ç —Ä–∞—Å—Å–º–∞—Ç—Ä–∏–≤–∞—Ç—å, –Ω–µ–ø–æ–Ω—è—Ç–Ω–æ. –í –æ–±—â–µ–º, –Ω–∏–∫–æ–≥–¥–∞ –Ω–µ —Å—Ç–∞–ª–∫–∏–≤–∞–ª–∞—Å—å —Å —Ç–∞–∫–∏–º –±–µ–∑–æ—Ç–≤–µ—Ç—Å—Ç–≤–µ–Ω–Ω—ã–º –ø—Ä–æ–¥–∞–≤—Ü–æ–º. –ù–ï –†–ï–ö–û–ú–ï–ù–î–£–Æ!!!",2024-03-04,1,393,1,1
