,User review,Review date,Star review,Text length,Has media,Has answer,Written by bot
0,"–•–æ—Ä–æ—à–∏–π –æ–±—ã—á–Ω—ã–π –ø—Ä–æ–∑—Ä–∞—á–Ω—ã–π —á–µ—Ö–æ–ª.
–ï—Å–ª–∏ —É –≤–∞—Å –Ω–∞ 15 –ø—Ä–æ —Å—Ç–æ–∏—Ç –Ω–∞ –ª–∏–Ω–∑–∞—Ö –∑–∞—â–∏—Ç–∫–∞, —Ç–æ –ª—É—á—à–µ –±–µ—Ä–∏—Ç–µ —Å–æ —Å–≤–æ–±–æ–¥–Ω—ã–º –≤—ã—Ä–µ–∑–æ–º –ø–æ–¥ –∫–∞–º–µ—Ä—ã, –∞ –Ω–µ —Å –∑–∞–∫—Ä—ã—Ç—ã–º —Å–∏–ª–∏–∫–æ–Ω–æ–º –±–ª–æ–∫–æ–º, –∏–Ω–∞—á–µ –º–æ–≥—É—Ç –ø—Ä–æ—Å—Ç–æ –∫–∞–º–µ—Ä—ã –Ω–µ –ø—Ä–æ–ª–µ–∑—Ç—å (–∫–∞–∫ –≤ –º–æ–µ–º —Å–ª—É—á–∞–µ –∏ –±—ã–ª–æ), –∏ –∏–∑-–∑–∞ —ç—Ç–æ–≥–æ –æ–Ω –≤—ã—Å—Ç—É–ø–∞–µ—Ç –Ω–µ–º–Ω–æ–≥–æ, –∏ –≤—ã–≥–ª—è–¥–∏—Ç –Ω–µ –æ—á–µ–Ω—å —ç—Å—Ç–µ—Ç–∏—á–Ω–æ, –∞ —Ç–∞–∫ —á–µ—Ö–æ–ª —Å–≤–æ–∏—Ö –¥–µ–Ω–µ–≥ —Å—Ç–æ–∏—Ç. –ü—Ä–∏—à–µ–ª –±—ã—Å—Ç—Ä–æüëç",2025-01-28,5,341,0,1,0
1,–ù—É –Ω–æ—Ä–º–∞–ª—å–Ω–æ –¥–µ—Ñ–µ–∫—Ç–æ–≤ –Ω–µ—Ç,2025-02-26,5,25,0,1,0
2,"–≤—Å–µ –æ—Ç–ª–∏—á–Ω–æ, —Å–æ–æ—Ç–≤–µ—Ç—Å—Ç–≤–∏–µ —Ç–æ–≤–∞—Ä–∞",2025-02-26,5,32,1,1,0
3,"–û—Ç–ª–∏—á–Ω—ã–π —á–µ—Ö–æ–ª,–≤—Å–µ –∫–Ω–æ–ø–∫–∏ —Å–æ–≤–ø–∞–¥–∞—é—Ç)",2025-02-25,5,36,0,1,0
4,"—Ö–æ—Ä–æ—à–∏–π, –∫ —Ç–µ–ª–µ—Ñ–æ–Ω—É –ø–æ–¥–æ—à—ë–ª üëç",2025-02-25,5,29,0,1,0
5,"–û—Ç–ª–∏—á–Ω—ã–π —á–µ—Ö–æ–ª, —Ö–æ—Ä–æ—à–æ —Å–µ–ª –Ω–∞ —Ç–µ–ª–µ—Ñ–æ–Ω",2025-02-23,5,37,0,1,0
6,"–•–æ—Ä–æ—à–∏–π, –Ω–æ –∏–Ω–æ–≥–¥–∞ –≤—ã—Å–∫–∞–ª—å–∑—ã–≤–∞–µ—Ç –∏–∑ —Ä—É–∫",2025-02-23,5,39,0,1,0
7,–û—Ç–ª–∏—á–Ω–æ –±–µ—Ä—É –Ω–µ –ø–µ—Ä–≤—ã–π —Ä–∞–∑,2025-02-21,5,26,0,1,0
8,–•–æ—Ä–æ—à–∏–π —á–µ—Ö–æ–ª,2025-02-18,5,13,0,1,0
9,"–Ω–µ –∑–∞–∫—Ä—ã–≤–∞–µ—Ç –∫–∞–º–µ—Ä—É —Ç–∞–∫ –∫–∞–∫ —Ö–æ—Ç–µ–ª–æ—Å—å —Å –∫—Ä–∞—è–º–∏ , –Ω–æ –≤—ã–∫—É–ø–∏–ª–∞ –Ω–∞ –ø–µ—Ä–≤–æ–µ –≤—Ä–µ–º—è",2025-02-17,5,75,0,1,0
10,"–í—Å–µ –∫–∞–∫ –≤ –æ–ø–∏—Å–∞–Ω–∏–∏, –≤—Å–µ –Ω–æ—Ä–º.",2025-02-15,5,29,0,1,0
11,–ò–¥–µ–∞–ª—å–Ω–æ –ø–æ–¥–æ—à–ª–æ –Ω–∞ –∞–π—Ñ–æ–Ω 16 –ø—Ä–æ –º–∞—Ö. –ü—Ä–µ—Ç–µ–Ω–∑–∏–π –Ω–µ—Ç.,2025-02-13,5,52,0,1,0
12,–ß–µ—Ö–æ–ª –∞–∫–∫—É—Ä–∞—Ç–Ω—ã–π. –°–º–æ—Ç—Ä–∏—Ç—Å—è –æ—Ç–ª–∏—á–Ω–æ. –†–µ–∫–æ–º–µ–Ω–¥—É—é!!!,2025-02-12,5,50,0,1,0
13,ü§ô,2025-02-08,5,1,0,1,0
14,–ö—Ä–∏–≤–æ–≤–∞—Ç‚Ä¶,2025-02-06,3,9,0,1,0
15,"–∂–µ–ª—Ç–∏—Ç –±—ã—Å—Ç—Ä–æ , –≤ —Ü–µ–ª–æ–º –∑–∞ —Å–≤–æ—é —Ü–µ–Ω—É —Å–æ–π–¥–µ—Ç",2025-02-05,3,43,0,1,0
16,"–û—Ç–ª–∏—á–Ω—ã–π —á–µ—Ö–æ–ª, –≤—Å–µ –∫–∞–∫ –∑–∞—è–≤–ª–µ–Ω–æ",2025-02-02,5,32,0,1,0
17,–ò–¥–µ–∞–ª,2025-01-30,5,5,0,1,0
18,–û–±–¥–∏—Ä–∞–µ—Ç –∫—Ä–∞—è –∑–∞—â–∏—Ç–Ω–æ–≥–æ —Å—Ç–µ–∫–ª–∞ –∏–∑-–∑–∞ –º–∞–ª–µ–Ω—å–∫–∏—Ö –±–æ—Ä—Ç–∏–∫–æ–≤ —á–µ—Ö–ª–∞.,2025-01-29,1,62,0,1,0
19,–°–æ–≤—Å–µ–º –Ω–µ –∑–∞—â–∏—â–∞–µ—Ç –∫–∞–º–µ—Ä—É,2025-01-29,3,25,1,1,0
20,–ü—Ä–æ—Å—Ç–æ–π —á–µ—Ö–æ–ª –∏–∑ –∫–∞—á–µ—Å—Ç–≤–µ–Ω–Ω—ã—Ö –º–∞—Ç–µ—Ä–∏–∞–ª–æ–≤. –ó–∞–∫–∞–∂—É –µ—â–µ –æ–¥–∏–Ω.,2025-01-28,5,58,0,1,0
21,–ó–∞ —Ç–∞–∫—É—é —Ü–µ–Ω—É –Ω–æ—Ä–º,2025-01-26,4,18,0,1,0
22,"–ß–µ—Ö–æ–ª —Ö–æ—Ä–æ—à–∏–π, –Ω–∞ –≤—Å–µ —Ç–µ–ª–µ—Ñ–æ–Ω—ã –æ–±—ã—á–Ω–æ –ø–æ–∫—É–ø–∞—é –∏–º–µ–Ω–Ω–æ —Ç–∞–∫–æ–π —á–µ—Ö–æ–ª. –ì–∏–±–∫–∏–π, –Ω–µ ""–∫—É—Å–∞–µ—Ç—Å—è"".
–û—Ç–Ω–æ—Å–∏—Ç–µ–ª—å–Ω–æ –∂–µ–ª—Ç–∏–∑–Ω—ã, –Ω–µ –∑–Ω–∞—é –∫–∞–∫ —ç—Ç–æ—Ç, –Ω–æ –ø—Ä–æ—à–ª—ã–π (–¥—Ä—É–≥–æ–≥–æ –ø—Ä–æ–¥–∞–≤—Ü–∞) –ø–æ–∂–µ–ª—Ç–µ–ª —Å–ø—É—Å—Ç—è –ø–∞—Ä—É –º–µ—Å—è—Ü–µ–≤. –ü–æ—Å–º–æ—Ç—Ä–∏–º –∫–∞–∫ –±—ã—Å—Ç—Ä–æ —ç—Ç–æ—Ç –ø–æ–∂–µ–ª—Ç–µ–µ—Ç) –ù–æ –∑–∞ —Ç–∞–∫—É—é —Å—Ç–æ–∏–º–æ—Å—Ç—å, –º–µ–Ω—è —ç—Ç–æ –Ω–µ –Ω–∞–ø—Ä—è–≥–∞–µ—Ç)",2025-01-22,5,272,0,1,0
23,"–ß–µ—Ö–æ–ª —Ö–æ—Ä–æ—à–∏–π. –î–µ—Ä–∂–∏—Ç—Å—è , –Ω–µ —Å–ø–∞–¥–∞–µ—Ç, –ª–µ–≥–∫–æ —Å–Ω–∏–º–∞–µ—Ç—Å—è –∏ –Ω–∞–¥–µ–≤–∞–µ—Ç—Å—è.",2025-01-20,5,67,0,1,0
24,"–û—Ç–ª–∏—á–Ω—ã–π —á–µ—Ö–æ–ª, —Å–µ–ª –∏–¥–µ–∞–ª—å–Ω–æ –¥–∞–∂–µ –Ω–∞ –∫–∞–º–µ—Ä—É —Å –ø—Ä–æ—Ç–µ–∫—Ç–æ—Ä–∞–º–∏. –õ–∞–π–∫",2025-01-18,5,64,1,1,0
25,"–ò–¥–µ–∞–ª—å–Ω–æ —Å–µ–ª, –Ω–µ –∂–µ–ª—Ç–∏—Ç",2025-01-15,5,23,0,1,0
26,–í—Å–µ —Å–æ–≥–ª–∞—Å–Ω–æ –æ–ø–∏—Å–∞–Ω–∏—é),2025-01-15,5,22,0,1,0
27,"–ö–ª–∞—Å—Å–Ω—ã–π, —Ç–∞–∫—Ç–∏–ª—å–Ω–æ –ø—Ä–∏—è—Ç–Ω—ã–π —á–µ—Ö–æ–ª, —Å–µ–ª –ø–ª–æ—Ç–Ω–æ, –º–Ω–µ –ø–æ–Ω—Ä–∞–≤–∏–ª—Å—è! –õ–∏—à—å –±—ã –Ω–µ –ø–æ–∂–µ–ª—Ç–µ–ª –±—ã—Å—Ç—Ä–æ)",2025-01-14,5,91,1,1,0
28,üëç,2025-01-13,5,1,0,1,0
29,–û—Ç–ª–∏—á–Ω—ã–π,2025-01-12,5,8,0,1,0
30,–ù–æ—Ä–º–∞–ª—å–Ω–æ,2025-01-12,5,9,0,1,0
