,User review,Review date,Star review,Text length,Has media,Written by bot
0,"–î–æ—Å—Ç–æ–∏–Ω—Å—Ç–≤–∞
       –≤—Å–µ —É—Å—Ç—Ä–æ–∏–ª–æ –Ω–æ—Ä–º–∞–ª—å–Ω–∞—è –¥–µ–º–∏—Å–µ–∑–æ–Ω–∫–∞",2024-10-09,5,54,0,0
1,"–®–∏–∫–∞—Ä–Ω–∞—è, –Ω–∞—á–∏—Ç–∞–ª–∞—Å—å –æ—Ç–∑—ã–≤—ã, –Ω–æ —Ä–∏—Å–∫–Ω—É–ª–∞, —á—Ç–æ –±—É–¥–µ—Ç –ø–æ—Å–ª–µ —Å—Ç–∏—Ä–∫–∏, –≤—Ä–µ–º—è –ø–æ–∫–∞–∂–µ—Ç, —è –≤–µ—Ä—Ö –≤—Å–µ–≥–¥–∞ –ø–æ–∫—É–ø–∞—é 54 —Ä–∞–∑–º–µ—Ä, –Ω–æ —ç—Ç—É –º–æ–∂–Ω–æ –±—ã–ª–æ –∏ 48 –∑–∞–∫–∞–∑–∞—Ç—å, –Ω–æ –Ω–µ —Å—Ç–∞–ª–∞, –≤–∑—è–ª–∞ 50.–°–ø–∞—Å–∏–±–æ, –æ—á–µ–Ω—å –ø–æ–Ω—Ä–∞–≤–∏–ª–∞—Å—å",2024-10-09,5,195,0,0
2,–î–æ—á–∫–µ –ø–æ–Ω—Ä–∞–≤–∏–ª–∞—Å—å,2024-10-09,5,17,0,0
3,"–ü–æ–∫–∞ –Ω–µ –æ–¥–µ–≤–∞–ª–∞ ,–Ω–æ —Ç–æ —á—Ç–æ —Ö–æ—Ç–µ–ª–∞",2024-10-09,5,33,0,0
4,–û—Ç–ª–∏—á–Ω–∞—è –∫—É—Ä—Ç–∫–∞,2024-10-09,5,15,0,0
5,"–õ–µ–≥–∫–∞—è, —Ç–µ–ø–ª–∞—è , —Å—É–ø–µ—Ä üëç",2024-10-08,5,24,0,0
6,"–ö—É—Ä—Ç–∫–∞ –æ—á–µ–Ω—å –±–æ–ª—å—à–µ–º–µ—Ä–∏—Ç ,–Ω–µ –∑–∏–º–∞, –æ—Ñ–æ—Ä–º–∏–ª–∞ –≤–æ–∑–≤—Ä–∞—Ç –Ω–∞ 52 –∑–∞–∫–∞–∑–∞–ª–∞ 48. –°–µ–∑–æ–Ω —Ç—ë–ø–ª—ã–π –Ω–æ—è–±—Ä—å , –º–∞—Ä—Ç.",2024-10-08,2,98,0,0
7,–ö–ª–∞—Å—Å–Ω–∞—è –∫—É—Ä—Ç–∫–∞ —Ä–µ–∫–æ–º–µ–Ω–¥—É—é,2024-10-08,5,26,0,0
8,"–ù–µ–ø–ª–æ—Ö–∞—è –∫—É—Ä—Ç–∫–∞, –ø–æ—Å–º–æ—Ç—Ä–∏–º –∫–∞–∫ –ø–æ—Å–ª–µ —Å—Ç–∏—Ä–∫–∏. –í —Ü–µ–ª–æ–º –¥–æ–≤–æ–ª—å–Ω–∞ –ø–æ–∫—É–ø–∫–æ–π, —Ä–µ–∫–æ–º–µ–Ω–¥—É—é.",2024-10-08,5,83,0,0
9,"–∫—É—Ä—Ç–∫–∞ –æ—á–µ–Ω—å –ø–æ–Ω—Ä–∞–≤–∏–ª–∞—Å—å, –≤—Å–µ —Å—Ç—Ä–æ—á–∫–∏ —Ä–æ–≤–Ω—ã–µ, –Ω–∏—á–µ–≥–æ –Ω–µ —Ç–æ—Ä—á–∏—Ç, –≤—Å—ë –∫–∞–∫ –Ω–∞–¥–æ. –∫–∞—Ä–º–∞–Ω—ã —Ç–æ–∂–µ —É–¥–æ–±–Ω—ã–µ, –Ω–æ —Å–¥–µ–ª–∞–Ω—ã –Ω–µ–º–Ω–æ–≥–æ –≤—ã—à–µ, –ø—Ä–∏—à–ª–æ—Å—å –ø—Ä–∏–≤—ã–∫–Ω—É—Ç—å. –æ—á–µ–Ω—å –ø–æ–Ω—Ä–∞–≤–∏–ª–æ—Å—å, —á—Ç–æ –º–æ–ª–Ω–∏—è –∑–∞–∫—Ä—ã–≤–∞–µ—Ç—Å—è –ø—É–≥–æ–≤–∏—Ü–∞–º–∏. –ï–¥–∏–Ω—Å—Ç–≤–µ–Ω–Ω–æ, –Ω–µ –Ω—Ä–∞–≤–∏—Ç—Å—è –ø–æ–¥–∫–ª–∞–¥ –≤–Ω—É—Ç—Ä–∏ —Ä—É–∫–∞–≤–æ–≤, –ø—Ä–∏–ª–∏–ø–∞–µ—Ç –∫ —Ä—É–∫–∞–º, –∫–∞–∫ —Ç–æ–ª—å–∫–æ –Ω–µ–º–Ω–æ–≥–æ –≤—Å–ø–æ—Ç–µ–µ—à—å. –≤ —Ü–µ–ª–æ–º —Ö–æ—Ä–æ—à–∞—è –∫—É—Ä—Ç–æ—á–∫–∞.",2024-10-08,5,323,1,0
10,–û—á–µ–Ω—å —Ö–æ—Ä–æ—à–æ,2024-10-08,5,12,0,0
11,"–°–∏–º–ø–∞—Ç–∏—á–Ω–∞—è, –Ω–æ –º–Ω–µ –∫–∞–∂–µ—Ç—Å—è, –¥–æ –ø–µ—Ä–≤–æ–π —Å—Ç–∏—Ä–∫–∏. –û—á–µ–Ω—å –∫–∞–∫–∞—è-—Ç–æ —Ö–ª–∏–ø–∫–∞—è. –ù–∞ —Ä–æ—Å—Ç 170 —Ä—É–∫–∞–≤–∞ –∫–æ—Ä–æ—Ç–∫–æ–≤–∞—Ç—ã, —Ä–∞–∑–º–µ—Ä –≤ —Ä–∞–∑–º–µ—Ä",2024-10-08,3,118,0,0
12,—Ö–æ—Ä–æ—à–∞—è –∫—É—Ä—Ç–∫–∞ –∏ —Ö–æ—Ä–æ—à–æ –ø–æ—à–∏—Ç–∞,2024-10-08,5,30,0,0
13,"–°–µ–ª–∞ –æ—Ç–ª–∏—á–Ω–æ,,–Ω–µ –∑–Ω–∞—é –∫–∞–∫ –±—É–¥–µ—Ç –≤ –ø—Ä–æ—Ü–µ—Å—Å–µ –Ω–æ—Å–∫–∏,,–Ω–æ –Ω–æ–≤–∞—è, —Å—É–ø–µ—Ä",2024-10-08,5,65,0,0
14,–ö—É—Ä—Ç–∫–∞ –æ–≥–æ–Ω—åüëç,2024-10-07,5,13,0,0
15,"–ö—É—Ä—É—Ç–∞—è, –±–∞–ª–¥–µ—é –≤ –Ω–µ–π. –ü—Ä–æ–¥—É–≤–∞–µ—Ç –ø—Ä–∏ –≤–µ—Ç—Ä–µ, –¥–æ - 5. –í —Ç—Ä–∞–Ω—Å–ø–æ—Ä—Ç–µ –Ω–µ –∂–∞—Ä–∫–æ.",2024-10-07,5,74,0,0
16,"–î–æ—Å—Ç–æ–∏–Ω—Å—Ç–≤–∞
       .",2024-10-07,5,20,0,0
17,"–æ—á–µ–Ω—å –ø–æ–Ω—Ä–∞–≤–∏–ª–∞—Å—å –∫—É—Ä—Ç–∫–∞,—Å—Ç–∏–ª—å–Ω–∞—è , —Ö–æ—Ä–æ—à–µ–µ –∫–∞—á–µ—Å—Ç–≤–æ,—Ü–≤–µ—Ç —Å—É–ø–µ—Ä,—Ç–µ–ø–ª–∞—è —Ç–æ —á—Ç–æ –Ω–∞–¥–æ!",2024-10-07,5,83,0,0
18,"–•–æ—Ä–æ—à–∞—è, —Ç—ë–ø–ª–∞—è",2024-10-07,5,15,0,0
19,"–•–æ—Ä–æ—à–∞—è, —Ç—ë–ø–ª–∞—è –∫—É—Ä—Ç–æ—á–∫–∞",2024-10-07,5,24,0,0
20,–û—Ñ–∏–≥–µ–Ω–Ω–∞—è! –ù–∞ –Ω–µ —Ö–æ–ª–æ–¥–Ω—É—é –æ—Å–µ–Ω–Ω—é—é –ø–æ–≥–æ–¥—É —Å–∞–º–æ–µ —Ç–æ! –ü–æ–ø–∞–ª–∞ –≤ –Ω–µ–π –ø–æ–¥ –¥–æ–∂–¥—å-–Ω–µ –ø—Ä–æ–º–æ–∫–ª–∞ –Ω–∏ –Ω–∞ –∫–∞–ø–µ–ª—å–∫—É!,2024-10-06,5,101,0,0
21,–ù–æ—Ä–º,2024-10-06,5,4,0,0
22,"–ö—É—Ä—Ç–∫–∞ —Ö–æ—Ä–æ—à–∞—è, –ª–µ–≥–∫–∞—è, –Ω–∞ —Ç–µ–ø–ª—É—é –∑–∏–º—É",2024-10-06,4,38,0,0
23,"–∫—É—Ä—Ç–∫–∞ –ø–æ–Ω—Ä–∞–≤–∏–ª–∞—Å—å,–ø–æ—à–∏—Ç–∞ —Ö–æ—Ä–æ—à–æ.",2024-10-06,5,33,0,0
24,"–∫—É—Ä—Ç–∫–∞ –≤—ã–≥–ª—è–¥–∏—Ç –Ω–∞  –æ—Ç–ª–∏—á–Ω–æ. –Ω–∞ –º–æ–π  52- 54  –ø–æ–¥–æ—à—ë–ª –∏–¥–µ–∞–ª—å–Ω–æ 50 —Ä–∞–∑–º–µ—Ä. –ê –∫–∞–∫ –±—É–¥–µ—Ç –≤ –¥–∞–ª—å–Ω–µ–π—à–µ–º, –ø–æ—Å–º–æ—Ç—Ä–∏–º.",2024-10-06,5,109,0,0
25,–∫–ª–∞—Å—Å–Ω–∞—è –∫—É—Ä—Ç–æ—á–∫–∞ üëç,2024-10-05,5,19,0,0
26,"–•–æ—Ä–æ—à–∞—è –∫—É—Ä—Ç–æ—á–∫–∞, –æ—á–µ–Ω—å –ª–µ–≥–∫–∞—è. –Ø —É–∂–µ –µ–µ –æ–±–Ω–æ–≤–∏–ª–∞, –≤ –Ω–µ–π —Ç–µ–ø–ª–æ –∏ —É—é—Ç–Ω–æ. –ù–∞ —Å–≤–æ–π 52-–æ–π –≤–∑—è–ª–∞ 50-—ã–π —Ä–∞–∑–º–µ—Ä, —Ç–æ–ª—Å—Ç—ã–π —Å–≤–∏—Ç–µ—Ä –ª–µ–≥–∫–æ –ø–æ–¥–æ–¥–µ–Ω–µ—Ç—Å—è",2024-10-05,5,138,1,0
27,"–ù–µ–ø–ª–æ—Ö–∞—è –∫—É—Ä—Ç–∫–∞, –∫–æ–Ω–µ—á–Ω–æ –Ω–∏ –æ –∫–∞–∫–æ–π –∑–∏–º–µ –∏ —Ä–µ—á–∏ –±—ã—Ç—å –Ω–µ –º–æ–∂–µ—Ç, –æ–Ω–∞ –Ω–∞ –æ—Å–µ–Ω—å, –Ω–∞ –ø–ª—é—Å–æ–≤—ã–µ —Ç–µ–º–ø–µ—Ä–∞—Ç—É—Ä—ã, —Ç–æ–Ω–∫–∞—è. –ù–µ –æ—á–µ–Ω—å —É–¥–∞—á–Ω—ã–π –Ω–∏–∑ –∫—É—Ä—Ç–∫–∏, –ø–æ—Å—Ç–æ—è–Ω–Ω–æ –ø—Ä–∏—Ö–æ–¥–∏—Ç—Å—è –æ–¥–µ—Ä–≥–∏–≤–∞—Ç—å, –æ–Ω –∑–∞–¥–∏—Ä–∞–µ—Ç—Å—è —Å–∑–∞–¥–∏. –£–¥–∞—á–Ω—ã–π –∫–∞–ø—é—à–æ–Ω, —É–¥–æ–±–Ω—ã–π –∏ –∫—Ä–∞—Å–∏–≤–æ —Å–∏–¥–∏—Ç.",2024-10-05,4,234,0,0
28,"–ù–∞ —Å–≤–æ–π 52—Ä –≤–∑—è–ª–∞ 50. –°–≤–æ–±–æ–¥–Ω–æ
–° –¥–∂–µ–º–ø–µ—Ä–æ–º –æ—á–µ–Ω—å —Ö–æ—Ä–æ—à–æ –∏ —Ç–µ–ø–ª–æ, –Ω–µ–º–Ω–æ–≥–æ –ø—Ä–∏–∫—Ä—ã–≤–∞–µ—Ç –ø–æ–ø—É. –†–µ–∫–æ–º–µ–Ω–¥—É—é. –°–ø–∞—Å–∏–±–æ –ø—Ä–æ–¥–∞–≤—Ü—É",2024-10-04,5,118,0,0
29,"–û—Ñ–∏–≥–µ–Ω–Ω–∞—è –∫—É—Ä—Ç–∫–∞! 
–í–∑—è–ª–∞ –Ω–∞ —Ä–∞–∑–º–µ—Ä –±–æ–ª—å—à–µ, —á–µ–º –º–æ–π –Ω–∞ —Å–∞–º–æ–º –¥–µ–ª–µ, —Å–ø–µ—Ü–∏–∞–ª—å–Ω–æ, —á—Ç–æ–± –ø–æ–¥–¥–µ—Ç—å —á—Ç–æ-–Ω–∏–±—É–¥—å –≤–Ω–∏–∑ –º–æ–∂–Ω–æ –±—ã–ª–æ. –ù–æ —ç—Ç–æ –±—ã–ª–æ –Ω–µ–æ–±—è–∑–∞—Ç–µ–ª—å–Ω–æ, –∫—É—Ä—Ç–∫–∞ –∏ –Ω–∞ –º–æ–π —Ä–∞–∑–º–µ—Ä –ø–æ–∑–≤–æ–ª–∏–ª–∞ –±—ã –¥—É–º–∞—é —á—Ç–æ-—Ç–æ –ø–æ–¥–¥–µ—Ç—å –≤–Ω–∏–∑. 
–ú–Ω–æ–≥–æ –∫–∞—Ä–º–∞—à–∫–æ–≤, –∫–∞–∫ —è –ª—é–±–ª—é.",2024-10-04,5,239,0,0
30,–æ—Ç–ª–∏—á–Ω–∞—è –∫—É—Ä—Ç–æ—á–∫–∞!!! –ò —Ü–≤–µ—Ç –ø—Ä–∏—è—Ç–Ω—ã–π –∏ —Ñ–∞—Å–æ–Ω —É–¥–∞—á–Ω—ã–π ! –ö–∞—á–µ—Å—Ç–≤–æ - —Å—É–ø–µ—Ä! –°–ø–∞—Å–∏–±–æ –ø—Ä–æ–¥–∞–≤—Ü—É!,2024-10-04,5,90,0,0
31,"–û—Ç–ª–∏—á–Ω–æ, —Ü–≤–µ—Ç –Ω–µ–±–µ—Å–Ω—ã–π, –∑–∞–∫–∞–∑–∞–ª–∞ –Ω–µ —Ç–æ—Ç —Ä–∞–∑–º–µ—Ä",2024-10-04,5,46,0,0
32,"–ö—É—Ä—Ç–∫–∞ —Å–∏–¥–∏—Ç –Ω–∞ —Ñ–∏–≥—É—Ä–µ –æ—Ç–ª–∏—á–Ω–æ, —Ä50 –æ—Ç–ª–∏—á–Ω–æ –ø–æ–¥–æ—à–µ–ª –Ω–∞ —Ä–æ—Å, 54, —Å—Ç–∏–ª—å–Ω–∞—è, —Ç–µ–ø–ª–∞—è, –ø–æ—Å–º–æ—Ç—Ä–∏–º –∫–∞–∫ –±—É–¥–µ—Ç –≤ –Ω–æ—Å–∫–µ",2024-10-04,5,109,0,0
33,"–¶–≤–µ—Ç –Ω–∞ —Ñ–æ—Ç–æ –Ω–µ –ø–µ—Ä–µ–¥–∞—ë—Ç –Ω–∞—Å—Ç–æ—è—â–µ–≥–æ —Ü–≤–µ—Ç–∞, –æ—á–µ–Ω—å –Ω–µ–∂–Ω—ã–π –∏ –∫—Ä–∞—Å–∏–≤—ã–π. –¢–∫–∞–Ω—å –ª–µ–≥–∫–∞—è –∏ –ø—Ä–∏—è—Ç–Ω–∞—è. –ü–æ–¥–æ–π–¥—ë—Ç –Ω–∞ –æ—Å–µ–Ω—å –∏ –Ω–∞ —Ç—ë–ø–ª—É—é –∑–∏–º—É.",2024-10-03,5,128,1,0
34,–û—Ç–ª–∏—á–Ω–æ,2024-10-03,5,7,0,0
35,–¢–∫–∞–Ω—å –ø—Ä–∏—è—Ç–Ω–∞—è.–§–∞—Å–æ–Ω —Ç–æ —á—Ç–æ –Ω–∞–¥–æ.,2024-10-03,5,33,0,0
36,"–æ—á–µ–Ω—å –∫—Ä–∞—Å–∏–≤—ã–π –≥–æ–ª—É–±–æ–π —Ü–≤–µ—Ç, –∫–∞—è–µ—Å—Ç–≤–µ–Ω–Ω—ã–π –∏ –∞–∫–∫—É—Ä–∞—Ç–Ω—ã–π –ø–æ—à–∏–≤, —Ä–µ–∫–æ–º–µ–Ω–¥—É—é",2024-10-03,5,72,0,0
37,"–∫—É—Ä—Ç–∫–∞ —Å –≤–∏–¥—É —Ö–æ—Ä–æ—à–µ–≥–æ –∫–∞—á–µ—Å—Ç–≤–∞, —Ç–æ–ª—å–∫–æ –Ω–∞–ø–æ–ª–Ω–∏—Ç–µ–ª—å —Å–ø—É—Å–∫–∞–µ—Ç—Å—è –≤–Ω–∏–∑ –∏ –æ—Å—Ç–∞–µ—Ç—Å—è –ø—É—Å—Ç–æ–µ –ø—Ä–æ—Å—Ç—Ä–∞–Ω—Å—Ç–≤–æ. –Ω–µ –∑–Ω–∞—é –∫–∞–∫ –±—É–¥–µ—Ç –≤ –Ω–æ—Å–∫–µ.",2024-10-03,5,126,0,0
38,"–ï—Å—Ç—å –≤–µ—â–∏, –≤ –∫–æ—Ç–æ—Ä—ã–µ –≤–ª—é–±–ª—è–µ—Ç—Å—è —Å –ø–µ—Ä–≤–æ–≥–æ –≤–∑–≥–ª—è–¥–∞. –¢–æ—Ç —Å–∞–º—ã–π —Å–ª—É—á–∞–π. –û—á–µ–Ω—å –ø–µ—Ä–µ–∂–∏–≤–∞–ª–∞, —á—Ç–æ –Ω–µ —Å—è–¥–µ—Ç –Ω–∞ –º–æ—é —Ç—É—à—É. –Ω–æ —Å–º–æ—Ç—Ä–∏—Ç—Å—è –æ—Ç–ª–∏—á–Ω–æ. –ù–∞ –∑–∏–º—É, –∫–æ–Ω–µ—á–Ω–æ, –Ω–µ –ø–æ–¥–æ–π–¥—ë—Ç. –ù–∞ –æ—Å–µ–Ω—å –∏ –≤–µ—Å–Ω—É - —Å–∞–º–æ–µ —Ç–æ.  –†–∞–∑–º–µ—Ä—É —Å–æ–æ—Ç–≤–µ—Ç—Å—Ç–≤—É–µ—Ç. –ö—É—Ä—Ç–∫–∞ —Å—É–ø–µ—Ä—Å–∫–∞—è. –ö —Å–ª–æ–≤—É, —Å–º–æ—Ç—Ä–∏—Ç—Å—è –æ—Ç–ª–∏—á–Ω–æ –∫–∞–∫ —Å –¥–∂–∏–Ω—Å–∞–º–∏, —Ç–∞–∫ –∏ —Å–æ —Å–ø–æ—Ä—Ç–∏–≤–Ω—ã–º–∏ —à—Ç–∞–Ω–∞–º–∏. –ü–æ –ø–æ—Å–∞–¥–∫–µ –≤–∏–¥–Ω–æ, —á—Ç–æ —ç—Ç–æ –Ω–µ –∫—É—Ä—Ç–∫–∞ –±–æ–ª—å—à–∞—è...¬† –ß–∏—Ç–∞—Ç—å –ø–æ–ª–Ω–æ—Å—Ç—å—é",2024-10-04,5,374,0,0
39,"–•–æ—Ä–æ—à–∞—è –∫—É—Ä—Ç–∫–∞ –Ω–∞ –¥–µ–º–∏—Å–µ–∑–æ–Ω–∫—É, –Ω–æ —á–µ—Å—Ç–Ω–æ –≥–æ–≤–æ—Ä—è –¥–ª—è –Ω–µ–µ 3200 -–¥–æ—Ä–æ–≥–æ–≤–∞—Ç–æ .–∑–∞–±—Ä–∞–ª–∞ —Ç–∞–∫ –∫–∞–∫ –≤—Ä–µ–º–µ–Ω–∏ –∏—Å–∫–∞—Ç—å –Ω–µ –±—ã–ª–æ , –Ω—É–∂–Ω–∞ –±—ã–ª–∞ —Å—Ä–æ—á–Ω–æ ) –±–µ—Ä—É —Å–≤–æ–∏ —Å–ª–æ–≤–∞ –Ω–∞–∑–∞–¥ ) –∫—É—Ä—Ç–∫–∞ —Å—Ç–æ–∏—Ç —Å–≤–æ–∏—Ö –¥–µ–Ω–µ–≥ ! –õ–µ–≥–∫–∞—è , —Å—Ç–∏–ª—å–Ω–∞—è ,–∫–∞—á–µ—Å—Ç–≤–µ–Ω–Ω–∞—è - –Ω–∏—á–µ–≥–æ –ª–∏—à–Ω–µ–≥–æ .",2024-10-09,5,236,1,0
40,"–ö–ª–∞—Å—Å–Ω–∞—è –∫—É—Ä—Ç–∫–∞. –í—Ç–æ—Ä–æ–π —Å–µ–∑–æ–Ω –Ω–æ—à—É , –Ω–∞—Ä–µ–∫–∞–Ω–∏–π –Ω–µ—Ç",2024-10-02,5,50,1,0
41,"–û—á–µ–Ω—å –ª—ë–≥–∫–∞—è, —É–¥–æ–±–Ω–∞—è.",2024-10-02,5,22,0,0
42,"–û—Ç–ª–∏—á–Ω–∞—è, —Ç–µ–ø–ª–∞—è, –ª–µ–≥–∫–∞—è. –¶–≤–µ—Ç –∏ —Ä–∞–∑–º–µ—Ä —Å–æ–æ—Ç–≤–µ—Ç—Å—Ç–≤—É—é—Ç",2024-10-01,5,53,0,0
43,–í–∑—è–ª–∞ –Ω–∞ —Ä–∞–∑–º–µ—Ä –º–µ–Ω—å—à–µ –∏ –≤—Å—ë –æ—Ç–ª–∏—á–Ω–æ,2024-10-01,5,36,0,0
44,"–£–ø–∞–∫–æ–≤–∞–Ω–æ –ø—Ä–æ—Å—Ç–æ –≤ –ø–∞–∫–µ—Ç, –¥—É–º–∞–ª–∞ –≤–µ—Ä—Ö–Ω—é—é –æ–¥–µ–∂–¥—É –ø–∞–∫—É—é—Ç –≤ –∫–æ—Ä–æ–±–∫—É, –æ—á–µ–Ω—å —Å–∏–ª—å–Ω–æ –ø–æ–º—è—Ç–∞, –æ—Ç–ø–∞—Ä–∏–ª–∞ —Å —Ç—Ä—É–¥–æ–º. –ó–∞ –Ω–µ–±–æ–ª—å—à–∏–µ –¥–µ–Ω—å–≥–∏ –Ω–∞–≤–µ—Ä–Ω–æ–µ –Ω–æ—Ä–º–∞–ª—å–Ω–æ. –ù–∞–ø–æ–ª–Ω–∏—Ç–µ–ª—å –Ω–µ—Ä–∞–≤–Ω–æ–º–µ—Ä–Ω–æ —Ä–∞—Å–ø—Ä–µ–¥–µ–ª–µ–Ω, —Å–∫–æ—Ä–µ–π –≤—Å–µ–≥–æ —É–ø–∞–¥–µ—Ç –≤–Ω–∏–∑ –∏ –≤—Ä—è–¥–ª–∏ –ø–µ—Ä–µ–∂–∏–≤–µ—Ç —Å—Ç–∏—Ä–∫—É, —Ç–æ–ª—å–∫–æ —á–∏—Å—Ç–∫–∞. –í–∑—è–ª–∞, –Ω—É –Ω–µ—Å–∫–æ–ª—å–∫–æ —Ä–∞–∑ –Ω–∞–¥–µ–Ω—É. –î—É–º–∞—Ç—å –Ω–∞–¥–æ –ø—Ä–µ–∂–¥–µ —á–µ–º –∑–∞–∫–∞–∑—ã–≤–∞—Ç—å –¥—ë—à–µ–≤–æ. –®—å—é—Ç –Ω–µ –ø—Ä–æ—Ñ–µ—Å—Å–∏–æ–Ω–∞–ª—ã, –¥–∞–∂–µ...¬† –ß–∏—Ç–∞—Ç—å –ø–æ–ª–Ω–æ—Å—Ç—å—é",2024-10-01,1,373,0,0
45,"–ª—ë–≥–∫–∞—è,–∫—Ä–∞—Å–∏–≤–∞—è",2024-09-30,5,15,0,0
46,"–û–±—â–µ–µ –≤–ø–µ—á–∞—Ç–ª–µ–Ω–∏–µ- –∫—Ä–∞—Å–∏–≤–∞—è, —É–¥–æ–±–Ω–∞—è. –ö—É–ø–∏–ª–∞ –¥–ª—è —Ö–æ—Ç—å–±—ã –Ω–∞ –ª—ã–∂–∞—Ö. –¢–æ–Ω–∫–æ–≤–∞—Ç–∞ –¥–ª—è –∑–∏–º—ã, –Ω–æ –Ω–∞–¥–µ–Ω—É —Ç–µ–ø–ª—ã–π —Å–≤–∏—Ç–µ—Ä. –ù–æ—à—É 50-52 —Ä–∞–∑–º–µ—Ä. –ö—É—Ä—Ç–∫–∞ 50 —Ä–∞–∑–º–µ—Ä–∞ –æ–∫–∞–∑–∞–ª–∞—Å—å —Å–≤–æ–±–æ–¥–Ω–æ–π, —Ç–µ–ø–ª—ã–π —Ç–æ–ª—Å—Ç—ã–π —Å–≤–∏—Ç–µ—Ä –≤–ø–æ–ª–Ω–µ –ø–æ–º–µ—Å—Ç–∏—Ç—Å—è –ø–æ–¥ –Ω–µ–π.",2024-09-30,5,217,0,0
47,"–ù–æ—Ä–º–∞–ª—å–Ω–∞—è, –Ω–∞ –ø—Ä–æ–≥—É–ª–∫–∏.",2024-09-30,5,24,0,0
48,"–ö–∞–∫ –¥–ª—è –ø—Ä–æ—Ñ–µ—Å—Å–∏–æ–Ω–∞–ª–∞ —à–≤–µ–π–Ω–æ–≥–æ –¥–µ–ª–∞ –∫—É—Ä—Ç–∫–∞ –∏ –ø–æ —Ç–∫–∞–Ω–∏ –Ω–µ —Ç–æ–Ω–∫–∞—è.–ù–∞ –æ—â—É–ø—å –ø—Ä–∏—è—Ç–Ω–∞—è,–ø–æ –∫–∞—á–µ—Å—Ç–≤—É –ø–æ—à–∏–≤–∞ –Ω–∞ –ø—è—Ç—å.–ö–∞–ø—é—à–æ–Ω –Ω–µ –º–µ–ª–∫–∏–π.–ü—Ä–∏–æ–±—Ä–µ—Ç–∞—Ç—å –º–æ–∂–Ω–æ.",2024-09-30,5,145,1,0
49,"–í–∑—è–ª–∞ –Ω–∞ —Ä–∞–∑–º–µ—Ä –º–µ–Ω—å—à–µ, —Ç –∫ —Å–∏–ª—å–Ω–æ –±–æ–ª—å—à–µ–º–µ—Ä–∏—Ç",2024-09-29,5,46,0,0
50,–≤—Å—ë –ø–æ —Ä–∞–∑–º–µ—Ä—É,2024-09-29,5,14,0,0
51,"–ù–∞ —Å–≤–æ–π 44 –≤–∑—è–ª–∞ 42, –Ω–æ –∏ 44 –±—ã–ª –±—ã –æ—Ç–ª–∏—á–Ω–æ.",2024-09-29,5,44,0,0
52,"–ù–µ –ø–ª–æ—Ö–æ, –Ω–æ —Ç–æ–ª—å–∫–æ –ø–∏—à—É—Ç –æ—Å–µ–Ω—å –∑–∏–º–∞, –Ω–æ —Ç–æ–ª—å–∫–æ –æ—Å–µ–Ω—å—é, –º—è–≥–∫–∞—è –ª–µ–≥–∫–∞—è",2024-09-29,5,69,0,0
53,"–£–¥–æ–±–Ω–∞—è,–∫–∞—á–µ—Å—Ç–≤–µ–Ω–Ω–∞—è",2024-09-28,5,20,0,0
54,"–ö—É—Ä—Ç–æ—á–∫–∞ –ø–æ–Ω—Ä–∞–≤–∏–ª–∞—Å—å , –ª–µ–≥–∫–∞—è , —É–¥–æ–±–Ω–∞—è, –Ω–∏—Ç–∫–∏ –Ω–µ —Ç–æ—Ä—á–∞—Ç , —à–≤—ã —Ä–æ–≤–Ω—ã–µ . üëçüëçüëç",2024-09-28,5,75,0,0
55,"–≤ –ø—Ä–æ—Ö–ª–∞–¥–Ω–æ –ø–æ–≥–æ–¥—É –ø—Ä–µ–∫—Ä–∞—Å–Ω–æ. –Ω–æ - 10 –±—É–¥–µ—Ç —É–∂–µ –ø—Ä–æ—Ö–ª–∞–¥–Ω–æ,  –ø—Ä–æ–≤–µ—Ä–∏–º. –∞ —Ç–∞–∫ –æ—á–µ–Ω—å —É–¥–æ–±–Ω–∞—è.",2024-09-28,5,90,0,0
56,–û—Ç–ª–∏—á–Ω–∞—è –∫—É—Ä—Ç–∫–∞. –£–∂–µ —Ä–µ–±—ë–Ω–æ–∫ –Ω–æ—Å–∏—Ç.,2024-09-28,5,35,0,0
57,—Ö–æ—Ä–æ—à–µ–µ,2024-09-27,5,7,0,0
58,"–õ–µ–≥–∫–∞—è, —Ç–µ–ø–ª–∞—è, —Å—Ç–∏–ª—å–Ω–∞—è!",2024-09-27,5,25,0,0
59,"–∫—É—Ä—Ç–∫–∞ –ø—Ä–æ—Å—Ç–æ —Å—É–ø–µ—Ä, –∫–∞—á–µ—Å—Ç–≤–µ–Ω–Ω–∞—è, –ø—É—Ö –ø–æ –≤—Å–µ–π –∫—É—Ä—Ç–∫–µ —Ä–∞—Å–ø—Ä–µ–¥–µ–ª–µ–Ω —Ä–∞–≤–Ω–æ–º–µ—Ä–Ω–æ, —Å–ø–∞—Å–∏–±–æ –∑–∞ –æ—Ç–ª–∏—á–Ω—É—é —Ä–∞–±–æ—Ç—É!",2024-09-27,5,105,0,0
60,–ö—É—Ä—Ç–∫–∞ –æ—Ç–ª–∏—á–Ω–∞—è. –û—á–µ–Ω—å —Ç–µ–ø–ª–∞—è. –°—à–∏—Ç–∞ –∏–¥–µ–∞–ª—å–Ω–æ.,2024-09-27,5,46,0,0
61,"–ö—É—Ä—Ç–∫–∞ –∫–ª–∞—Å—Å–Ω–∞—è, –Ω–∞ 50 —Ä–∞–∑–º–µ—Ä —Å–µ–ª–∞ –∫–∞–∫ –º–æ–¥–µ–ª–∏, –ø–æ—à–∏–≤ , —Ñ—É—Ä–Ω–∏—Ç—É—Ä–∞ –≤—Å–µ –∏–¥–µ–∞–ª—å–Ω–æ, –ø–æ–Ω—Ä–∞–≤–∏–ª–æ—Å—å —á—Ç–æ –µ—Å—Ç—å –±–µ–≥—É–Ω–æ–∫ –Ω–∞ –º–æ–ª–Ω–∏–∏ —Å–Ω–∏–∑—É, –æ–±‚Äô–µ–º–Ω–∞—è, –¥—É–º–∞—é –º–æ–∂–Ω–æ –Ω–æ—Å–∏—Ç—å –¥–æ —Å–∏–ª—å–Ω—ã—Ö –º–æ—Ä–æ–∑–æ–≤, –æ–¥–Ω–æ–∑–Ω–∞—á–Ω–æ —Ä–µ–∫–æ–º–µ–Ω–¥—É—é, —Ü–µ–Ω–∞ –∏ –∫–∞—á–µ—Å—Ç–≤–æ üëçüëç",2024-09-27,5,215,0,0
62,.,2024-09-26,5,1,0,0
63,"–ù–æ—à—É 52-54, –≤ —Ü–µ–ª–æ–º –≤—Å—ë –ø–æ–Ω—Ä–∞–≤–∏–ª–æ—Å—å. –õ–µ–≥–∫–∞—è,—É–¥–æ–±–Ω–∞—è",2024-09-26,5,51,1,0
64,"–û—Ç–ª–∏—á–Ω–∞—è –∫—É—Ä—Ç–∫–∞, –ª—ë–≥–∫–∞—è, –Ω–∏—Ç–∫–∏ –Ω–∏–≥–¥–µ –Ω–µ —Ç–æ—Ä—á–∞—Ç",2024-09-26,5,46,0,0
65,–æ—Ç–ª–∏—á–Ω–∞—è –∫—É—Ä—Ç–∫–∞ –∫–∞—á–µ—Å—Ç–≤–æ —Ö–æ—Ä–æ—à–µ–µ —Ä–µ–∫–æ–º–µ–Ω–¥—É—é üëç –ø—Ä–æ–¥–∞–≤—Ü—É —Å–ø–∞—Å–∏–±–æ üëç,2024-09-26,5,64,0,0
66,"–ö—É—Ä—Ç–∫–∞ –ø—Ä–æ—Å—Ç–æ —Å—É–ø–µ—Ä, –ª—ë–≥–∫–∞—è –∏ —Ç—ë–ø–ª–∞—è, –ø–æ–¥–æ–π–¥—ë—Ç –Ω–∞ –ø—Ä–æ—Ö–ª–∞–¥–Ω—É—é –æ—Å–µ–Ω—å –∏ —Ç—ë–ø–ª—É—é –∑–∏–º—É",2024-09-26,5,80,0,0
67,"–û—Ç–ª–∏—á–Ω–∞—è –≤–µ—â—å, –º—è–≥–∫–∞—è –ø—Ä–∏—è—Ç–Ω–∞—è —Ç–∫–∞–Ω—å, —Ä–µ–∫–æ–º–µ–Ω–¥—É—é.",2024-09-25,5,49,0,0
68,–ö—É—Ä—Ç–∫–∞ –æ—Ç–ª–∏—á–Ω–∞—è,2024-09-25,5,15,0,0
69,"–î–ª—è –∑–∏–º—ã –Ω–µ –ø–æ–¥–æ–π–¥—ë—Ç. –ù–∞ –æ—Å–µ–Ω—å-–≤–µ—Å–Ω—É –¥–æ -5, —Å–∞–º–æ–µ —Ç–æ.",2024-09-24,4,53,0,0
70,–ö—É—Ä—Ç–∫–∞ –ø–æ–Ω—Ä–∞–≤–∏–ª–∞—Å—å,2024-09-24,5,18,0,0
71,–°—É–ø–µ—Ä,2024-09-23,5,5,1,0
72,"–î–µ–≤—É—à–∫–∞ –¥–æ–≤–æ–ª—å–Ω–∞, –ª–µ–≥–∫–∞—è, –≤–æ–∑–¥—É—à–Ω–∞—è, –¥–ª—è –æ—Å–µ–Ω–∏ —Ç–µ–ø–ª–∞—è",2024-09-22,5,53,0,0
73,"–ö—É—Ä—Ç–∞ –ª–µ–≥–∫–∞—è, —Å–∏–º–ø–∞—Ç–∏—á–Ω–∞—è, –ø–æ–Ω—Ä–∞–≤–∏–ª–∞—Å—å",2024-09-21,5,38,0,0
74,"–ö—É—Ä—Ç–∫–∞ —Å—É–ø–µ—Ä!!! –ù–∞—à–ª–∞ —Ç–∞–∫—É—é –∂–µ –≤ –±–µ–ª–æ–º —Ü–≤–µ—Ç–µ —É –¥—Ä—É–≥–æ–≥–æ –ø—Ä–æ–¥–∞–≤—Ü–∞, –∫—É–ø–∏–ª–∞ . –ú–æ–∏ –ø–∞—Ä–∞–º–µ—Ç—Ä—ã –û–ì-112 —Å–º., –û–ë-114 —Å–º. –ù–∞ –º–Ω–µ —Å–∏–¥–∏—Ç –æ–≤–µ—Ä—Å–∞–π–∑. –°–ø–∞—Å–∏–±–æ.",2024-09-21,5,142,0,0
75,–ö–ª–∞—Å—Å–Ω–∞—è –∫—É—Ä—Ç–∫–∞ –Ω–∞ –≤–µ—Å–Ω—É-–æ—Å–µ–Ω—å,2024-09-19,5,30,0,0
76,"–•–æ—Ä–æ—à–∞—è –∫—É—Ä—Ç–æ—á–∫–∞, –¥–æ—á–∫–µ –ø–æ–Ω—Ä–∞–≤–∏–ª–∞—Å—å",2024-09-19,5,35,0,0
77,–°—É–ø–µ—Ä –∫—É—Ä—Ç–∫–∞,2024-09-18,5,12,0,0
78,"–•–æ—Ä–æ—à–∞—è –∫—É—Ä—Ç–∫–∞, –ø–æ –º–Ω–µ —Ç–æ–Ω–∫–æ–≤–∞—Ç–∞, –Ω–æ —Å –∫–æ—Ñ—Ç–æ–π –¥–æ –∑–∏–º—ã –¥–æ—Ö–æ–¥–∏—Ç, –∫–∞—á–µ—Å—Ç–≤–æ —Å–æ–æ—Ç–≤–µ—Ç—Å—Ç–≤—É–µ—Ç —Ü–µ–Ω–µ, 42 —Ä–∞–∑–º–µ—Ä –∫–∞–∫—Ä–∞–∑ –Ω–∞ 46,–¥–æ—á–µ—Ä–∏ –æ–≤–µ—Ä—Å–∞–π–∑",2024-09-17,5,130,0,0
79,–ú–Ω–æ–≥–æ –ø–µ—Ä–µ–±—Ä–∞–ª –∫—É—Ä—Ç–æ–∫ –Ω–æ –æ—Å—Ç–∞–Ω–æ–≤–∏–ª–∞—Å—å –Ω–∞ —ç—Ç–æ–π –∏ –Ω–µ –æ—à–∏–±–ª–∞—Å—å –∑–∞ —á—Ç–æ —Å–ø–∞—Å–∏–±–æ –ø—Ä–æ–¥–∞–≤—Ü—Éü§ó–æ–Ω–∞ –≤–æ–∑–¥—É—à–Ω–∞—è –∏ –Ω–∏–∫–∞–∫–∏—Ö –ø—Ä–µ—Ç–µ–Ω–∑–∏–π –∫ –ø–æ—à–∏–≤—É. –ù–∞ —Å–≤–æ–π46—Ä –∑–∞–∫–∞–∑–∞–ª–∞ 42—Ä –ø–æ–ª—É—á–∏–ª—Å—è –ª—ë–≥–∫–∏–π –æ–≤–µ—Ä—Å–∞–π–∑ –µ—Å—Ç—å –º–µ—Å—Ç–æ –¥–ª—è —Ç–æ–ª—Å—Ç–æ–≤–∫–∏ –≤ –æ–±—â–µ–º —è –¥–æ–≤–æ–ª—å–Ω–∞ü§óü§óü§óü§ó,2024-09-16,5,225,0,0
80,–û—Ö...... –Øüî•üî•üî•üî•üî•üî•üî•,2024-09-15,5,17,0,0
81,"–ü–µ—Ä–≤–æ–µ –≤–ø–µ—á–∞—Ç–ª–µ–Ω–∏–µ –æ—Ç –∫—É—Ä—Ç–∫–∏ –±—ã–ª–æ —Ö–æ—Ä–æ—à–µ–µ. –ù–æ –ø–æ—Å–ª–µ —Å—Ç–∏—Ä–∫–∏ —Ñ—É—Ä–Ω–∏—Ç—É—Ä–∞ –Ω–∞ –∫–∞—Ä–º–∞–Ω–∞—Ö –æ–∫—Ä–∞—Å–∏–ª–∞ —Ç–∫–∞–Ω—å —Ä–∂–∞–≤—á–∏–Ω–æ–π. –ß—Ç–æ —Ç–µ–ø–µ—Ä—å —Å —ç—Ç–∏–º –¥–µ–ª–∞—Ç—å, –Ω–µ–ø–æ–Ω—è—Ç–Ω–æ.",2024-09-17,3,143,1,0
82,–í—Å—ë –æ—Ç–ª–∏—á–Ω–æ!,2024-09-15,5,12,0,0
83,"–ö–ª–∞—Å—Å–Ω–∞—è,–ª—ë–≥–∫–∞—è,—Ç–µ–ø–ª–∞—è, –∫–∞—á–µ—Å—Ç–≤–µ–Ω–Ω–∞—è,44—Ä –Ω–∞ –º–æ–π 44-46—Ä –Ω–µ–º–Ω–æ–≥–æ —Å–≤–æ–±–æ–¥–Ω–∞—è,–∫–∞–∫ –Ω–µ–±–æ–ª—å—à–æ–π –æ–≤–µ—Ä—Å–∞–π–∑,–º–Ω–µ –ø–æ–Ω—Ä–∞–≤–∏–ª–∞—Å—å",2024-09-14,5,111,0,0
84,"–ö—É—Ä—Ç–∫–∞ –Ω–∞ –ø–µ—Ä–≤—ã–π –≤–∑–≥–ª—è–¥ —Ö–æ—Ä–æ—à–∞—è, –∞–∫–∫—É—Ä–∞—Ç–Ω–æ –ø–æ—à–∏—Ç–∞, –Ω–æ –Ω–µ –ø–ª–æ—Ç–Ω–∞—è. –õ—ë–≥–∫–∞—è",2024-09-13,5,72,0,0
85,"–ö—É—Ä—Ç–∫–∞ –æ—Ç–ª–∏—á–Ω–∞—è,–ø–æ —Ä–∞–∑–º–µ—Ä—É,–ø–æ —Ü–≤–µ—Ç—É. –¢–∫–∞–Ω—å –ø—Ä–∏—è—Ç–Ω–∞—è –Ω–∞ –æ—â—É–ø—å. –†–µ–∫–æ–º–µ–Ω–¥—É—é . –ö–∞–∫ –±—É–¥–µ—Ç –Ω–æ—Å–∏—Ç—Å—è –Ω–µ –∑–Ω–∞—é,–ø–æ—Å–ª–µ —Å—Ç–∏—Ä–∫–∏ –∏ –Ω–æ—Å–∫–∏ –æ—Ç–ø–∏—à—É—Å—å",2024-09-13,5,130,0,0
86,"–î–æ—Å—Ç–æ–∏–Ω—Å—Ç–≤–∞
       –ö–∞—á–µ—Å—Ç–≤–æ –ø–æ—à–∏–≤–∞ –æ—á–µ–Ω—å –æ–±—Ä–∞–¥–æ–≤–∞–ª–æ.",2024-09-13,5,52,0,0
87,"–•–æ—Ä–æ—à–µ–µ –∫–∞—á–µ—Å—Ç–≤–æ, —Ä–µ–∫–æ–º–µ–Ω–¥—É—é",2024-09-12,5,28,0,0
88,"–ö—É—Ä—Ç–∫–∞ –∫–ª–∞—Å—Å–Ω–∞—è, –ø—Ä–æ—à–∏—Ç–æ —Ö–æ—Ä–æ—à–æ. –î–ª—è –¥–µ–≤–æ—á–∫–∏ –ø–æ–¥—Ä–æ—Å—Ç–∫–∞ —Ç–æ —á—Ç–æ –Ω–∞–¥–æ üëçüëçüëç
–î–æ—á–∫–∞ –¥–æ–≤–æ–ª—å–Ω–∞üòâ",2024-09-12,5,86,0,0
89,"–õ–µ–≥–∫–∞—è, —É–¥–æ–±–Ω–∞—è, –∫—Ä–∞—Å–∏–≤–∞—èü©∑–°–æ–æ—Ç–≤–µ—Ç—Å—Ç–≤—É–µ—Ç —Ä–∞–∑–º–µ—Ä—É üëç",2024-09-12,5,49,0,0
90,–•–æ—Ä–æ—à–∞—è –∫—É—Ä—Ç–∫–∞,2024-09-12,5,14,0,0
91,üëçüëçüëçüëçüëç,2024-09-12,5,5,0,0
92,"–ù–µ —Ç–æ–ª—Å—Ç—ã–µ –∏ –Ω–µ —Ç–æ–Ω–∫–∏–µ.
–ù–∞ –æ—â—É–ø—å –ø—Ä–∏—è—Ç–Ω—ã–µ.
–î—ã—à–∞—â–∏–µ.
–ü—Ä–æ—á–Ω—ã–µ.
–°–∏–Ω—Ç–µ—Ç–∏–∫–∞ –Ω–µ –æ—â—É—â–∞–µ—Ç—Å—è.
–ù–∞ 38 —Ä–∞–∑–º–µ—Ä –ø–æ–¥–æ—à–ª–∏ –∏–¥–µ–∞–ª—å–Ω–æ.
–î–ª—è –∑–∞–Ω—è—Ç–∏–π –∞–∫—Ç–∏–≤–Ω—ã–º —Å–ø–æ—Ä—Ç–æ–º –ø–æ–¥—Ö–æ–¥—è—Ç.
–ü—Ä–∏ –∂–µ–ª–∞–Ω–∏–∏ —Å–≤–µ—Ä—Ö—É –º–æ–∂–Ω–æ –ø–æ–¥–≤–µ—Ä–Ω—É—Ç—å.
–°–¥–µ–ª–∞–Ω—ã –≤ –ü–∞–∫–∏—Å—Ç–∞–Ω–µ.

–ò–∑ –Ω–µ–¥–æ—Å—Ç–∞—Ç–∫–æ–≤: —Ç—É–≥–æ–≤–∞—Ç–∞ —Ä–µ–∑–∏–Ω–∫–∞, –æ—Å–æ–±–µ–Ω–Ω–æ –¥–ª—è –ø–æ–ª–Ω—ã—Ö –Ω–æ–≥.",2024-05-29,5,272,1,0
93,üëç,2024-10-10,5,1,0,0
94,"–ü—Ä–µ–∫—Ä–∞—Å–Ω—ã–µ —Ö–ª–æ–ø–∫–æ–≤—ã–µ –Ω–æ—Å–∫–∏. –†–µ–∑–∏–Ω–∫–∞ –¥–æ –ø–µ—Ä–≤—ã—Ö —Å—Ç–∏—Ä–æ–∫ –ø–æ–∫–∞–∑–∞–ª–∞—Å—å –Ω–µ–º–Ω–æ–≥–æ —Ç—É–≥–æ–≤–∞—Ç–∞, –Ω–æ –ø–æ—Å–ª–µ - –≤ —Å–∞–º—ã–π —Ä–∞–∑. –û—Ç–Ω–æ—Å–∏—Ç–µ–ª—å–Ω–æ —Ç–æ–Ω–∫–∏–µ.",2024-10-09,5,126,0,0
95,"–ë–µ—Ä—É –Ω–µ –ø–µ—Ä–≤—ã–π —Ä–∞–∑, —Ö–æ—Ä–æ—à–∏–µ –Ω–æ—Å–∫–∏.",2024-10-09,5,34,0,0
96,"–ë–æ–ª—å—à–∏–µ, –Ω–æ –∫–ª–∞—Å—Å–Ω—ã–µ",2024-10-07,5,20,0,0
97,–û—Ç–ª–∏—á–Ω—ã–π —Ç–æ–≤–∞—Ä,2024-10-07,5,14,0,0
98,"–ù–æ–≥–∏ –≤ –Ω–∏—Ö —É–∂–∞—Å–Ω–æ –ø–æ—Ç–µ—é—Ç, —Ö–æ—Ç—è –º–∞—Ç–µ—Ä–∏–∞–ª –≤—Ä–æ–¥–µ –±—ã –Ω–∞—Ç—É—Ä–∞–ª—å–Ω—ã–π",2024-10-05,1,60,0,0
99,–ü–æ–π–¥–µ—Ç,2024-10-05,5,6,0,0
100,–ù–æ—Ä–º–∞–ª—å–Ω—ã–µ,2024-10-05,5,10,0,0
101,–û—á–µ–Ω—å –Ω–µ–ø—Ä–æ—á–Ω—ã–µ –∏ –º–∞–ª–æ–º–µ—Ä–Ω—ã–µ,2024-10-03,3,28,0,0
102,–•–æ—Ä–æ—à–∏–µ –Ω–æ—Å–∫–∏,2024-10-01,5,13,0,0
103,–•–æ—Ä–æ—à–∏–µ,2024-10-01,5,7,0,0
104,–ö–∞—á–µ—Å—Ç–≤–æ üëç –ù–∞—Å—ã—â–µ–Ω–Ω—ã–π —Ü–≤–µ—Ç. 1 –ø–∞—Ä–∞ —á—É—Ç—å –±–æ–ª–µ–µ 100 —Ä—É–±. üî•,2024-09-29,5,56,0,0
105,–û—Ç–ª–∏—á–Ω–æ–µ –∫–∞—á–µ—Å—Ç–≤–æ,2024-09-29,5,17,0,0
106,–æ–∫,2024-09-28,5,2,0,0
107,–ü–æ–ª–æ–∂–∏—Ç–µ–ª—å–Ω—ã–µ,2024-09-27,5,13,0,0
108,"–•–æ—Ä–æ—à–∏–µ –Ω–æ—Å–æ—á–∫–∏, –¥–æ–≤–æ–ª—å–Ω–∞üëç",2024-09-27,5,26,0,0
109,–æ—Ç–ª–∏—á–Ω–æ,2024-09-27,5,7,0,0
110,üëå‚ú®,2024-09-25,5,2,0,0
111,üëå‚ú®,2024-09-25,5,2,0,0
112,–ù–æ—Å–∫–∏ –∫–ª–∞—Å—Å–Ω—ã–µ.,2024-09-25,5,15,0,0
113,–ó–∞–∫–∞–∑—ã–≤–∞–ª–∞ —Å—ã–Ω—É. –ü–æ–Ω—Ä–∞–≤–∏–ª–∏—Å—å,2024-09-23,5,28,0,0
114,–û—Ç–ª–∏—á–Ω–æüëç –ø–ª–æ—Ç–Ω—ã–µ,2024-09-23,5,16,0,0
115,"–ö–∞—á–µ—Å—Ç–≤–æ –ø–ª–æ—Ö–æ–µ, —Ä–µ–∑–∏–Ω–∫–∏ —É–∑–∫–∏–µ, –≤—Ä–µ–∑–∞–µ—Ç—Å—è –≤ —Ç–µ–ª–æ",2024-09-22,2,48,0,0
116,–ù–æ—Å–∫–∏ –º—É–∂—É –ø–æ–Ω—Ä–∞–≤–∏–ª–∏—Å—å,2024-09-21,5,22,0,0
117,–ù–∞ –Ω–æ–≥–µ –∫–æ—Ä–æ—á–µ —á–µ–º –Ω–∞ —Ñ–æ—Ç–æ,2024-09-19,3,26,0,0
118,.,2024-09-19,5,1,0,0
119,–ú–Ω–µ –ø–æ–Ω—Ä–∞–≤–∏–ª–∏—Å—å!,2024-09-18,5,16,0,0
120,–û—Ç–ª–∏—á–Ω—ã–µ –Ω–æ—Å–∫–∏,2024-09-17,5,14,0,0
121,–û—Ç–ª–∏—á–Ω—ã–µ –Ω–æ—Å–∫–∏!,2024-09-13,5,15,0,0
122,"–í–ø–µ—á–∞—Ç–ª–µ–Ω–∏–µ –≥—Ä—É—Å—Ç–Ω–æ–µ. –¢–∫–∞–Ω—å –≥—Ä—É–±–∞—è, –º–Ω–æ–≥–æ —Å–∏–Ω—Ç–µ—Ç–∏–∫–∏. –û—á–µ–Ω—å —Ç–æ–ª—Å—Ç—ã–µ, –ø–ª–æ—Ç–Ω—ã–µ! –û—Å—Ç–∞–≤–∏–ª–∞ –¥–ª—è —Ä–µ–∑–∏–Ω–æ–≤—ã—Ö —Å–∞–ø–æ–≥.",2024-09-12,4,106,0,0
123,–ë–ª–∞–≥–æ–¥–∞—Ä—é,2024-09-12,5,9,0,0
124,–ù–æ—Ä–º–∞–ª—å–Ω—ã–µ –Ω–æ—Å–∫–∏,2024-09-12,5,16,0,0
125,"–ù–æ—Å–∫–∏ —Ö–æ—Ä–æ—à–∏–µ. –•–ª–æ–ø–æ–∫. –ö—É–ø–∏–ª–∞ –∞–∂ –¥–≤–µ —É–ø–∞–∫–æ–≤–∫–∏ –ø–æ—Å–ª–µ –ø–µ—Ä–≤–æ–π. –ü–æ–Ω—Ä–∞–≤–∏–ª–æ—Å—å üëåüèªüëçüèª–ü–æ—Å–ª–µ –Ω–µ—Å–∫–æ–ª—å–∫–∏—Ö —Å—Ç–∏—Ä–æ–∫ –Ω–µ –∏—Å–ø–æ—Ä—Ç–∏–ª–∏—Å—å. –î–∞–∂–µ –∫–∞—Ç—É—à–∫–∏, –≤–æ—Ä—Å–∏–Ω–∫–∏ –Ω–µ –æ–±—Ä–∞–∑–æ–≤–∞–ª–∏—Å—å. –†–µ–∫–æ–º–µ–Ω–¥—É—é üëåüèªüëçüèª",2024-09-12,5,171,0,0
126,–ö–∞—á–µ—Å—Ç–≤–µ–Ω–Ω—ã–µ –Ω–æ—Å–∫–∏,2024-09-11,5,18,0,0
127,–ù–æ–æ–º,2024-09-10,4,4,0,0
128,"–û—á–µ–Ω—å –ø–ª–æ—Ç–Ω—ã–µ, —Ö–≤–∞—Ç–∏—Ç –Ω–∞–¥–æ–ª–≥–æ —Ç–∞–∫–∏—Ö",2024-09-08,5,35,0,0
129,"–û—Ç–ª–∏—á–Ω—ã–µ —Ö–ª–æ–ø–∫–æ–≤—ã–µ –Ω–æ—Å–∫–∏. –ö—É–ø–∏–ª–∞ –¥–≤–µ —É–ø–∞–∫–æ–≤–∫–∏ üëçüèªüëåüèª–Ω–µ –ø–æ–∂–∞–ª–µ–ª–∞. –°—Ç–∏—Ä–∫—É –ø–µ—Ä–µ–Ω–æ—Å—è—Ç —Ö–æ—Ä–æ—à–æ. –ü–æ–∫–∞ —á—Ç–æ –∫–∞—Ç—É—à–µ–∫, –≤–æ—Ä—Å–∏–Ω–æ–∫ –Ω–µ—Ç. –†–µ–∫–æ–º–µ–Ω–¥—É—é –∫ –ø–æ–∫—É–ø–∫–∏. –ë—É–¥—É –µ—â–µ –ø–æ–∫—É–ø–∞—Ç—å.",2024-09-03,5,160,0,0
130,"–û—á–µ–Ω—å –¥–æ–±—Ä–æ—Ç–Ω—ã–µ, —Ö–æ—Ä–æ—à–∏–µ –Ω–æ—Å–∫–∏. –°–ø–∞—Å–∏–±–æ!!!",2024-09-01,5,42,0,0
131,"–•–æ—Ä–æ—à–∏–µ –Ω–æ—Å–∫–∏,–Ω–µ –æ–¥–Ω–æ—Ä–∞–∑–æ–≤—ã–µ)",2024-08-31,5,29,0,0
132,"—Ö–æ—Ä–æ—à–∏–µ,–∑–∞–∫–∞–∑—ã–≤–∞—é –Ω–µ –≤ –ø–µ—Ä–≤—ã–π —Ä–∞–∑",2024-08-27,5,33,0,0
133,–°–ø–ª–æ—à–Ω–∞—è —Å–∏–Ω—Ç—ç—Ç–∏–∫–∞,2024-08-27,2,18,0,0
134,–°–∏–Ω—Ç–µ—Ç–∏–∫–∞,2024-08-22,3,9,0,0
135,–•–æ—Ä–æ—à–∏–µ.,2024-08-21,5,8,0,0
136,–¢—è–Ω—É—Ç—Å—è —Ö–æ—Ä–æ—à–æ,2024-08-20,5,14,0,0
137,–û–±—ã—á–Ω—ã–µ –Ω–µ–¥–æ—Ä–æ–≥–∏–µ –Ω–æ—Å–∫–∏. –ó–∞ —Å–≤–æ—é —Ü–µ–Ω—É –æ–∫,2024-08-19,5,40,0,0
138,"–î–æ—Å—Ç–æ–∏–Ω—Å—Ç–≤–∞
       –ù–æ—Å–∫–∏ –æ—Ç–ª–∏—á–Ω–æ–≥–æ –∫–∞—á–µ—Å—Ç–≤–∞. –î–æ–ª–≥–æ –Ω–æ—Å—è—Ç—Å—è, –∫—Ä–∞—Å–∫–∞ –Ω–µ —Å–º—ã–≤–∞–µ—Ç—Å—è –ø—Ä–∏ —Å—Ç–∏—Ä–∫–µ. –†–µ–∑–∏–Ω–∫–∞ –≤ –º–µ—Ä—É —Ç—É–≥–∞—è, –Ω–æ–≥—É –Ω–µ –ø–µ—Ä–µ–¥–∞–≤–ª–∏–≤–∞–µ—Ç.",2024-08-17,5,136,0,0
139,–•–æ—Ä–æ—à–µ–µ –∫–∞—á–µ—Å—Ç–≤–æ!,2024-08-17,5,17,0,0
140,"–•–æ—Ä–æ—à–∏–π, –ø—Ä–∏—è—Ç–Ω—ã–π –º–∞—Ç–µ—Ä–∏–∞–ª. –†–µ–∑–∏–Ω–∫–∞ –Ω–µ –¥–∞–≤–∏—Ç –∏ –Ω–µ —Å–ø–æ–ª–∑–∞–µ—Ç. –ù–µ–±–æ–ª—å—à–æ–π –º–∏–Ω—É—Å - –ø–æ—Å–ª–µ –Ω–æ—Å–∫–∏ –æ—Å—Ç–∞—é—Ç—Å—è –∫–∞—Ç—ã—à–∫–∏. –ù–æ –º–æ–∂–µ—Ç –Ω–µ—Å–∫–æ–ª—å–∫–æ —Å—Ç–∏—Ä–æ–∫ –∏—Å–ø—Ä–∞–≤—è—Ç —Å–∏—Ç—É–∞—Ü–∏—é.",2024-08-14,5,152,0,0
141,"–ù–µ–¥–æ—Å—Ç–∞—Ç–∫–∏
       –ù–æ—Å–∫–∏ –Ω–∞ 39–º —Ä–∞–∑–º–µ—Ä–µ –¥–æ –∫–æ–ª–µ–Ω–∞))) –û—á–µ–Ω—å —Ç–æ–Ω–∫–∏–µ.",2024-08-14,2,65,0,0
142,–ü–æ–¥–æ—à–ª–æ,2024-08-13,5,7,0,0
143,–ù–æ—Ä–º–∞–ª—å–Ω–æ –≤—Å—ë,2024-08-10,5,13,0,0
144,–û—Ç–ª–∏—á–Ω—ã–µ –Ω–æ—Å–∫–∏ . –í –º–µ—Ä—É –ø–ª–æ—Ç–Ω—ã–µ. –ù–∞ 45 —Å–µ–ª–∏ —Ö–æ—Ä–æ—à–æ. –†–µ–∫–æ–º–µ–Ω–¥—É—é,2024-08-07,5,62,0,0
145,–ù–æ—Å–∫–∏ –Ω–æ—Ä–º,2024-08-05,5,10,0,0
146,–ù–æ—Å–∫–∏ –æ—á–µ–Ω—å —Ö–æ—Ä–æ—à–∏–µ –í—ã—Å–æ–∫–∏–µ –Ω–µ —Ç–æ–Ω–∫–∏–µ.–ù–∞ –æ—Å–µ–Ω—å,2024-08-04,4,46,0,0
147,"–ü–æ—Å–ª–µ –Ω–æ—Å–∫–∏ –¥–æ–±–∞–≤–ª—é, –≤–ø–µ—á–∞—Ç–ª–µ–Ω–∏–µ —Ö–æ—Ä–æ—à–µ–µ",2024-08-04,5,40,0,0
148,–í–æ–æ–±—â–µ –æ—Ç–ª–∏—á–Ω–æ –∑–∞ —Å–≤–æ–∏ –¥–µ–Ω—å–≥–∏,2024-08-02,5,29,0,0
149,üî•üí£ü§ùüëç,2024-08-02,5,4,0,0
150,–ü–ª–æ—Ç–Ω–µ–Ω—å–∫–∏–µ,2024-08-02,5,11,0,0
151,–û—Ç–ª–∏—á–Ω—ã–Ω –Ω–æ—Å–∫–∏,2024-08-01,5,14,0,0
152,"–í—Å–µ –æ—Ç–ª–∏—á–Ω–æ, —Ä–µ–∫–æ–º–µ–Ω–¥—É—é!",2024-08-01,5,24,0,0
153,–ü—Ä–∏—è—Ç–Ω—ã–µ. –¶–≤–µ—Ç —Å–æ—á–Ω—ã–π.,2024-07-31,5,22,1,0
154,–ù–æ—Ä–º,2024-07-31,5,4,0,0
155,"–î–æ—Å—Ç–æ–∏–Ω—Å—Ç–≤–∞
       –£–¥–æ–±–Ω—ã–µ",2024-07-31,5,26,0,0
156,"–û—Ç–ª–∏—á–Ω—ã–µ, —Ç–æ–Ω–∫–∏–µ, —Ö–ª–æ–ø–∫–æ–≤—ã–µ –Ω–æ—Å–∫–∏ –Ω–∞ –ª–µ—Ç–æ.",2024-07-30,5,42,0,0
157,–í—ã–≥–æ–¥–Ω–æ!,2024-07-30,5,8,0,0
158,–†–µ–∑–∏–Ω–∫–∞ —Ç—É–≥–æ–≤–∞—Ç–∞—è,2024-07-29,4,17,0,0
159,"–î–æ—Å—Ç–æ–∏–Ω—Å—Ç–≤–∞
       –£–¥–æ–±–Ω—ã–µ",2024-07-29,5,26,0,0
160,–ù–æ—Ä–º–∞–ª—å–Ω—ã–µ –Ω–æ—Å–∫–∏,2024-07-29,5,16,1,0
161,–•–æ—Ä–æ—à–∏–µ –ª–µ—Ç–Ω–∏–µ –Ω–æ—Å–∫–∏!,2024-07-28,5,21,0,0
162,–û—Ç–ª–∏—á–Ω—ã–µ –Ω–æ—Å–∫–∏!,2024-07-28,5,15,1,0
163,–ù–∞ 45 —Ä–∞–∑–º–µ—Ä —Å–∏–¥—è—Ç —Ö–æ—Ä–æ—à–æ.,2024-07-27,4,26,1,0
164,"–î–æ—Å—Ç–æ–∏–Ω—Å—Ç–≤–∞
       –ö–∞—á–µ—Å—Ç–≤–µ–Ω–Ω—ã–µ",2024-07-27,5,31,0,0
165,"–•–æ—Ä–æ—à–∏–µ –Ω–æ—Å–∫–∏, –Ω–µ —Å–ª–∏—à–∫–æ–º —Ç–æ–Ω–∫–∏–µ.",2024-07-27,5,33,0,0
166,–ù–æ—Ä–º,2024-07-27,5,4,0,0
167,–•–æ—Ä–æ—à–∏–µ –Ω–æ—Å–∫–∏,2024-07-26,5,13,1,0
168,"–ü–æ–ª–Ω–æ—Å—Ç—å—é —Å–æ–æ—Ç–≤–µ—Ç—Å—Ç–≤—É–µ—Ç –æ–ø–∏—Å–∞–Ω–∏—é, —Ä–µ–∫–æ–º–µ–Ω–¥—É—é –∫ –ø–æ–∫—É–ø–∫–µ",2024-07-26,5,54,0,0
169,–•–æ—Ä–æ—à–∏–µ –Ω–æ—Å–∫–∏,2024-07-26,5,13,1,0
170,"–ö–∞—Ç—ã—à–∫–∏, —Ü–≤–µ—Ç —Å—Ç–∞–ª —Å–µ—Ä—ã–º(—Å—Ç–∏—Ä–∞—è –ø–æ –ø—Ä–∞–≤–∏–ª–∞–º)",2024-07-26,2,44,0,0
171,"–•–æ—Ä–æ—à–∏–µ –Ω–æ—Å–∫–∏. –ü—Ä–∏—è—Ç–Ω–∞—è —Ç–∫–∞–Ω—å –∫ –Ω–æ–≥–µ.  –ï–¥–∏–Ω—Å—Ç–≤–µ–Ω–Ω—ã–π –º–∏–Ω—É—Å - –∂–µ—Å—Ç–∫–∞—è —Ä–µ–∑–∏–Ω–∫–∞, –Ω–æ —ç—Ç–æ –º–µ–ª–æ—á–∏.",2024-07-26,5,91,0,0
172,–ù–æ—Ä–º–∞–ª—å–Ω—ã–µ –Ω–æ—Å–∫–∏! –†–∞–∑–º–µ—Ä —Å–æ–æ—Ç–≤–µ—Ç—Å—Ç–≤—É–µ—Ç! –ë—É–¥–µ–º –Ω–∞–¥–µ—è—Ç—å—Å—è —á—Ç–æ –ø—Ä–æ—Å–ª—É–∂–∞—Ç –¥–æ–ª–≥–æ! –†–µ–∫–æ–º–µ–Ω–¥—É—é!,2024-07-25,5,88,0,0
173,"–¢–æ–Ω–∫–∏–µ, –ª—ë–≥–∫–∏–µ, —É–¥–æ–±–Ω—ã–µ. –ù–∞ –ª–µ—Ç–æ —Å–∞–º–æ–µ —Ç–æ! –†–µ–∑–∏–Ω–∫–∞ —Ö–æ—Ä–æ—à–∞—è, –¥–µ—Ä–∂–∏—Ç –∏ –Ω–µ –ø–µ—Ä–µ–∂–∏–º–∞–µ—Ç –Ω–æ–≥—É.",2024-07-25,5,88,1,0
174,"–•–æ—Ä–æ—à–∏–µ –Ω–æ—Å–∫–∏, —Ä–∞–∑–º–µ—Ä —Å–æ–≤–ø–∞–¥–∞–µ—Ç, –∫–∞—á–µ—Å—Ç–≤–æ –æ—Ç–ª–∏—á–Ω–æ–µ –¥–∞–∂–µ –ø–æ—Å–ª–µ —Å—Ç–∏—Ä–∫–∏ –Ω–µ —Å–æ–¥—è—Ç—Å—è",2024-07-25,5,79,0,0
175,"–í—ã—Å–æ–∫–∏–µ, –ø–ª–æ—Ç–Ω—ã–µ",2024-07-25,5,16,0,0
176,"–¢–æ–Ω–∫–∏–µ, –Ω–∞ —Ä–∞–±–æ—Ç—É –ª–µ—Ç–æ–º –ø–æ–π–¥—É—Ç. –ü–æ—Å–º–æ—Ç—Ä–∏–º, –∫–∞–∫ –Ω–æ—Å–∏—Ç—å—Å—è –±—É–¥—É—Ç",2024-07-25,5,61,0,0
177,–ó–¥—Ä–∞–≤—Å—Ç–≤—É–π—Ç–µ —Å–ø–∞—Å–∏–±–æ –±–æ–ª—å—à–æ–µ üå∏,2024-07-25,5,30,0,0
178,"–°—É–ø–µ—Ä –∫–∞—á–µ—Å—Ç–≤–æ, —Ä–µ–∑–∏–Ω–∫–∞ —Ö–æ—Ä–æ—à–æ –¥–µ—Ä–∂–∏—Ç, –Ω–æ–≥–∏ –≤ –≤–æ—Å—Ç–æ—Ä–≥–µ",2024-07-24,5,54,0,0
179,"–ù–æ—Å–∫–∏ —É–¥–æ–±–Ω—ã–µ, –º–∞—Ç–µ—Ä–∏–∞–ª —Ö–æ—Ä–æ—à–∏–π.",2024-07-24,4,32,1,0
180,"–û—Ç–ª–∏—á–Ω—ã–µ —Ö–ª–æ–ø–∫–æ–≤—ã–µ –Ω–æ—Å–∫–∏, —Ç–æ–Ω–∫–∏–µ , –∫–∞–∫ —Ä–∞–∑ –¥–ª—è –ª–µ—Ç–∞. –ó–∞–∫–∞–∑–∞–ª–∞ –µ—â—ë, –≤ –¥—Ä—É–≥–æ–º —Ü–≤–µ—Ç–µ.",2024-07-24,5,82,0,0
181,–ë–µ—Ä–∏—Ç–µ,2024-07-24,5,6,0,0
182,"–ü—Ä–∏—è—Ç–Ω—ã–π –º–∞—Ç–µ—Ä–∏–∞–ª, —Ö–æ—Ä–æ—à–∞—è –ø–ª–æ—Ç–Ω–æ—Å—Ç—å",2024-07-24,5,36,0,0
183,–∫–∞—á–µ—Å—Ç–≤–æ —Ö–æ—Ä–æ—à–µ–µ,2024-10-10,5,16,0,0
184,–ù–∞—Ç—É—Ä–∞–ª—å–Ω—ã–π —Ö–ª–æ–ø–æ–∫ - –æ–Ω –∏ –µ—Å—Ç—å –Ω–∞—Ç—É—Ä–∞–ª—å–Ω—ã–π. –ö —Ç–µ–ª—É –∫–∞–∫ —Ä–æ–¥–Ω—ã–µ. –ó–∞–ø–∞—Ö –ø–æ—á—Ç–∏ –Ω–µ –≤–ø–∏—Ç—ã–≤–∞—é—Ç. –î–æ–≤–æ–ª–µ–Ω.,2024-10-09,5,97,0,0
185,"–•–æ—Ä–æ—à–∏–µ –∫–∞—á–µ—Å—Ç–≤–µ–Ω–Ω—ã–µ —Ñ—É—Ç–±–æ–ª–∫–∏, –º—É–∂—É –∑–∞—à–ª–∏ üëçüëç",2024-10-06,5,44,0,0
186,–ù–µ –≤ —Ä–∞–∑–º–µ—Ä –ø—Ä–∏—à–ª–∏ –µ—â–µ –∏ –ø–æ—Å–ª–µ —Å—Ç–∏—Ä–∫–∏ –ø–æ–¥—Å–µ–ª–∏,2024-10-04,3,45,0,0
187,–í—Å–µ –Ω–æ—Ä–º,2024-10-03,5,8,1,0
188,–•–æ—Ä–æ—à–∏–µ —Ñ—É—Ç–±–æ–ª–∫–∏ —Ä–∞–∑–º–µ—Ä –∫–∞–∫ —Ä–∞–∑,2024-10-01,4,31,0,0
189,"–û—Ç–ª–∏—á–Ω–æ–µ –∫–∞—á–µ—Å—Ç–≤–æ, –≤ —Ä–∞–∑–º–µ—Ä",2024-09-29,5,27,0,0
190,"–ö–∞—á–µ—Å—Ç–≤–æ —Ö–ª–æ–ø–∫–∞ —Ö—É–∂–µ, —á–µ–º –≤ –Ω–∞–±–æ—Ä–∞—Ö —Å –≤–µ—Ä—Ç–∏–∫–∞–ª—å–Ω—ã–º –ª–µ–π–±–ª–æ–º –∏ –∫–æ–Ω–∫—Ä–µ—Ç–Ω–æ –º–∞–ª–æ–º–µ—Ä—è—Ç, –Ω–∞ 48/50 –≤—Å–µ–≥–¥–∞ –±–µ—Ä–µ–º –ú , —ç—Ç–∏ –æ–∫–∞–∑–∞–ª–∏—Å—å —Å–æ–≤—Å–µ–º –≤–ø—Ä–∏—Ç—ã–∫. –ú—É–∂ —Ä–µ—à–∏–ª –æ—Å—Ç–∞–≤–∏—Ç—å, –Ω–æ –ø–æ—Å–ª–µ —Å—Ç–∏—Ä–∫–∏ —Ñ—É—Ç–±–æ–ª–∫–∏ —Å–µ–ª–∏ –∏ —Ç–µ–ø–µ—Ä—å —É–π–¥—É—Ç –∫ –ø–ª–µ–º—è–Ω–Ω–∏–∫—É.",2024-09-29,3,216,0,0
191,"–•–æ—Ä–æ—à–∏–µ, –∫–∞—á–µ—Å—Ç–≤–µ–Ω–Ω—ã–µ —Ñ—É–¥–±–æ–ª–∫–∏, —Ä–∞–∑–º–µ—Ä –≤ —Ä–∞–∑–º–µ—Ä.",2024-09-29,5,48,0,0
192,–Ω–æ—Ä–º,2024-09-27,5,4,0,0
193,–ù–æ—Ä–º–∞–ª—å–Ω–æ,2024-09-25,4,9,0,0
194,–õ–µ–π–±–ª —Ä–µ–∑–∏–Ω–æ–≤—ã–π. –û—Ç—Å—Ç–æ–π,2024-09-23,3,23,0,0
195,"–ù–µ–º–Ω–æ–≥–æ –º–∞–ª–æ–º–µ—Ä–∏—Ç, 48 —Ä. –ö–∞–∫ 46",2024-09-19,3,31,0,0
196,–û–≥–æ–Ω—å,2024-09-17,5,5,0,0
197,–ö–∞—á–µ—Å—Ç–≤–æ —Ñ—É—Ç–±–æ–ª–æ–∫ –Ω–∞ —Ç—Ä–æ–µ—á–∫—É,2024-09-15,3,28,0,0
198,–•–æ—Ä–æ—à–∏–π –º–∞—Ç–µ—Ä–∏–∞–ª!,2024-09-15,5,17,0,0
199,"–ö—Ä—É—Ç—ã–µ —Ñ—É—Ç–±–æ–ª–∫–∏, –∫–∞—á–µ—Å—Ç–≤–æ –æ—Ä–∏–≥–∏–Ω–∞–ª, —Å–º–æ—Ç—Ä—è—Ç—Å—è –Ω–∞ 5",2024-09-15,5,50,1,0
200,–ú–∞–ª–æ–º–µ—Ä–∏—Ç,2024-09-12,3,9,0,0
201,–û—Ä–∏–≥–∏–Ω–∞–ª,2024-09-11,5,8,0,0
202,"–ù–æ—Ä–º–∞–ª—å–Ω–æ–µ –∫–∞—á–µ—Å—Ç–≤–æ, –Ω–æ –º–∞–ª–æ–º–µ—Ä–∫–∏.",2024-09-08,5,34,0,0
203,–ü–æ –∏—Ç–æ–≥–µ –≤ –∫–æ—Ä–æ–±–æ—á–∫–µ 2 —Ñ—É—Ç–±–æ–ª–æ—á–∫–∏,2024-09-06,1,33,0,0
204,"–•–æ—Ä–æ—à–∏–µ, –∫–∞—á–µ—Å—Ç–≤–µ–Ω–Ω—ã–µ —Ñ—É—Ç–±–æ–ª–∫–∏.",2024-09-04,5,31,0,0
205,–°—É–ø–µ—Ä,2024-09-04,5,5,0,0
206,"–•–æ—Ä–æ—à–∏–µ —Ñ—É—Ç–±–æ–ª–∫–∏ üëçüèº —Ä–∞–∑–º–µ—Ä —Å–æ–æ—Ç–≤–µ—Ç—Å—Ç–≤—É–µ—Ç, –µ–¥–∏–Ω—Å—Ç–≤–µ–Ω–Ω–æ–µ –≤–º—è—Ç–∏–Ω—ã",2024-09-02,5,62,1,0
207,–°–ø–∞—Å–∏–±–æ,2024-08-30,5,7,0,0
208,–û—Ç–ª–∏—á–Ω–∞—è –±–∞–∑–∞,2024-08-26,5,13,0,0
209,"–û—Ç–ª–∏—á–Ω—ã–µ –±–∞–∑–æ–≤—ã–µ —Ñ—É—Ç–±–æ–ª–∫–∏.
–ú–∞–ª–æ–º–µ—Ä–∏—Ç –Ω–∞ —Ä–∞–∑–º–µ—Ä.
–í—Å–µ–≥–¥–∞ –Ω–æ—à—É L, –Ω–æ —ç—Ç–∏ —Ñ—É—Ç–±–æ–ª–∫–∏ L –ø—Ä—è–º –æ—á–µ–Ω—å –≤ –æ–±—Ç—è–∂–∫—É –∏ –∫–æ—Ä–æ—Ç–∫–æ. XL - –≤ —Å–∞–º—ã–π —Ä–∞–∑.
–ë–µ—Ä–∏—Ç–µ –Ω–∞ —Ä–∞–∑–º–µ—Ä –±–æ–ª—å—à–µ.",2024-08-22,5,155,0,0
210,–ó–æ—Ä–æ–≥–∏–µ —Ñ—É—Ç–±–æ–ª–∫–∏,2024-08-15,5,16,0,0
211,"–ö–∞—á–µ—Å—Ç–≤–æ –Ω–∞ —É—Ä–æ–≤–Ω–µ, –ø–æ—Ö–æ–∂–µ –Ω–∞ –æ—Ä–∏–≥–∏–Ω–∞–ª",2024-08-05,5,38,0,0
212,–†–µ–∫–æ–º–µ–Ω–¥—É—é –±—Ä–∞—Ç—å –Ω–∞ —Ä–∞–∑–º–µ—Ä –±–æ–ª—å—à–µ,2024-08-01,5,33,0,0
213,"–û—Ç–ª–∏—á–Ω—ã–µ —Ç–∏—à–∫–∏, –∫—Ä–æ–π —Å–ª–∏–º",2024-07-31,5,25,0,0
214,"–¢–æ–Ω–∫–∏–µ, –æ–±—ã—á–Ω–∞—è –±–∞–∑–∞, –≤–ø–æ–ª–Ω–µ –ø–æ—Ö–æ–∂–µ –Ω–∞ –æ—Ä–∏–≥–∏–Ω–∞–ª",2024-07-27,5,47,0,0
215,–ü—Ä–µ–∫—Ä–∞—Å–Ω—ã–µ –ø–æ–≤—Å–µ–¥–Ω–µ–≤–Ω—ã–µ —Ñ—É—Ç–±–æ–ª–∫–∏,2024-07-24,5,32,0,0
216,–î–æ–≤–æ–ª–µ–Ω –ø–æ–∫—É–ø–∫–æ–π,2024-07-23,5,16,0,0
217,–û—Ç–∫–ª–µ–∏–ª–∏—Å—å –±—É–∫–≤—ã –ø–æ—Å–ª–µ –ø–∞—Ä—ã —Å—Ç–∏—Ä–æ–∫,2024-07-23,4,34,0,0
218,"–î–æ—Å—Ç–æ–∏–Ω—Å—Ç–≤–∞
       –ù–∞—Ç—É—Ä–∞–ª—å–Ω—ã–π —Ö–ª–æ–ø–æ–∫",2024-07-22,5,37,0,0
219,–°–º–æ—Ç—Ä—è—Ç—Å—è –¥–µ—à–µ–≤–æ+ –æ–¥–Ω–∞ —Ñ—É—Ç–±–æ–ª–∫–∞ —Ä–≤–∞–Ω–Ω–∞—è –ø–æ —à–≤—É,2024-07-21,4,46,0,0
220,"–û—Ä–∏–≥–∏–Ω–∞–ª, —Ö–æ—Ä–æ—à–µ–µ –∫–∞—á–µ—Å—Ç–≤–æ",2024-07-17,5,26,0,0
221,–ù–æ—Ä–º–∞–ª—å–Ω–æ.,2024-07-10,5,10,0,0
222,–ö–ª–∞—Å—Å–Ω–æ–µ –∫–∞—á–µ—Å—Ç–≤–æ,2024-07-10,5,17,0,0
223,–•–æ—Ä–æ—à–∏–π –∫–æ–º–ø–ª–µ–∫—Ç,2024-07-09,5,16,0,0
224,"–ö–ª–∞—Å—Å–Ω—ã–µ, –ª—ë–≥–∫–∏–µ —Ñ—É—Ç–±–æ–ª–∫–∏, –±—É–¥–µ–º –∑–∞–∫–∞–∑—ã–≤–∞—Ç—å –µ—â–µ.",2024-07-01,5,48,0,0
225,–û—Ä–∏–≥–∏–Ω–∞–ª,2024-06-30,5,8,0,0
226,–û—á–µ–Ω—å –ø–æ–Ω—Ä–∞–≤–∏–ª–æ—Å—å),2024-06-29,5,18,0,0
227,–•–æ—Ä–æ—à–∏–µ —Ñ—É—Ç–±–æ–ª–∫–∏ –¥–ª—è –ø–æ–≤—Å–¥–Ω–µ–≤–Ω–æ–≥–æ –∏—Å–ø–æ–ª—å–∑–æ–≤–∞–Ω–∏—è,2024-06-28,5,47,0,0
228,–û—Ç–ª–∏—á–Ω—ã–µ,2024-06-22,5,8,0,0
229,"–æ—Ç–ª–∏—á–Ω—ã–µ —Ñ—É—Ç–±–æ–ª–∫–∏, –æ—Ä–∏–≥–∏–Ω–∞–ª—å–Ω—ã–µ",2024-06-21,5,31,0,0
230,–ö–∞—á–µ—Å—Ç–≤–æ –Ω–∞ —É—Ä–æ–≤–Ω–µ Hugo,2024-06-16,5,23,0,0
231,–ú–∞–ª–µ–Ω—å–∫–∏–µ,2024-06-11,3,9,0,0
232,"–î–æ—Å—Ç–æ–∏–Ω—Å—Ç–≤–∞
       –û—Ç–ª–∏—á–Ω—ã–µ —Ñ—É—Ç–±–æ–ª–∫–∏. –ü–æ–ª –≥–æ–¥–∞ –º—É–∂ –Ω–æ—Å–∏—Ç , –∞ –æ–Ω–∏ –∫–∞–∫ –Ω–æ–≤—ã–µ",2024-06-04,5,74,0,0
233,"–•–æ—Ä–æ—à–∏–µ, –ø—Ä–∏—è—Ç–Ω—ã–µ –Ω–∞ –æ—â—É–ø—å. –ù–µ–º–Ω–æ–≥–æ –ø–æ–≥–ª–∞–¥–∏—Ç—å –∏ –±—É–¥–µ—Ç —Å—É–ø–µ—Ä)",2024-05-31,5,60,1,0
234,–û–≥–æ–Ω—å üî• —Ä–µ–∫–æ–º–µ–Ω–¥—É—é üëç,2024-05-30,5,20,0,0
235,"–°–∞–º —Ç–æ–≤–∞—Ä —Ç–æ–Ω–∫–∏–π –Ω–µ –ø–æ—Ö–æ–∂ –Ω–∞ –æ—Ä–∏–≥ –≠—Ç–æ –ø—Ä–æ—Å—Ç–æ —É–∂–∞—Å, –≤ –æ—Ç–∑—ã–≤–∞—Ö –∫–æ—Ä–æ–±–∫–∞ –ø–æ —Ñ–∞–∫—Ç—É –æ–∑–æ–Ω –æ—Ç–ø–∏—Å—ã–≤–∞–µ—Ç —á—Ç–æ –≤ –∫–∞—Ä—Ç–æ—á–∫–µ –ø–∞–∫–µ—Ç –∏ –≤–æ—Ç –æ–Ω –ø—Ä–µ–∫—Ä–∞—Å–Ω—ã–π –ø–∞–∫–µ—Ç –∫–æ—Ç–æ—Ä—ã–π –¥–∞–∂–µ –∑–∞–∫—Ä—ã—Ç—å –Ω–µ –º–æ–≥–ª–∏, —Ñ—É—Ç–±–æ–ª–∫–∏ –ø—Ä–∏–µ—Ö–∞–ª–∏ –≥—Ä—è–∑–Ω—ã–µ",2024-05-30,1,197,0,0
236,"–ö–æ–º–ø–ª–µ–∫—Ç –∏–∑ 3 —Ñ—É—Ç–±–æ–ª–æ–∫, –∫–∞—á–µ—Å—Ç–≤–æ –Ω–æ—Ä–º, –Ω–∏—Ç–∫–∏ –Ω–µ —Ç–æ—Ä—á–∞—Ç, —Ü–µ–Ω–∞ —Å–æ —Å–∫–∏–¥–∫–æ–π –±—ã–ª–∞ —Ö–æ—Ä–æ—à–∞—è.",2024-05-28,5,85,1,0
237,–•–æ—Ä–æ—à–∏–µ —Ñ—É—Ç–±–æ–ª–∫–∏,2024-05-27,5,16,0,0
238,"–û—Ç–ª–∏—á–Ω—ã–µ –¥–æ–º–∞—à–Ω–∏–µ —Ñ—É—Ç–±–æ–ª–∫–∏. 
–ú–∞–ª–æ–º–µ—Ä—è—Ç —Ä–æ–≤–Ω–æ –Ω–∞ 1 —Ä–∞–∑–º–µ—Ä.",2024-05-23,5,57,1,0
239,"–•–æ—Ä–æ—à–∏–µ —Ñ—É—Ç–±–æ–ª–∫–∏, –Ω–æ –æ–∫–∞–∑–∞–ª–∏—Å—å –º–∞–ª—ã",2024-05-20,5,35,0,0
240,üí•üí•üí•,2024-05-16,5,3,0,0
241,"–î–æ—Å—Ç–æ–∏–Ω—Å—Ç–≤–∞
       –ë—ã—Å—Ç—Ä–æ –æ—á –±—ã—Å—Ç—Ä–æ",2024-05-04,5,35,0,0
242,–ú–∞–ª–æ–º–µ—Ä–∏—Ç,2024-05-04,5,9,0,0
243,"–ë—Ä–∞–ª–∞ –Ω–∞ –ø–æ–¥–∞—Ä–æ–∫, –≤—Å–µ –æ—Ç–ª–∏—á–Ω–æ",2024-04-30,5,29,0,0
244,–ù–æ—Ä–º,2024-04-30,4,4,0,0
245,üëç,2024-04-26,5,1,0,0
246,"–î–æ—Å—Ç–æ–∏–Ω—Å—Ç–≤–∞
       –ü—Ä—è—Ç–Ω–∞—è —Ç–∫–∞–Ω—å, —Ö–æ—Ä–æ—à–æ —Å—à–∏—Ç–∞, —Å–∏–¥–∏—Ç –æ—Ç–ª–∏—á–Ω–æ, –ø—Ä–∏—Ç–∞–ª–µ–Ω–Ω–∞—è –Ω–µ–º–Ω–æ–≥–æ.  –†–∞–∑–º–µ—Ä —Å–æ–æ—Ç–≤–µ—Ç—Å–≤—É–µ—Ç.",2024-04-25,5,105,0,0
247,–°–∏–ª—å–Ω–æ –º–∞–ª–æ–º–µ—Ä—è—Ç –∏ –æ–Ω–∏ —Å–ª–∏–º —Ñ–∏—Ç,2024-04-18,3,31,0,0
248,–≠—Ç–æ –Ω–µ–∏ Hugo,2024-04-16,1,12,0,0
249,–£—Å–ø–µ–ª –∫—É–ø–∏—Ç—å –ø–æ –∞–∫—Ü–∏–∏ :))) –≤—Å–µ –æ—Ç–ª–∏—á–Ω–æ,2024-04-07,5,38,0,0
250,–ú—É–∂ –≤ –≤–æ—Å—Ç–æ—Ä–≥–µ. –û—Ç–ª–∏—á–Ω—ã–µ —Ñ—É—Ç–±–æ–ª–∫–∏,2024-04-02,5,33,0,0
251,"–î–æ—Å—Ç–æ–∏–Ω—Å—Ç–≤–∞
       —Å—É–ø–µ—Ä –∫–∞—á–µ—Å—Ç–≤–æ, –ø—Ä–∏—è—Ç–Ω—ã–µ –∫ —Ç–µ–ª—É - —Ä–∞–∑–º–µ—Ä –≤ —Ä–∞–∑–º–µ—Ä",2024-03-31,5,68,0,0
252,–ü–æ–º—è—Ç–∞ —É–ø–∞–∫–æ–≤–∫–∞,2024-03-30,3,15,0,0
253,"–ù–µ–¥–æ—Å—Ç–∞—Ç–∫–∏
       –ù–µ—Ç",2024-03-27,5,21,0,0
254,"–î–æ—Å—Ç–æ–∏–Ω—Å—Ç–≤–∞
       –ü—Ä–∏—è—Ç–Ω–∞—è —Ü–µ–Ω–∞. –•–æ—Ä–æ—à–æ –≤—Å–µ —É–ø–∞–∫–æ–≤–∞–Ω–æ",2024-03-25,4,54,0,0
255,–•–æ—Ä–æ—à–µ–µ –∫–∞—á–µ—Å—Ç–≤–æ. –ù–æ –º–∞–ª–æ–º–µ—Ä–∫–∏. –ú–æ–¥–µ–ª—å —Å–ª–∏–º,2024-03-24,5,43,1,0
256,–ò–∏—Å—É—Å—å–∏ —Ñ—É—Ç–±–æ–ª–∫–∏,2024-03-22,5,16,0,0
257,"–û–≥–æ–Ω—å,–∫–∞—á–µ—Å—Ç–≤–æ –æ—Ç–ª–∏—á–Ω–æ–µ ,—É–ø–∞–∫–æ–≤–∞–Ω —Ç–æ–≤–∞—Ä —Ö–æ—Ä–æ—à–æ",2024-03-22,5,46,0,0
258,"–ù–µ–¥–æ—Å—Ç–∞—Ç–∫–∏
       –ø–æ–∫–∞ –Ω–µ –æ–±–Ω–∞—Ä—É–∂–∏–ª",2024-03-21,5,35,0,0
259,2 —Ñ—É—Ç–±–æ–ª–∫–∏ –≤–º–µ—Å—Ç–æ —Ç—Ä–µ—Ö,2024-03-20,1,22,1,0
260,"–î–æ—Å—Ç–æ–∏–Ω—Å—Ç–≤–∞
       –¶–µ–Ω–∞",2024-03-13,4,23,0,0
261,"–û–¥–Ω–∞ –∏–∑ —Ñ—É—Ç–±–æ–ª–æ–∫ –æ–∫–∞–∑–∞–ª–∞—Å—å —Å –¥—ã—Ä–∫–æ–π. –ü—Ä–∏—á–µ–º –¥—ã—Ä–∫–∞ –Ω–µ –ø–æ—à–≤—É, –∞ –Ω–∞ —Å–ø–∏–Ω–µ. –£–ø–∞–∫–æ–≤–∞–Ω—ã —Ç–∞–∫, –±—É–¥—Ç–æ –æ–¥–∏–Ω —Ä–∞–∑ –∫–∞–∫ –º–∏–Ω–∏–º—É–º –≤–æ–∑–≤—Ä–∞—Ç –æ—Ñ–æ—Ä–º–ª—è–ª—Å—è.",2024-03-10,2,133,0,0
262,"–ù–µ –ø–ª–æ—Ö–∏–µ —Ñ—É—Ç–±–æ–ª–æ—á–∫–∏,–Ω—É –º–∞–ª–æ–º–µ—Ä—è—Ç, –µ—Å–ª–∏ –±—Ä–∞—Ç—å —Ç–æ —Å–æ —Å–∫–∏–¥–∫–æ–π,–ø–æ–ª–Ω—ã–π –ø—Ä–∞–π—Å –¥—É–º–∞—é –Ω–µ —Å—Ç–æ—è—Ç",2024-03-09,5,87,0,0
263,"–û—Ä–∏–≥–∏–Ω–∞–ª, —Ä–∞–∑–º–µ—Ä –∏ –∫–∞—á–µ—Å—Ç–≤–æ –æ—Ç–ª–∏—á–Ω–æ",2024-03-09,5,35,0,0
264,–í–∞—â–µ —Ç–æ–ø –æ—Ä–∏–≥–∏–Ω–∞–ª,2024-03-08,5,17,0,0
265,"–î–æ—Å—Ç–æ–∏–Ω—Å—Ç–≤–∞
       –º–∞—Ç–µ—Ä–∏–∞–ª",2024-03-03,5,27,0,0
266,"–î–æ—Å—Ç–æ–∏–Ω—Å—Ç–≤–∞
       –•–æ—Ä–æ—à–µ–µ –∫–∞—á–µ—Å—Ç–≤–æ",2024-03-01,5,35,0,0
267,"–î–æ—Å—Ç–æ–∏–Ω—Å—Ç–≤–∞
       –ù–µ –¥–æ—Ä–æ–≥–æ.",2024-02-29,3,29,0,0
268,–°–µ–ª–∏ –ø–æ—Å–æ–µ –ø–µ—Ä–≤–æ–π —Å—Ç–∏—Ä–∫–∏,2024-02-27,4,24,0,0
269,"–î–æ—Å—Ç–æ–∏–Ω—Å—Ç–≤–∞
       –•–æ—Ä–æ—à–∞—è —Ü–µ–Ω–∞",2024-02-26,5,31,0,0
270,"–ö–∞—á–µ—Å—Ç–≤–æ –æ—á–µ–Ω—å —Ö–æ—Ä–æ—à–µ–µ , –±—Ä–∞–ª–∞ –º–Ω–æ–≥–æ —Ä–∞–∑ —Ñ—É—Ç–±–æ–ª–∫–∏ —ç—Ç–æ–≥–æ –±—Ä–µ–Ω–¥–∞",2024-02-23,5,62,0,0
271,–ù–æ—Ä–º,2024-05-24,5,4,0,0
272,"–î–æ—Å—Ç–æ–∏–Ω—Å—Ç–≤–∞
       –ò–∏—Å—É—Å—å–∏ —Ñ—É—Ç–±–æ–ª–∫–∏",2024-02-21,5,35,0,0
273,"–î–æ—Å—Ç–æ–∏–Ω—Å—Ç–≤–∞
       –†–∞–∑–º–µ—Ä –≤ —Ä–∞–∑–º–µ—Ä",2024-02-19,5,34,0,0
274,"–ù–µ–¥–æ—Å—Ç–∞—Ç–∫–∏
       –ó–∞–∫–∞–∑—ã–≤–∞–π—Ç–µ —Å–º–µ–ª–æ –Ω–∞ —Ä–∞–∑–º–µ—Ä –±–æ–ª—å—à–µ",2024-02-11,4,52,0,0
275,"–î–æ—Å—Ç–æ–∏–Ω—Å—Ç–≤–∞
       –û—Ä–∏–≥–∏–Ω–∞–ª",2024-02-09,5,27,0,0
276,"–û—Ç–ª–∏—á–Ω—ã–π —á–µ—Ö–æ–ª, —Ü–≤–µ—Ç –ù–ï —è–¥–æ–≤–∏—Ç—ã–π(–æ—á–µ–Ω—å –≤–∞–∂–Ω–æ), —Ç–∞–∫—Ç–∏–ª—å–Ω–æ –ø—Ä–∏—è—Ç–µ–Ω, –Ω–µ —Å–∫–æ–ª—å–∑–∏—Ç, –Ω–µ –¥–µ–ª–∞–µ—Ç —Ç–µ–ª–µ—Ñ–æ–Ω –≥—Ä–æ–º–æ–∑–¥–∫–∏–º! –¶–∞—Ä–∞–ø–∏–Ω –∏–ª–∏ –∏–Ω—ã—Ö –¥–µ—Ñ–µ–∫—Ç–æ–≤ –Ω–µ –±—ã–ª–æ. –í—ã–≥–ª—è–¥–∏—Ç –∏ –æ—â—É—â–∞–µ—Ç—Å—è ¬´–±–æ–≥–∞—á–µ¬ª —Å–≤–æ–µ–π —Å—Ç–æ–∏–º–æ—Å—Ç–∏. –†–µ–∫–æ–º–µ–Ω–¥—É—é!",2024-09-26,5,202,0,0
277,"–ß–µ—Ö–æ–ª —Å–≤–æ–∏—Ö –¥–µ–Ω–µ–≥ –Ω–µ —Å—Ç–æ–∏—Ç. –ù–∞ –æ—â—É–ø—å –Ω–µ–ø—Ä–∏—è—Ç–Ω—ã–π, –≤ –∫–∞—Ä–º–∞–Ω –∑–∞—Å—É–Ω—É—Ç—å –∏ –¥–æ—Å—Ç–∞—Ç—å –∏–∑ –∫–∞—Ä–º–∞–Ω–∞ - –º—É—á–µ–Ω–∏–µ, —Ç—Ä–µ—Ç—Å—è –æ–± –æ–¥–µ–∂–¥—É –∏–∑–ª–∏—à–Ω–µ.",2024-10-08,2,124,0,0
278,–ü—Ä–∞–∫—Ç–∏—á–µ—Å–∫–∏ —Å—Ä–∞–∑—É —Å–æ–≥–Ω—É–ª—Å—è –≤–æ–∑–ª–µ –∫–Ω–æ–ø–∫–∏ –±–µ—Å—à—É–º–Ω–æ–≥–æ —Ä–µ–∂–∏–º–∞. –ß–µ—Ä–µ–∑ –Ω–µ–¥–µ–ª—é —Å—Ç–∞–ª –ª–∏–ø–∫–∏–º. –í —Ü–µ–ª–æ–º –¥–ª—è —Å–≤–æ–µ–π —Ü–µ–Ω—ã –Ω–æ—Ä–º,2024-10-04,4,112,0,0
279,"–û—Ç–ª–∏—á–Ω—ã–π —á–µ—Ö–æ–ª, –ø—Ä–∏—è—Ç–Ω—ã–π —Ç–∞–∫—Ç–∏–ª—å–Ω–æ, –Ω–∞ —Ç–µ–ª–µ—Ñ–æ–Ω –ø–æ–¥–æ—à–µ–ª.",2024-10-02,5,55,0,0
280,–û—á–µ–Ω—å —Å–∫–æ–ª—å–∑–∫–∏–π –≤ —Ä—É–∫–∞—Ö —á–µ—Ö–æ–ª. –≠—Ç–æ –∂–µ –Ω–∞–¥–æ –±—ã–ª–æ —Ç–∞–∫ –ø–æ—Å—Ç–∞—Ä–∞—Ç—å—Å—è!,2024-10-02,1,64,0,0
281,–ù–æ—Ä–º —á–µ—Ö–æ–ª,2024-09-22,5,10,0,0
282,"–î–æ—Å—Ç–æ–∏–Ω—Å—Ç–≤–∞
       –ü—Ä–∏—è—Ç–Ω—ã–π –Ω–∞ –æ—â—É–ø—å",2024-09-16,5,36,0,0
283,"–í —Ü–µ–ª–æ–º –Ω–µ –ø–ª–æ—Ö–æ–π, –Ω–æ –Ω–∞ —Å—Ç–µ–Ω–∫–µ –µ—Å—Ç—å –∫–∞–∫–∏–µ-—Ç–æ —á–µ—Ä—Ç–æ—á–∫–∏, –∫–∞–∫ –±—É–¥—Ç–æ –Ω–∞—Ä–∏—Å–æ–≤–∞–Ω—ã.",2024-09-12,4,77,0,0
284,–ù–æ—Ä–º. –ù–æ –µ—Å—Ç—å —à–æ–≤ –∏ –∫ –Ω–µ–º—É –æ–æ—á–µ–Ω—å –ª–∏–ø–Ω–µ—Ç –≥—Ä—è–∑—å,2024-09-02,4,46,1,0
285,.,2024-08-22,5,1,0,0
286,–û–¥–Ω–æ–∑–Ω–∞—á–Ω–æ —Ä–µ–∫–æ–º–µ–Ω–¥—É—é,2024-08-22,5,21,0,0
287,–•–æ—Ä–æ—à–∏–π —á–µ—Ö–æ–ª,2024-08-21,5,13,0,0
288,"–•–æ—Ä–æ—à–∏–π —á–µ—Ö–æ–ª, –ø—Ä–∏—è—Ç–Ω—ã–π –Ω–µ–±—Ä–æ—Å–∫–∏–π —Ü–≤–µ—Ç, –≤—Å–µ –∫–Ω–æ–ø–∫–∏ –∏ —Ä–∞–∑—Ä–µ–∑—ã —Å–æ–≤–ø–∞–¥–∞—é—Ç",2024-08-21,5,70,1,0
289,"–ü—Ä–∏—è—Ç–Ω—ã–π —á–µ—Ö–æ–ª, –Ω–µ —Å–∫–æ–ª—å–∑–∏—Ç.",2024-08-17,5,28,0,0
290,"–ö–∞—á–µ—Å—Ç–≤–æ –Ω–∞ —É—Ä–æ–≤–Ω–µ, –Ω–æ —Å–æ –≤—Ä–µ–º–µ–Ω–µ–º —Å–æ—Ñ—Ç —Ç–∞—á –∑–∞—Ç–∏—Ä–∞–µ—Ç—Å—è –∏ —á–µ—Ö–æ–ª —Å—Ç–∞–Ω–æ–≤–∏—Ç—Å—è –∫–∞–∫ —Ä–µ–∑–∏–Ω–æ–≤—ã–π, –ø–æ—Ç–æ–º—É –ø—Ä–æ–ø–∞–¥–∞–µ—Ç —Å–∫–æ–ª—å–∑–∫–æ—Å—Ç—å soft touch, –∏ —á–µ—Ö–æ–ª —Å—Ç–∞–Ω–æ–≤–∏—Ç—Å—è –ø–æ—á—Ç–∏ –Ω–µ —Ä–µ–∞–ª—å–Ω–æ –≤—ã—Ä–æ–Ω–∏—Ç—å –∏–∑ —Ä—É–∫–∏.",2024-08-14,5,183,0,0
291,–í—Å–µ –æ—Ç–ª–∏—á–Ω–æ !!!,2024-08-14,5,15,1,0
292,–ù–æ—Ä–º,2024-08-06,5,4,0,0
293,"–î–æ—Å—Ç–æ–∏–Ω—Å—Ç–≤–∞
       –ß–µ—Ö–æ–ª –ø—Ä–∏—à—ë–ª",2024-07-25,3,31,0,0
294,–£–∂–∞—Å–Ω–æ–µ –∫–∞—á–µ—Å—Ç–≤–æ,2024-07-05,1,16,0,0
295,"–ß–µ—Ö–æ–ª –æ—Ç–ª–∏—á–Ω—ã–π, –∫—Ä–µ–ø–∫–∏–π. –ü–æ—á—Ç–∏ –ø–æ–ª –≥–æ–¥–∞ –ø–æ–ª—å–∑—É—é—Å—å, –≤—Å–µ —Ü–µ–ª–æ–µ",2024-05-22,5,60,0,0
296,–ò–¥–µ–∞–ª—å–Ω—ã–π —á–µ—Ö–æ–ª –∏–º–µ–Ω–Ω–æ —Ç–æ—Ç —á—Ç–æ –∏—Å–∫–∞–ª –Ω–µ —Å–∫–æ–ª—å–∑–∏—Ç –≤ —Ä—É–∫–µ,2024-05-08,5,55,0,0
297,"–ö–∞—á–µ—Å—Ç–≤–µ–Ω–Ω—ã–π, –Ω–µ –ø–æ–∂–∞–ª–µ–ª–∏.",2024-04-14,5,26,0,0
298,"–û—Ç–ª–∏—á–Ω—ã–π —á–µ—Ö–æ–ª, –Ω–æ —á—É—Ç—å —Å–∫–æ–ª—å–∑–∫–æ–≤–∞—Ç , —á–µ—Ä–µ–∑ 2 –Ω–µ–¥–µ–ª–∏ –ø–æ–ª—å–∑–æ–≤–∞–Ω–∏—è –Ω–µ–º–Ω–æ–≥–æ –ø–æ–æ–±—Ç–µ—Ä—Å—è, –ø—Ä–∏–≤—ã–∫–ª–∞",2024-04-05,5,92,0,0
299,"–û—á–µ–Ω—å –ø—Ä–∏—è—Ç–Ω—ã–π –Ω–∞ –æ—â—É–ø—å —á–µ—Ö–æ–ª, –Ω–µ –º–∞—Ä–∫–∏–π. –†–µ–∫–æ–º–µ–Ω–¥—É—é .",2024-03-22,5,54,0,0
300,–ö–∞—á–µ—Å—Ç–≤–æ —Å—É–ø–µ—Ä! –¢–∞–∫—Ç–∏–ª—å–Ω–æ –æ—á–µ–Ω—å –ø—Ä–∏—è—Ç–Ω—ã–π,2024-03-21,5,40,0,0
301,"–î–æ—Å—Ç–æ–∏–Ω—Å—Ç–≤–∞
       –•–æ—Ä–æ—à–∏–π",2024-03-16,5,26,0,0
302,–ö–∞–π—Ñ,2024-03-14,5,4,0,0
303,"–î–æ—Å—Ç–æ–∏–Ω—Å—Ç–≤–∞
       –£–¥–æ–±–Ω—ã–π –∏ –ø—Ä–∏—è—Ç–Ω—ã–π",2024-02-22,5,37,0,0
304,"–î–æ—Å—Ç–æ–∏–Ω—Å—Ç–≤–∞
       –ù–æ—Ä–º–∞–ª—å–Ω—ã–π —á–µ—Ö–æ–ª, —Å–æ –≤—Ä–µ–º–µ–Ω–µ–º —Å—Ç–µ—Ä—Å—è",2024-02-21,5,55,0,0
305,"–î–æ—Å—Ç–æ–∏–Ω—Å—Ç–≤–∞
       –ü–æ–¥–æ—à—ë–ª —Ç–æ—á–Ω–æ –ø–æ —Ä–∞–∑–º–µ–Ω–∞–º, –º—è–≥–∫–∏–π —Å–∏–ª–∏–∫–æ–Ω–æ–≤—ã–π –ø–µ—Ä–∏–º–µ—Ç—Ä –∏ –ø–ª–æ—Ç–Ω—ã–π –∫–∞—Ä–∫–∞—Å —Å –≤–æ—Ä—Å–æ–≤—ã–º –ø–æ–∫—Ä—ã—Ç–∏–µ–º –∏–∑–Ω—É—Ç—Ä–∏.",2024-02-19,5,120,0,0
306,"–ù–µ–¥–æ—Å—Ç–∞—Ç–∫–∏
       –ù–µ—Ç –ª–æ–≥–æ—Ç–∏–ø–∞ (—è–±–ª–æ—á–∫–∞)",2024-02-07,4,40,0,0
307,"–î–æ—Å—Ç–æ–∏–Ω—Å—Ç–≤–∞
       –°–æ –≤—Ä–µ–º–µ–Ω–µ–º –Ω–µ —Å–∫–æ–ª—å–∑–∏—Ç",2024-01-21,5,42,0,0
308,"–î–æ—Å—Ç–æ–∏–Ω—Å—Ç–≤–∞
       –ê–∫–∫—É—Ä–∞—Ç–Ω—ã–π, –≥–ª–∞–¥–∫–∏–π, –∫–∞—á–µ—Å—Ç–≤–µ–Ω–Ω—ã–π",2024-01-19,5,52,0,0
309,"–î–æ—Å—Ç–æ–∏–Ω—Å—Ç–≤–∞
       –•–æ—Ä–æ—à–∏–π,",2024-01-15,5,27,0,0
310,"–î–æ—Å—Ç–æ–∏–Ω—Å—Ç–≤–∞
       –ü—Ä–∏—è—Ç–Ω–æ–µ –Ω–∞ –æ—â—É–ø—å –∫–∞—á–µ—Å—Ç–≤–æ, –≤—Å–µ –∫–Ω–æ–ø–∫–∏ –Ω–∞–∂–∏–º–∞—é—Ç—Å—è, –ø–æ —Ä–∞–∑–º–µ—Ä–∞–º –≤—Å–µ —Å–æ–≤–ø–∞–¥–∞–µ—Ç, –±–æ–ª—å—à–æ–π –≤—ã–±–æ—Ä —Ü–≤–µ—Ç–æ–≤",2024-01-08,5,117,1,0
311,"–î–æ—Å—Ç–æ–∏–Ω—Å—Ç–≤–∞
       –¢–µ–ª–µ—Ñ–æ–Ω –º–æ–∂–Ω–æ —É–≤–µ—Ä–µ–Ω–æ –¥–µ—Ä–∂–∞—Ç—å –≤ —Ä—É–∫–∞—Ö —Å —ç—Ç–∏–º —á–µ—Ö–ª–æ–º, –æ–Ω –≤–æ–æ–±—â–µ –Ω–µ —Å–∫–æ–ª—å–∑–∏—Ç",2023-12-31,5,93,0,0
312,"–î–æ—Å—Ç–æ–∏–Ω—Å—Ç–≤–∞
       –°–æ–æ—Ç–Ω–æ—à–µ–Ω–∏–µ —Ü–µ–Ω–∞-–∫–∞—á–µ—Å—Ç–≤–æ",2023-12-27,5,44,0,0
313,"–î–æ—Å—Ç–æ–∏–Ω—Å—Ç–≤–∞
       –û—á–µ–Ω—å –ø—Ä–∏—è—Ç–Ω—ã–π –º–∞—Ç–µ—Ä–∏–∞–ª",2023-12-20,5,42,0,0
314,"–î–æ—Å—Ç–æ–∏–Ω—Å—Ç–≤–∞
       –ö–∞—á–µ—Å—Ç–≤–µ–Ω–Ω—ã–π",2023-12-17,5,31,1,0
315,"–ù–µ–¥–æ—Å—Ç–∞—Ç–∫–∏
       –ü–∞—Ö–Ω–µ—Ç",2023-12-14,4,24,1,0
316,"–î–æ—Å—Ç–æ–∏–Ω—Å—Ç–≤–∞
       –°–∏–º–ø–∞—Ç–∏—á–Ω—ã–π, –ø—Ä–∏—è—Ç–Ω—ã–π –Ω–∞ –æ—â—É–ø—å",2023-12-07,3,49,0,0
317,"–î–æ—Å—Ç–æ–∏–Ω—Å—Ç–≤–∞
       –ö—Ä–∞—Å–∏–≤—ã–π",2023-12-06,2,27,0,0
318,"–î–æ—Å—Ç–æ–∏–Ω—Å—Ç–≤–∞
       –ß–µ—Ö–æ–ª üî• –ø–æ —Ç–∞–∫—Ç–∏–ª—å–Ω—ã–º –∏ –∑–∞—â–∏—Ç–Ω—ã–º –æ—Ç –ø–∞–¥–µ–Ω–∏—è —Å–≤–æ–π—Å—Ç–≤–∞–º, —Ö–≤–∞—Ç–∞–µ—Ç –Ω–∞ –≥–æ–¥ –∏–Ω—Ç–µ–Ω—Å–∏–≤–Ω–æ–π —ç–∫—Å–ø–ª—É–∞—Ç–∞—Ü–∏–∏. –û–¥–Ω–æ–∑–Ω–∞—á–Ω–æ –ø—è—Ç—ë—Ä–∫–∞!!!",2023-12-06,5,136,0,0
319,"–î–æ—Å—Ç–æ–∏–Ω—Å—Ç–≤–∞
       –û—á–µ–Ω—å –ø—Ä–∏—è—Ç–Ω–æ–µ –ø–æ–∫—Ä—ã—Ç–∏–µ, –∫–∞—á–µ—Å—Ç–≤–µ–Ω–Ω—ã–πüëçü§©",2023-12-02,5,58,0,0
320,"–î–æ—Å—Ç–æ–∏–Ω—Å—Ç–≤–∞
       –í–Ω–∞—á–∞–ª–µ —Å–∫–æ–ª—å–∑–∫–∏–π, –ø–æ–ø–æ–∑–∂–µ –ø–µ—Ä–µ—Å—Ç–∞–µ—Ç —Å–∫–æ–ª—å–∑–∏—Ç—å",2023-11-29,3,65,0,0
321,"–î–æ—Å—Ç–æ–∏–Ω—Å—Ç–≤–∞
       –ù–æ—Ä–º",2023-11-25,5,23,0,0
322,"–î–æ—Å—Ç–æ–∏–Ω—Å—Ç–≤–∞
       –†–∞–∑–º–µ—Ä –ø–æ–¥–æ—à–µ–ª",2023-11-18,5,33,0,0
323,"–ù–µ–¥–æ—Å—Ç–∞—Ç–∫–∏
       –°–ª–∏—à–∫–æ–º –≥–ª–∞–¥–∫–∏–π,—Å–∫–æ–ª—å–∑–∫–∏–π",2023-10-30,2,43,0,0
324,"–î–æ—Å—Ç–æ–∏–Ω—Å—Ç–≤–∞
       –ù–µ —Å–∫–æ–ª—å–∑–∏—Ç, –ø—Ä–∏—è—Ç–Ω—ã–π —Ü–≤–µ—Ç, –≤–Ω—É—Ç—Ä–µ–Ω–Ω—è—è —Å—Ç–æ—Ä–æ–Ω–∞ –∫–∞–∫ –±–∞—Ä—Ö–∞—Ç- –º–µ–ª–∫–∞—è –ø—ã–ª—å –Ω–µ —Ü–∞—Ä–∞–ø–∞–µ—Ç –∫–æ—Ä–ø—É—Å —Ç–µ–ª–µ—Ñ–æ–Ω–∞ üëç",2023-10-26,5,119,0,0
325,"–î–æ—Å—Ç–æ–∏–Ω—Å—Ç–≤–∞
       –ø—Ä–∏—è—Ç–Ω–æ –¥–µ—Ä–∂–∞—Ç—å –≤ —Ä—É–∫–µ, –Ω–µ —Å–∫–æ–ª—å–∑–∏—Ç –∏ –Ω–µ –≤–ø–∏–≤–∞–µ—Ç—Å—è –≤ —Ä—É–∫—É, –≤ –æ–±—â–µ–º –∏–¥–µ–∞–ª—å–Ω–æ –∑–∞ —Å–≤–æ–∏ –¥–µ–Ω—å–≥–∏",2023-10-22,5,109,0,0
326,"–î–æ—Å—Ç–æ–∏–Ω—Å—Ç–≤–∞
       –•–æ—Ä–æ—à–∏–π,–∫—Ä–∞—Å–∏–≤—ã–π –∫–∞—á–µ—Å—Ç–≤–µ–Ω–Ω—ã–π –ø–ª–æ—Ç–Ω—ã–π —á–µ—Ö–æ–ª ,—Ä–µ–∫–æ–º–µ–Ω–¥—É—é",2023-10-18,5,74,0,0
327,"–ù–µ–¥–æ—Å—Ç–∞—Ç–∫–∏
       –ü—Ä–∏—Å–ª–∞–ª–∏ –Ω–µ —Ç–æ—Ç —á–µ—Ö–æ–ª —Å–æ–≤–µ—Ä—à–µ–Ω–Ω–æ,–≤–æ–∑–≤—Ä–∞—Ç
–ü–µ—Ä–µ –∑–∞–∫–∞–∑",2023-10-13,1,69,0,0
328,"–î–æ—Å—Ç–æ–∏–Ω—Å—Ç–≤–∞
       –û—Ç–ª–∏—á–Ω–æ",2023-10-13,5,26,0,0
329,"–î–æ—Å—Ç–æ–∏–Ω—Å—Ç–≤–∞
       –°–∏–Ω–∏–π –∏ –ø—Ä–∏—è—Ç–Ω—ã–π",2023-10-11,4,35,0,0
330,"–î–æ—Å—Ç–æ–∏–Ω—Å—Ç–≤–∞
       –•–æ—Ä–æ—à–∏–π –ø–ª–æ—Ç–Ω—ã–π —á–µ—Ö–æ–ª",2023-10-06,5,40,0,0
331,"–î–æ—Å—Ç–æ–∏–Ω—Å—Ç–≤–∞
       –°—É–ø–µ—Ä",2023-09-22,5,24,0,0
332,"–∫—Ä–∞—Å–∏–≤—ã–π —á–µ—Ö–æ–ª, —Ä–µ–∫–æ–º–µ–Ω–¥—É—é.",2023-09-27,5,27,0,0
333,"–î–æ—Å—Ç–æ–∏–Ω—Å—Ç–≤–∞
       –ß–µ—Ö–æ–ª —Ö–æ—Ä–æ—à–æ –æ–±–ª–µ–≥–∞–µ—Ç —Ç–µ–ª–µ—Ñ–æ–Ω, –∑–∞—â–∏—â–∞–µ—Ç —ç–∫—Ä–∞–Ω –∏ –∑–∞–¥–Ω—é—é –ø–∞–Ω–µ–ª—å. –í—ã–≥–ª—è–¥–∏—Ç –Ω–µ –¥–µ—à–µ–≥–æ",2023-09-19,5,100,0,0
334,"–î–æ—Å—Ç–æ–∏–Ω—Å—Ç–≤–∞
       –ü—Ä–∏—è—Ç–Ω—ã–π, —Ç–µ–ø–ª—ã–π, —É–¥–æ–±–Ω—ã–π",2023-09-03,5,44,0,0
335,"–ß–µ—Ö–æ–ª —Å—É–ø–µ—Ä, –≤—ã–≥–ª—è–¥–∏—Ç –ª–∞–∫–æ–Ω–∏—á–Ω–æ –∏ —É–¥–æ–±–Ω–æ –ª–µ–∂–∏—Ç –≤ —Ä—É–∫–µ. –õ–µ–≥–∫–æ —Å–Ω–∏–º–∞–µ—Ç—Å—è, –∫–Ω–æ–ø–∫–∏ –≤—Å–µ –∏–¥–µ–∞–ª—å–Ω–æ –Ω–∞–∂–∏–º–∞—é—Ç—Å—è. –ó–∞–∫–∞–∑–∞–ª–∞ –ø–æ–≤—Ç–æ—Ä–Ω–æ, –ø—Ä–µ–¥—ã–¥—É—â–µ–≥–æ —Ö–≤–∞—Ç–∏–ª–æ –Ω–∞ –≥–æ–¥ –Ω–µ–ø—Ä–µ—Ä—ã–≤–Ω–æ–≥–æ –∏—Å–ø–æ–ª—å–∑–æ–≤–∞–Ω–∏—è",2023-08-17,5,176,0,0
336,"–î–æ—Å—Ç–æ–∏–Ω—Å—Ç–≤–∞
       –ü—Ä–∏—è—Ç–Ω—ã–π —Ü–≤–µ—Ç",2023-08-06,5,32,1,0
337,"–î–æ—Å—Ç–æ–∏–Ω—Å—Ç–≤–∞
       –ü–æ–¥–æ—à–µ–ª —Å—É–ø–µ—Ä!",2023-08-04,5,33,0,0
338,"–î–æ—Å—Ç–æ–∏–Ω—Å—Ç–≤–∞
       –ù–µ—Ç",2023-07-31,1,22,0,0
339,"–ù–µ–¥–æ—Å—Ç–∞—Ç–∫–∏
       –í–Ω–∏–∑—É –≤–æ–∑–ª–µ –Ω–∏–∂–Ω–∏—Ö –¥–∏–Ω–∞–º–∏–∫–æ–≤ –æ—Ç–æ—à–ª–æ –ø–æ–∫—Ä—ã—Ç–∏–µ",2023-07-18,2,62,0,0
340,"–î–æ—Å—Ç–æ–∏–Ω—Å—Ç–≤–∞
       –•–æ—Ä–æ—à–∏–π —á–µ—Ö–æ–ª, —Ç–æ—á–Ω–∞—è –ø–æ—Å–∞–¥–∫–∞, –ø—Ä–∏—è—Ç–Ω—ã–π —Ü–≤–µ—Ç",2023-07-04,5,63,0,0
341,"–î–æ—Å—Ç–æ–∏–Ω—Å—Ç–≤–∞
       –í–Ω–µ—à–Ω–∏–π –≤–∏–¥, –ø—Ä–∏—è—Ç–Ω—ã–π –Ω–∞ –æ—â—É–ø—å, –º–∏–∫—Ä–æ—Ñ–∏–±—Ä–∞",2023-06-26,4,61,0,0
342,"–î–æ—Å—Ç–æ–∏–Ω—Å—Ç–≤–∞
       –•–æ—Ä–æ—à–∏–π —á–µ—Ö–æ–ª, –ø—Ä–∏—è—Ç–Ω—ã–π",2023-06-13,4,42,0,0
343,"–î–æ—Å—Ç–æ–∏–Ω—Å—Ç–≤–∞
       –•–æ—Ä–æ—à–∏–π —á–µ—Ö–æ–ª, –≤—Å–µ –≤—ã—Ä–µ–∑—ã —Ä–æ–≤–Ω—ã–µ, —Ü–≤–µ—Ç —Å–æ–æ—Ç–≤–µ—Ç—Å—Ç–≤—É–µ—Ç –æ–ø–∏—Å–∞–Ω–∏—é –∏ —Ñ–æ—Ç–æ–≥—Ä–∞—Ñ–∏–∏",2023-05-19,5,93,1,0
344,"–î–æ—Å—Ç–æ–∏–Ω—Å—Ç–≤–∞
       –í—ã—Å–æ–∫–∏–µ –±–æ—Ä—Ç–∏–∫–∏,—á–µ—Ö–æ–ª –ø—Ä–∏–∫–æ–ª—å–Ω—ã–π",2023-05-15,4,51,0,0
345,"–î–æ—Å—Ç–æ–∏–Ω—Å—Ç–≤–∞
       –Ω–µ –ª–∏–ø–Ω–µ—Ç –ø—ã–ª—å –∏ –≤–æ–ª–æ—Å—ã",2023-05-06,5,42,1,0
346,"–î–æ—Å—Ç–æ–∏–Ω—Å—Ç–≤–∞
       –Ω–µ —Ö—É–∂–µ –¥–æ—Ä–æ–≥–∏—Ö",2023-05-01,5,34,0,0
347,"–î–æ—Å—Ç–æ–∏–Ω—Å—Ç–≤–∞
       –ù–µ –ø–∞—á–∫–∞–µ—Ç—Å—è. –ü—Ä–∏—è—Ç–Ω—ã–π –º–∞—Ç–µ—Ä–∏–∞–ª",2023-04-20,5,50,0,0
348,"–î–æ—Å—Ç–æ–∏–Ω—Å—Ç–≤–∞
       –°—É—É—É–ø–µ—Ä",2023-03-21,5,26,0,0
349,"–î–æ—Å—Ç–æ–∏–Ω—Å—Ç–≤–∞
       –í–Ω–µ—à–Ω–∏–π –≤–∏–¥, —Ñ–æ—Ä–º–∞, —Ö–æ—Ä–æ—à–æ –∑–∞—â–∏—â–∞–µ—Ç",2023-03-18,5,54,0,0
350,"–î–æ—Å—Ç–æ–∏–Ω—Å—Ç–≤–∞
       –ù–µ–ø–ª–æ—Ö–æ –≤—ã–≥–ª—è–¥–∏—Ç",2023-03-13,1,35,0,0
351,"–î–æ—Å—Ç–æ–∏–Ω—Å—Ç–≤–∞
       –°–¥–µ–ª–∞–Ω –≤—Ä–æ–¥–µ –∫–∞—á–µ—Å—Ç–≤–µ–Ω–Ω–æ.",2023-03-02,3,44,0,0
352,"–ù–µ–¥–æ—Å—Ç–∞—Ç–∫–∏
       –û—á–µ–Ω—å –≤–æ–Ω—é—á–∏–π —á–µ—Ö–æ–ª",2023-02-07,2,37,0,0
353,–ö–ª–∞—Å—Å–Ω—ã–π —á–µ—Ö–æ–ª. –ù–µ —Å–∫–æ–ª—å–∑–∏—Ç –≤ —Ä—É–∫–µ,2023-02-06,5,34,0,0
354,"–ù–µ–¥–æ—Å—Ç–∞—Ç–∫–∏
       —á–µ—Ö–æ–ª –æ—á–µ–Ω—å –±—ã—Å—Ç—Ä–æ –Ω–∞—á–∞–ª —Ä–≤–∞—Ç—å—Å—è, –∞ —Ç–∞–∫ –æ–Ω –æ—Ç–ª–∏—á–Ω—ã–π",2023-02-02,3,69,0,0
355,"–î–æ—Å—Ç–æ–∏–Ω—Å—Ç–≤–∞
       –ü—Ä–∏—è—Ç–Ω—ã–π –Ω–∞ –æ—â—É–ø—å",2023-01-27,5,36,0,0
356,"–î–æ—Å—Ç–æ–∏–Ω—Å—Ç–≤–∞
       –ü—Ä–∏—è—Ç–Ω—ã–π –Ω–∞ –æ—â—É–ø—å, –Ω–µ —Å–∫–æ–ª—å–∑–∏—Ç , –¥–∏–∑–∞–π–Ω , —á—É–≤—Å—Ç–≤–æ –∑–∞—â–∏—Ç—ã",2023-01-25,4,75,0,0
357,"–î–æ—Å—Ç–æ–∏–Ω—Å—Ç–≤–∞
       –ù–∞ –ø–µ—Ä–≤–æ–µ –≤—Ä–µ–º—è –≤–æ–∑–º–æ–∂–Ω–æ –ø–æ–π–¥–µ—Ç, –Ω–æ –Ω–µ –±–æ–ª–µ–µ)))",2023-01-18,2,66,0,0
358,"–î–æ—Å—Ç–æ–∏–Ω—Å—Ç–≤–∞
       –ö–∞—á–µ—Å—Ç–≤–æ",2023-01-13,5,27,0,0
359,"–î–æ—Å—Ç–æ–∏–Ω—Å—Ç–≤–∞
       –ó–∞–∫–∞–∑—ã–≤–∞—é —É–∂–µ –Ω–µ –ø–µ—Ä–≤—ã–π —á–µ—Ö–æ–ª, –æ—á–µ–Ω—å –¥–æ–≤–æ–ª—å–Ω–∞ –∫–∞—á–µ—Å—Ç–≤–æ–º 
–†–µ–∫–æ–º–µ–Ω–¥—É—é –∫ –ø—Ä–∏–æ–±—Ä–µ—Ç–µ–Ω–∏—é 
–¶–≤–µ—Ç, –ø–∞—Ä–∞–º–µ—Ç—Ä—ã –≤—Å–µ —Å–æ–æ—Ç–≤–µ—Ç—Å—Ç–≤—É–µ—Ç –∫–∞—Ä—Ç–∏–Ω–∫–∏ –∏ –æ–ø–∏—Å–∞–Ω–∏—é",2022-12-21,5,156,0,0
360,"–ù–µ–¥–æ—Å—Ç–∞—Ç–∫–∏
       –ü—Ä–∏—à–µ–ª –≥—Ä—è–∑–Ω—ã–π –∏ —Å –±—Ä–∞–∫–æ–º",2023-01-10,2,43,1,0
361,"–î–æ—Å—Ç–æ–∏–Ω—Å—Ç–≤–∞
       –õ—É—á—à–∏–µ —á–µ—Ö–ª—ã –∑–∞ —Ç–∞–∫–∏–µ –¥–µ–Ω—å–≥–∏) –∑–∞–∫–∞–∑–∞–ª–∞ –º–Ω–æ–≥–æ –∏–º–µ–Ω–Ω–æ —ç—Ç–æ–π —Ñ–∏—Ä–º—ã, —É—Å—Ç—Ä–∞–∏–≤–∞–µ—Ç –∞–±—Å–æ–ª—é—Ç–Ω–æ –≤—Å–µ: —Ü–µ–Ω–∞, –∫–∞—á–µ—Å—Ç–≤–æ, —Ü–≤–µ—Ç",2022-12-06,5,129,0,0
362,"–ù–µ–¥–æ—Å—Ç–∞—Ç–∫–∏
       –û—á–µ–Ω—å —Å–∏–ª—å–Ω–æ –æ—Å—Ç–∞—é—Ç—Å—è –æ—Ç–ø–µ—á–∞—Ç–∫–∏ –ø–∞–ª—å—Ü–µ–≤",2022-12-15,3,57,0,0
363,"–î–æ—Å—Ç–æ–∏–Ω—Å—Ç–≤–∞
       –®–∏–∫–∞—Ä–Ω—ã–π —á–µ—Ö–æ–ª, –±–µ—Ä—É —É–∂–µ –≤—Ç–æ—Ä–æ–π, –¥—Ä—É–≥–æ–≥–æ —Ü–≤–µ—Ç–∞",2022-11-30,5,65,0,0
364,"–î–æ—Å—Ç–æ–∏–Ω—Å—Ç–≤–∞
       –ø–ª–æ—Ç–Ω–æ —Å–∏–¥–∏—Ç 
–ø—Ä–∏—è—Ç–Ω—ã–π –Ω–∞ –æ—â—É–ø—å",2022-11-22,3,50,1,0
365,–•–æ—Ä–æ—à–∏–π —á–µ—Ö–æ–ª),2022-11-02,5,14,1,0
366,"–î–æ—Å—Ç–æ–∏–Ω—Å—Ç–≤–∞
       –ù–æ—Ä–º",2022-10-12,5,23,0,0
367,"–î–æ—Å—Ç–æ–∏–Ω—Å—Ç–≤–∞
       –ù–µ —á–µ–º –Ω–µ —Ö—É–∂–µ –æ—Ä–∏–≥–∏–Ω–∞–ª—å–Ω—ã—Ö —á–µ—Ö–ª–æ–≤",2022-10-10,5,53,0,0
368,"–î–æ—Å—Ç–æ–∏–Ω—Å—Ç–≤–∞
       –•–æ—Ä–æ—à–∏–π –º–∞—Ç–µ—Ä–∏–∞–ª",2022-10-04,5,35,0,0
369,"–ü–æ–ª—å–∑—É—é—Å—å –±–æ–ª—å—à–µ –Ω–µ–¥–µ–ª–∏, –Ω–∞—Ä–µ–∫–∞–Ω–∏–π –Ω–µ—Ç, –∫ –æ–±—ã—á–Ω—ã–º –º–∞–≥–Ω–∏—Ç–Ω–æ–º—É –¥–µ—Ä–∂–∞—Ç–µ–ª—é –∫—Ä–µ–ø–∏—Ç—Å—è —Ö–æ—Ä–æ—à–æ, –ø—Ä–∏ —Ä–µ–∑–∫–æ–º —Ç–æ—Ä–º–æ–∂–µ–Ω–∏–∏ –Ω–∞ –∑–∞–¥–Ω–µ–µ —Å–∏–¥–µ–Ω—å–µ –Ω–µ —É–ª–µ—Ç–∞–µ—Ç.

–ù–∞—Å—á—ë—Ç –ø—Ä–æ—Ä–µ–∑–µ–π –ø–æ–¥ —Ñ–æ–Ω–∞—Ä—å –≤ –æ—Ç–∑—ã–≤–∞—Ö –≤—Å–µ –Ω–∞–ø–∏—Å–∞–Ω–æ –ø—Ä–∞–≤–∏–ª—å–Ω–æ: –ø—Ä–æ—Ä–µ–∑–∏ –∫–æ—Å—ã–µ. –ù–∞ —Ñ—É–Ω–∫—Ü–∏–æ–Ω–∞–ª —ç—Ç–æ –Ω–µ –≤–ª–∏—è–µ—Ç, –Ω–æ –Ω–∞ –≤–Ω–µ—à–Ω–µ–º –≤–∏–¥–µ —Å–∫–∞–∑—ã–≤–∞–µ—Ç—Å—è.
–ï—Å–ª–∏ –ø—Ä–∏–Ω—Ü–∏–ø–∏–∞–ª—å–Ω–æ, –æ–±—Ä–∞—Ç–∏—Ç–µ –Ω–∞ —ç—Ç–æ –≤–Ω–∏–º–∞–Ω–∏–µ.
–í —Å—Ç–∞–ª—å–Ω–æ–º –≤—Å—ë –æ—Ç–ª–∏—á–Ω–æ",2024-08-30,5,346,0,0
370,"–ú–Ω–µ —á–µ—Ö–æ–ª –ø–æ–Ω—Ä–∞–≤–∏–ª—Å—è , —Å–º–æ—Ç—Ä–∏—Ç—Å—è —Å—Ç–∏–ª—å–Ω–æ",2024-10-10,5,40,0,0
371,"–•–æ—Ä–æ—à–∏–π —á–µ—Ö–æ–ª , –±—ã—Å—Ç—Ä–∞—è –¥–æ—Å—Ç–∞–≤–∫–∞ üëç",2024-10-10,5,34,0,0
372,–≤—Å—è —É–ø–∞–∫–æ–≤–∫–∞ —Ä–≤–∞–Ω–∞—è. —Å–ª–µ—Ç–µ–ª–∞ –≤ –ø—É–Ω–∫—Ç–µ –≤—ã–¥–∞—á–∏,2024-10-10,2,44,0,0
373,"–ò–º–±–∞ —á–µ—Ö–æ–ª, —Å–æ–≤–µ—Ç—É—é.",2024-10-10,5,20,0,0
374,–°—É–ø–µ—Ä ! –í—Å–µ –ø–æ–¥–æ—à–ª–æ ! –°–ø–∞—Å–∏–±–æ,2024-10-09,5,29,0,0
375,–ü—Ä–∏–∫–æ–ª—å–Ω—ã–π —á–µ—Ö–æ–ª! –†–µ–∫–æ–º–µ–Ω–¥—É—é üëç,2024-10-09,5,30,1,0
376,–¢–∞–∫ —Å–µ–±–µ —Ç–æ–≤–∞—Ä,2024-10-09,5,14,0,0
377,"–£–ø–∞–ª –ø–∞—Ä—É —Ä–∞–∑ —Ç–µ–ª–µ—Ñ–æ–Ω —Ü–µ–ª—ã–π, —á–µ—Ö–æ–ª –ø–æ—Ü–∞—Ä–∞–ø–∞–ª –∏ –≤—Å–µ —Ñ—É–Ω–∫—Ü–∏–∏ –≤—ã–ø–æ–ª–Ω—è–µ—Ç",2024-10-08,5,68,0,0
378,"–•–æ—Ä–æ—à–∏–π —á–µ—Ö–æ–ª, –Ω–∞ –º–æ–π —Ç–µ–ª–µ—Ñ–æ–Ω –ø–æ–¥–æ—à–µ–ª, —Å–µ–ª –ø–ª–æ—Ç–Ω–æ. –ë—É–¥—É –ø–æ–ª—å–∑–æ–≤–∞—Ç—å—Å—è. –°–æ–≤–µ—Ç—É—é –∫ –ø–æ–∫—É–ø–∫–µ.",2024-10-08,5,88,0,0
379,üëçüëçüëç,2024-10-06,5,3,0,0
380,–°–º–æ—Ç—Ä–∏—Ç—Å—è —Å—Ç–∏–ª—å–Ω–æ,2024-10-06,5,17,0,0
381,–ö–ª–∞—Å—Å–Ω—ã–π —á–µ—Ö–æ–ª ! –ú–Ω–µ –Ω—Ä–∞–≤–∏—Ç—Å—è üëç,2024-10-06,5,31,0,0
382,–ò–¥–µ–∞–ª—å–Ω–æ ‚ù§Ô∏è,2024-10-06,5,11,0,0
383,"–ë—ã—Å—Ç—Ä–∞—è –¥–æ—Å—Ç–∞–≤–∫–∞! –ü–æ–¥–æ—à–µ–ª –∏–¥–µ–∞–ª—å–Ω–æ , —Ä–µ–∫–æ–º–µ–Ω–¥—É—é",2024-10-06,5,47,0,0
384,"–•–æ—Ä–æ—à–∏–π —á–µ—Ö–æ–ª , –º–Ω–µ –ø–æ–¥–æ—à–ª–æ",2024-10-06,5,27,0,0
385,–û—á–µ–Ω—å –≤–æ–Ω—é—á–∏–πü§Æ –±–æ—Ä—Ç–∏–∫  —á–µ—Ö–ª–∞ –æ—á–µ–Ω—å —Å–∏–ª—å–Ω–æ –≤—ã–ø–∏—Ä–∞–µ—Ç –Ω–∞–¥ —ç–∫—Ä–∞–Ω–æ–º. –î–µ—Ä–∂–∏—Ç—Å—è –Ω–∞ —Ç–µ–ª–µ—Ñ–æ–Ω–µ –ø–ª–æ—Ö–æ,2024-10-06,1,90,0,0
386,–û—Ç–ª–∏—á–Ω—ã–π —á–µ—Ö–æ–ª! –ù–æ –º–∞–≥–Ω–∏—Ç—ã —Å–ª–∞–±–æ–≤–∞—Ç—ã,2024-10-06,5,36,0,0
387,–ï—â–µ –Ω–µ –º–µ—Ä–∏–ª,2024-10-06,5,12,0,0
388,–ú–∞–≥ —Å–µ–π–≤ —Ä–∞–±–æ—Ç–∞–µ—Ç —Ç–∞–∫ —Å–µ–±–µ,2024-10-06,3,26,0,0
389,"–ö—Ä–∞—Å–∫–∞ —Å—Ç–∏—Ä–∞–µ—Ç—Å—è,–ø–æ —Ä–∞–º–∫–µ –∫—Ä–∏–≤–æ–π",2024-10-06,3,32,0,0
390,"–ß–µ—Ö–æ–ª –æ—á–µ–Ω—å –ª–∞–∫–æ–Ω–∏—á–Ω—ã–π, –Ω–∏—á–µ–≥–æ –ª–∏—à–Ω–µ–≥–æ. –°–º–æ—Ç—Ä–∏—Ç—Å—è –æ—Ç–ª–∏—á–Ω–æ, –≤—Å–µ —Ä–∞–∑—ä–µ–º—ã —Å–æ–æ—Ç–≤–µ—Ç—Å—Ç–≤—É—é—Ç –∫–Ω–æ–ø–∫–∏ –Ω–µ –∑–∞–µ–¥–∞–µ—Ç)",2024-10-05,5,103,1,0
391,"–ü–æ—Å–ª–µ –º–µ—Å—è—Ü–∞ —ç–∫—Å–ø–ª—É–∞—Ç–∞—Ü–∏–∏ —Å–Ω—è–ª —á–µ—Ö–æ–ª. –û–±–Ω–∞—Ä—É–∂–∏–ª, —á—Ç–æ —á–µ—Ö–æ–ª –æ—Å—Ç–∞–≤–∏–ª —Ü–∞—Ä–∞–ø–∏–Ω—ã –≤–æ–∫—Ä—É–≥ –∫–∞–º–µ—Ä—ã. 
–ù–µ–ø—Ä–∏—è—Ç–Ω–æ, —É—á–∏—Ç—ã–≤–∞—è —á—Ç–æ —á–µ—Ö–æ–ª –ø—Ä–∏–∑–≤–∞–Ω, —á—Ç–æ–±—ã –∑–∞—â–∏—â–∞—Ç—å —Ç–µ–ª–µ—Ñ–æ–Ω –æ—Ç —Ü–∞—Ä–∞–ø–∏–Ω.",2024-10-05,1,165,1,0
392,–ù–µ –≤–ø–µ—á–∞—Ç–ª–∏–ª. –°–∏–¥–∏—Ç –Ω–µ –ø–ª–æ—Ç–Ω–æ. –í—ã–≥–ª—è–¥–∏—Ç –¥–µ—à–µ–≤–æ.,2024-10-04,3,47,0,0
393,"–ú–∞–∫—Å–µ–π–≤ —Å–ª–∞–±–µ–Ω—å–∫–∏–π, –∏ –Ω–µ–º–Ω–æ–≥–æ –∫—Ä–∏–≤–æ–≤–∞—Ç–æ –≤ –æ–±–ª–∞—Å—Ç–∏ –∫–∞–º–µ—Ä",2024-10-03,4,55,0,0
394,–û—Ç–ª–∏—á–Ω—ã–π —á–µ—Ö–æ–ª. –°–æ–æ—Ç–≤–µ—Ç—Å—Ç–≤—É–µ—Ç –æ–ø–∏—Å–∞–Ω–∏—é. üëç,2024-10-02,5,41,0,0
395,"–ù–µ–¥–æ—Å—Ç–∞—Ç–∫–∏
       –ö—Ä–∏–≤—ã–µ –ø—Ä–æ—Ä–µ–∑–∏
–ù–µ—Ç –ø–ª–µ–Ω–æ–∫ –Ω–∞ –ø–µ—Ä–µ–¥–Ω–µ–π –∏ –∑–∞–¥–Ω–µ–π —Å—Ç–æ—Ä–æ–Ω–µ —á–µ—Ö–ª–∞ (–Ω–∞ –±–æ–ª–µ–µ –¥–µ—à–µ–≤—ã—Ö –≤–∞—Ä–∏–∞–Ω—Ç–∞—Ö –µ—Å—Ç—å)",2024-10-01,2,112,1,0
396,–í—Å—ë –æ—Ç–ª–∏—á–Ω–æ,2024-10-01,5,11,0,0
397,"–ß–µ—Ö–æ–ª –Ω–µ —Å—Ç–æ–∏—Ç —Å–≤–æ–∏—Ö –¥–µ–Ω–µ–≥, –∫—Ä–∞—Å–Ω–∞—è —Ü–µ–Ω–∞ 50-60‚ÇΩ –Ω–∞ —Ç–æ–º –∂–µ –∞–ª–∏–∫–µ. –ù–∞ –æ—â—É–ø—å –º–∞–∫—Å–∏–º–∞–ª—å–Ω–æ –Ω–µ–ø—Ä–∏—è—Ç–µ–Ω, –∫—Ä–∏–≤–æ –Ω–∞–ø–µ—á–∞—Ç–∞–Ω –∏–∑-–∑–∞ —á–µ–≥–æ –ª–µ–≤–∞—è —Å—Ç–æ—Ä–æ–Ω–∞ —á–µ—Ö–ª–∞ –æ—Ç—Ö–æ–¥–∏—Ç –∏ –≤–∏–¥–µ–Ω –∫—Ä–∞–π —Ç–µ–ª–µ—Ñ–æ–Ω–∞, –∫—Ä–∞–π–Ω–µ –Ω–µ —Ä–µ–∫–æ–º–µ–Ω–¥—É—é!!!",2024-10-01,1,198,1,0
398,–æ—á–µ–Ω—å –∫—Ä–∞—Å–∏–≤—ã–π,2024-09-30,5,14,0,0
399,"–°–∏–¥–∏—Ç –Ω–µ —Å–æ–≤—Å–µ–º –ø–ª–æ—Ç–Ω–æ, –≤—ã–≥–ª—è–¥–∏—Ç —Ö–æ—Ä–æ—à–æ",2024-09-28,4,39,0,0
400,–ß–µ—Ö–æ–ª —Ö–æ—Ä–æ—à–∏–π –Ω–æ –Ω–µ–º–Ω–æ–≥–æ –ø–æ –∫–∞–º–µ—Ä–∞–º –Ω–µ —Å—Ö–æ–¥–∏—Ç—Å—è,2024-09-28,5,47,0,0
401,"–î–µ—Ñ–æ—Ä–º–∏—Ä–æ–≤–∞–Ω –ø–æ –∫—Ä—É–≥—É , –Ω–µ –ø–ª–æ—Ç–Ω–æ –ø—Ä–∏–ª–µ–≥–∞–µ—Ç –∫ –∫–æ—Ä–ø—É—Å—É , –∫–æ—Ü–∫–∞ –Ω–∞ —Ñ–æ—Ç–æ –≤–∏–¥–Ω–æ , –∞ —Ç–∞–∫ —Å–∏–º–ø–∞—Ç–∏—á–Ω—ã–π , –º–Ω–µ –º–æ–∂–µ—Ç –±—ã—Ç—å –Ω–µ –ø–æ–≤–µ–∑–ª–æ )",2024-09-28,3,125,1,0
402,"–ù–æ—Ä–º–∞–ª—å–Ω—ã–π —á–µ—Ö–æ–ª. –ü–æ–Ω—è—Ç–Ω–æ, —á—Ç–æ —Å–µ–ª–∏–∫–æ–Ω. –ò–Ω—Ç–µ—Ä–µ—Å–Ω–æ, –∫–∞–∫ —Å–∫–æ—Ä–æ –ø–æ–∂–µ–ª—Ç–µ–µ—Ç?",2024-09-28,5,71,0,0
403,"–í—Å–µ —Å—É–ø–µ—Ä! –ü–æ–ª—å–∑—É—é—Å—å –¥–∞–≤–Ω–æ, –Ω–∞—Ä–µ–∫–∞–Ω–∏–π –Ω–µ—Ç, —Å–∏–¥–∏—Ç –∏–¥–µ–∞–ª—å–Ω–æ!—Å–ø–∞—Å–∏–±–æ!",2024-09-28,5,66,0,0
404,–ö—Ä–∏–≤–æ–π –∫–Ω–æ–ø–∫–∏ —Ç–æ–ª–∫–æ–º –Ω–µ —Ä–∞–±–æ—Ç–∞—é—Ç –∫–∞–º–µ—Ä—ã –≤ —Ä–∞–∑–Ω—ã–µ —Å—Ç–æ—Ä–æ–Ω—ã,2024-09-28,2,56,0,0
405,"–í—Å–µ –æ—Ç–ª–∏—á–Ω–æ, –º—É–∂—É –ø–æ–Ω—Ä–∞–≤–∏–ª—Å—è –∑–Ω–∞–∫ –≤–Ω–∏–º–∞–Ω–∏—è –∏ —Å–∞–º —á–µ—Ö–æ–ª)",2024-09-27,5,55,0,0
406,"–í—Å–µ –æ—Ç–ª–∏—á–Ω–æ, –∫—É–ø–∏–ª–∞ –º—É–¥—É —á–µ—Ä–Ω—ã–π —Å–µ–±–µ –ø—Ä–æ–∑—Ä–∞—á–Ω—ã–π —Å—Ç–∏–ª—å–Ω–æ",2024-09-27,5,55,0,0
407,"–î–æ—Å—Ç–æ–∏–Ω—Å—Ç–≤–∞
       —Ö–æ—Ä–æ—à–∏–π",2024-09-27,4,26,0,0
408,–í—Å–µ —Ö–æ—Ä–æ—à–æ,2024-09-26,5,10,1,0
409,"–ú–Ω–µ –Ω—Ä–∞–≤–∏—Ç—Å—è, –Ω–µ –∑–Ω–∞—é –∫–∞–∫ –¥—Ä—É–≥–∏–º",2024-09-26,5,32,0,0
410,"–ß–µ—Ö–æ–ª –Ω–µ –æ—á–µ–Ω—å. –ù–µ –ø–ª–æ—Ç–Ω–æ –ø—Ä–∏–ª–µ–≥–∞–µ—Ç –∫ –¥–ª–∏–Ω–Ω–æ–π —Å—Ç–æ—Ä–æ–Ω–µ, –¥–∞–∂–µ –∫ –∫–æ—Ä–æ—Ç–∫–æ–π —Å—Ç–æ—Ä–æ–Ω–µ —Ç–µ–ª–µ—Ñ–æ–Ω–∞ –Ω–µ –ø–ª–æ—Ç–Ω–æ –ø—Ä–∏–ª–µ–≥–∞–µ—Ç. –ó–∞ –æ–¥–Ω–æ–¥–Ω–µ–≤–Ω—É—é –Ω–æ—Å–∫—É –≤ –∫–∞—Ä–º–∞–Ω–µ –Ω–∞—á–∞–ª–∞ —Å—Ç–∏—Ä–∞—Ç—å—Å—è –∫—Ä–∞—Å–∫–∞, —É–∂–µ.",2024-09-24,2,169,0,0
411,–ù–µ –≤ —Ä–∞–∑–º–µ—Ä,2024-09-24,2,11,0,0
412,–ö–∞—á–µ—Å—Ç–≤–∞ –Ω–æ–ª—å –ø–∞—Ä—É –¥–Ω–µ–π –∫–∞–∫ –∫—É–ø–∏–ª —É–∂–µ –∏—Å–ø–æ—Ä—Ç–∏–ª—Å—è! –°–¥–µ–ª–∞–µ—Ç–µ —Ü–µ–Ω–Ω–∏–∫ 100-150 —Ä—É–±–ª–µ–π —Ç–∞–∫ –±—É–¥–µ—Ç –Ω–µ –æ–±–∏–¥–Ω–æ,2024-09-25,1,100,1,0
413,–ü—è—Ç—å –∑–≤–µ–∑–¥ –æ–¥–Ω–æ–∑–Ω–∞—á–Ω–æ –≤—Å–µ –æ—á–µ–Ω—å —Ö–æ—Ä–æ—à–æ,2024-09-22,5,38,0,0
414,"–ö–∞—á–µ—Å—Ç–≤–æ –Ω–æ—Ä–º, –ø–æ–π–¥–µ—Ç –∑–∞ —Ç–∞–∫–∏–µ –¥–µ–Ω—å–≥–∏",2024-09-22,4,37,0,0
415,–ë—ã—Å—Ç—Ä–æ —Å—Ç–∏—Ä–∞—é—Ç—Å—è —Ç–µ–º–Ω—ã–µ –±–æ—Ä—Ç–∞ –ø—Ä–∏  –∏—Å–ø–æ–ª—å–∑–æ–≤–∞–Ω–∏–∏,2024-09-22,3,48,0,0
416,–ß–µ—Ö–æ–ª –ø–ª–æ—Ö–æ–≥–æ –∫–∞—á–µ—Å—Ç–≤–∞. –î–≤–∞ –º–µ—Å—è—Ü–∞ –∏—Å–ø–æ–ª—å–∑–æ–≤–∞–Ω–∏—è –∏ —É–∂–µ —Å—Ç–µ—Ä—Å—è. –ú–∞–≥—Å–µ–π—Ñ –æ—á–µ–Ω—å –ø–ª–æ—Ö–æ –¥–µ—Ä–∂–∏—Ç. –ò–∑-–∑–∞ –∑–∞—â–∏—Ç—ã –∫–∞–º–µ—Ä—ã –ø–ª–∞—Å—Ç–∏–∫–æ–º –≤—Å–µ —Ñ–æ—Ç–æ –º—ã–ª—è—Ç—Å—è.,2024-09-21,1,138,0,0
417,"–ö–∞—á–µ—Å—Ç–≤–æ –∑–∞ —ç—Ç–∏ –¥–µ–Ω—å —Å–æ–æ—Ç–≤–µ—Ç—Å—Ç–≤—É–µ—Ç , –≤–µ—Ä—Ö–Ω–∏–µ –∫—Ä–æ–º–∫–∏ —á–µ—Ö–ª–∞ –Ω–µ –Ω–∞–ª–∞–∑—è—Ç , —Ç–µ–ª–µ—Ñ–æ–Ω –µ–ª–∏ –≤–ª–µ–∑ –≤ —á–µ—Ö–æ–ª",2024-09-21,4,95,0,0
418,–í–æ–ª–æ—Å–∞ –º—É–∫–∞ —á–µ—Ö–æ–ª –Ω–µ –æ—á–µ–Ω—å,2024-09-21,2,26,0,0
419,–£–∂–∞—Å–Ω—ã–π —á–µ—Ö–æ–ª –Ω–µ  —Å–æ–≤–µ—Ç—É—é,2024-09-21,1,25,0,0
420,–û—Ç–ª–∏—á–Ω—ã–π —á–µ—Ö–æ–ª!,2024-09-21,5,15,0,0
421,–û—á–µ–Ω—å —Ö–æ—Ä–æ—à–∏–π,2024-09-19,5,13,1,0
422,–ü–æ–π–¥–µ—Ç,2024-09-19,5,6,0,0
423,–ù–µ –¥–µ—Ä–∂–∏—Ç –º–∞–≥–Ω–∏—Ç,2024-09-18,2,16,0,0
424,"–°–ø—É—Å—Ç—è –ø–æ–ª—Ç–æ—Ä–∞ –º–µ—Å—è—Ü –∫—Ä–∞—Å–∫–∞ –Ω–∞ –∫–Ω–æ–ø–∫–∞—Ö –∏ –∫—Ä–∞—è—Ö —Å–∏–ª—å–Ω–æ –æ–±–ª–µ–∑–ª–∞, –Ω–æ –ø–µ—Ä–≤—ã–π –º–µ—Å—è—Ü —Ö–æ–¥–∏–ª —Ä–∞–¥–æ–≤–∞–ª—Å—è –∫—Ä–∞—Å–æ—Ç–µ",2024-09-17,3,102,0,0
425,"–õ—É—á—à–µ, —á–µ–º –≤—Å–µ –æ—Å—Ç–∞–ª—å–Ω—ã–µ, –∫–æ—Ç–æ—Ä—ã–µ –ø–æ–∫—É–ø–∞–ª! –î–∏–∑–∞–π–Ω –∏ —Å–µ–ª –∫–∞–∫ —Ä–æ–¥–Ω–æ–π. –†–µ–∫–æ–º–µ–Ω–¥—É—é!",2024-09-17,5,79,0,0
426,"–ü—Ä–æ–Ω–æ—Å–∏–ª –Ω–µ–¥–µ–ª—é, –∫—Ä–∞—Å–∫–∞ —É–∂–µ —Å–º—ã–≤–∞–µ—Ç—Å—è",2024-09-16,3,37,0,0
427,üëå,2024-09-16,4,1,0,0
428,"–ß–µ—Ö–æ–ª –Ω–µ —Å–æ–≤—Å–µ–º –ø—Ä–æ–∑—Ä–∞—á–Ω—ã–π. –ï—Å—Ç—å –∫–∞–∫–∏–µ-—Ç–æ –º–∏–Ω–∏ –∫—Ä–∞–ø–∏–Ω–∫–∏. 

–° –±–µ—Å–ø—Ä–æ–≤–æ–¥–Ω–æ–π –∑–∞—Ä—è–¥–∫–æ–π –ø–æ–¥—Ä—É–∂–∏–ª—Å—è —Å—Ä–∞–∑—É! 

–ö–Ω–æ–ø–∫–∏ —Å–±–æ–∫—É - –§–∏–≥ –Ω–∞–∂–º–µ—à—å. –Ø —É–∂–µ 2–π –¥–µ–Ω—å –ø—Ä–∏–≤—ã–∫–∞—é –∫ –Ω–∏–º.",2024-09-13,4,160,0,0
429,"–•–æ—Ä–æ—à–∏–π —á–µ—Ö–æ–ª, —Å–æ–≤–µ—Ç—É—é",2024-09-13,5,22,0,0
430,–ú–∞–≥–Ω–∏—Ç –Ω–µ —Ä–∞–±–æ—Ç–∞–µ—Ç.,2024-09-12,5,19,0,0
431,–ü–ª–æ—Ö–∏–µ –º–∞–≥–Ω–∏—Ç—ã,2024-09-10,3,14,0,0
432,"–ù–µ —Ä–µ–∫–æ–º–µ–Ω–¥—É—é –∫ –ø–æ–∫—É–ø–∫–µ, —Ç–∞–∫ –∫–∞–∫ —á–µ—Ö–æ–ª –Ω–∞ —Å—Ç–æ–ª—å–∫–æ –º—è–≥–∫–∏–π, —á—Ç–æ –º–µ–∂–¥—É —Ç–µ–ª–µ—Ñ–æ–Ω–æ–º –∏ —á–µ—Ö–ª–æ–º –æ—Å—Ç–∞—é—Ç—Å—è –∑–∞–∑–æ—Ä—ã, –∫—É–¥–∞ –±—É–¥–µ—Ç –ø—Ä–æ–Ω–∏–∫–∞—Ç—å –≥—Ä—è–∑—å –∏ –ø—ã–ª—å. –Ø –≤—ã–±—Ä–æ—Å–∏–ª —Å—Ä–∞–∑—É –ø–æ—Å–ª–µ –ø—Ä–∏–º–µ—Ä–∫–∏",2024-09-10,1,170,0,0
433,–†–µ–∫–æ–º–µ–Ω–¥—É—é,2024-09-09,5,10,0,0
434,–°–æ–æ—Ç–≤–µ—Ç—Å—Ç–≤–∏–µ —Ü–µ–Ω—ã –∏ –∫–∞—á–µ—Å—Ç–≤–∞,2024-09-09,5,28,0,0
435,"–û—á–µ–Ω—å –∂–µ—Å—Ç–∫–∏–π, —Å–ª–∏—à–∫–æ–º —Ç—É–≥–∏–µ –∫–Ω–æ–ø–∫–∏. –ë—ã–ª —Ç–∞–∫–æ–π –∂–µ —á–µ—Ö–æ–ª –¥—Ä—É–≥–æ–π —Ñ–∏—Ä–º—ã, –∫–∞—á–µ—Å—Ç–≤–æ —Å–∏–ª—å–Ω–æ –æ—Ç–ª–∏—á–∞–µ—Ç—Å—è!!",2024-09-09,4,98,0,0
436,"–ß–µ—Ö–æ–ª –æ—á–µ–Ω—å –Ω–µ—É–¥–æ–±–Ω—ã–π –∏ —Å–∫–æ–ª—å–∑–∏—Ç –≤ —Ä—É–∫–∞—Ö. –û—Ç–∑—ã–≤—ã —Å—É–¥—è –ø–æ –≤—Å–µ–º—É –Ω–∞–∫—Ä—É—á–µ–Ω–Ω—ã–µ. –†–µ–∞–ª—å–Ω—ã—Ö –æ—Ç–∑—ã–≤–æ–≤ —à—Ç—É–∫ 5-6 . –ü–µ—á–∞—Ç–∞—Ç—å –Ω–∞ —Ç–µ–ª–µ—Ñ–æ–Ω–µ –Ω–µ—É–¥–æ–±–Ω–æ. –¢–µ–ª–µ—Ñ–æ–Ω –≤—ã—Å–∫–∞–ª—å–∑—ã–≤–∞–µ—Ç . –í—ã–±—Ä–æ—Å–∏—Ç —á–µ—Ö–æ–ª , –ø–æ—Å—Ç–∞–≤–∏–ª —Å—Ç–∞—Ä—ã–π. –ù–µ —Ä–µ–∫–æ–º–µ–Ω–¥—É—é.",2024-09-09,1,207,0,0
437,–û–≥–æ–Ω—å,2024-09-08,5,5,0,0
438,–ö–ª–∞—Å—Å–Ω–µ–Ω—å–∫–∏–π,2024-09-08,5,12,1,0
439,–ù—É –Ω–æ—Ä–º–∏—Å,2024-09-06,5,9,0,0
440,–ö–∞—á–µ—Å—Ç–≤–µ–Ω–Ω—ã–π —á–µ—Ö–æ–ª,2024-09-06,5,18,0,0
441,–ù–µ –∫–∞—á–µ—Å—Ç–≤–µ–Ω–Ω–æ —Å–∏–¥–∏—Ç –Ω–∞ —Ç–µ–ª–µ—Ñ–æ–Ω–µ –Ω–µ –±–ª–∏–Ω–∞–º–∏ –∫—Ä–æ—è —Ç–æ—Ä—á–∞—Ç (,2024-09-05,1,57,0,0
442,–í—Å—ë –ø–æ–¥–æ—à–ª–æ.,2024-09-03,5,12,0,0
443,–ß–∏—Å—Ç—ã–π –æ–±–º–∞–Ω,2024-08-29,2,12,0,0
444,üëçüëçüëç,2024-08-28,5,3,0,0
445,–ù–∞ 5 —Å –ø–ª—é—Å–æ–º üëç,2024-08-26,5,15,0,0
446,–û—Ç–ª–∏—á–Ω—ã–π —á–µ—Ö–æ–ª. –í—Å–µ —Å—É–ø–µ—Ä,2024-08-26,5,25,0,0
447,–ö—Ä–∞—Å–∏–≤—ã–π –Ω–æ –Ω–µ –¥–æ–ª–≥–æ –∫—Ä–∞—Å–∫–∞ —Å–ª–∞–∑–∏—Ç,2024-08-25,4,34,0,0
448,–û—á–µ–Ω—å —Ö–æ—Ä–æ—à–∏–π –∏ –ø—Ä–∏—è—Ç–Ω—ã–π —á–µ—Ö–æ–ª. –í—ã–≥–ª—è–¥–∏—Ç —Å—Ç–∏–ª—å–Ω–æ,2024-08-25,5,48,0,0
449,"–°–æ–≤—Ä–µ–º–µ–Ω–Ω—ã–π, –ø–æ–¥—Ö–æ–¥–∏—Ç –¥–ª—è –¥–∞–Ω–Ω–æ–π –º–æ–¥–µ–ª–∏.",2024-08-24,5,40,0,0
450,–û—á–µ–Ω—å –∫—Ä–∞—Å–∏–≤—ã–π. –ù–æ –∑–∞–¥–Ω–∏–π —Ñ–ª–∏–ø –ø–æ–¥ –∫–∞—Ä—Ç–æ—á–∫–∏ –º–∞–≥–Ω–∏—Ç–∏—Ç—Å—è –ø–ª–æ—Ö–æ!!!,2024-08-23,5,63,0,0
451,–•–æ—Ä–æ—à–∏–π,2024-08-22,5,7,0,0
452,–ù–∞ –º–æ–π –≤–∫—É—Å –Ω–µ –æ—á–µ–Ω—å,2024-08-22,3,20,0,0
453,–ß—É—Ç–æ–∫ —Ä–∞—Å—Å—Ç—Ä–æ–µ–Ω–∞.–ù–µ —Ç–æ —á—Ç–æ —è –æ–∂–∏–¥–∞–ª–∞.–ù–æ —á–µ—Ö–æ–ª –≤—Ä–æ–¥–µ –Ω–æ—Ä–º–∞–ª—å–Ω—ã–π,2024-08-22,4,62,0,0
454,–û—á–µ–Ω—å –ø–ª–æ—Ö–æ —Ä–∞–±–æ—Ç–∞–µ—Ç –º–∞–≥ —Å–µ–π–≤ –ü–†–û–°–¢–û –£–ñ–ê–°–ù–´–ô –¢–û–í–ê–†,2024-08-20,1,50,0,0
455,"—Ç–æ–≤–∞—Ä –ø—Ä–∏—à–µ–ª —Å –∑–∞–¥–µ—Ä–∂–∫–æ–π, –Ω–æ –∫–∞—á–µ—Å—Ç–≤–æ —Ç–æ–≤–∞—Ä–∞ –º–µ–Ω—è —É—Å—Ç—Ä–∞–∏–≤–∞–µ—Ç.",2024-08-19,5,61,0,0
456,"–•–æ—Ä–æ—à–∏–π —á–µ—Ö–æ–ª, –ø–æ–¥–æ—à–µ–ª. –†–µ–∫–æ–º–µ–Ω–¥—É—é",2024-08-18,5,34,0,0
457,–ù–µ —Ä–æ–≤–Ω—ã–µ –æ—Å—Ç—Ä—ã–µ –∫—Ä–∞—è –º–æ–∂–Ω–æ –ø–æ—Ä–∞–Ω–∏—Ç—å—Å—è,2024-08-18,2,38,0,0
458,"–í—Å–µ —Ö–æ—Ä–æ—à–æ, –Ω–æ –æ—Ç–≤–∞–ª–∏–ª–∏—Å—å –º–∞–≥–Ω–∏—Ç—ã",2024-08-16,4,33,0,0
459,"—Å–ª–∏—à–∫–æ–º –∂—ë—Å—Ç–∫–∏–π,–±–æ–∫–∞ –∫—Ä–∏–≤—ã–µ, –ø–æ–ª–Ω–æ—Å—Ç—å—é –Ω–µ –∑–∞–∫—Ä—ã–≤–∞—é—Ç —É—Å—Ç—Ä–æ–π—Å—Ç–≤–æ",2024-08-15,3,62,0,0
460,"–§–æ—Ç–æ –Ω–µ –ø–µ—Ä–µ–¥–∞—ë—Ç —Ü–≤–µ—Ç,–æ–Ω –Ω–∞–º–Ω–æ–≥–æ —Å–≤–µ—Ç–ª–µ–µ",2024-08-15,5,40,0,0
461,–ù–∏–∫–∞–∫–æ–π!!!!!!!!!! –ù–µ —Ä–µ–∫–æ–º–µ–Ω–¥—É—é,2024-08-15,1,31,0,0
462,–û—Ç–ª–∏—á–Ω—ã–µ –±—Ä—é–∫–∏. –õ—ë–≥–∫–∏–µ –∏ —Ç—ë–ø–ª—ã–µ. –ù–æ –æ—á–µ–Ω—å. –û—á–µ–Ω—å –æ–≤–µ—Ä—Å–∞–π–∑!,2024-10-10,5,58,0,0
463,–ú–∞—Ç–µ—Ä–∏–∞–ª —Ö–æ—Ä–æ—à–∏–π.,2024-10-10,4,17,0,0
464,"–®—Ç–∞–Ω—ã —Å—É–ø–µ—Ä –Ω–æ –≤ —Ä–∞–∑–º–µ—Ä –ø–æ–ø–∞–ª–∞ —Å —Ç—Ä–µ—Ç—å–µ–≥–æ —Ä–∞–∑–∞, –æ—á–µ–Ω—å —Å–∏–ª—å–Ω–æ –±–æ–ª—å—à–∏–º–µ—Ä—è—Ç!–ù–æ—à—É lx-I, –∞ —Ç—É—Ç –ú –ø–æ–¥–æ—à–ª–∏.",2024-10-09,5,100,1,0
465,–û—Ç–ª–∏—á–Ω–æ–µ –∫–∞—á–µ—Å—Ç–≤–æ,2024-10-09,5,17,0,0
466,"–í–º–µ—Å—Ç–æ 40 —Ä–∞–∑–º–µ—Ä–∞ –ø–æ–ª–æ–∂–∏–ª–∏ 46. 
–ø—Ä–∏—à–ª–æ—Å—å –≤–µ—Ä–Ω—É—Ç—å",2024-10-09,1,48,0,0
467,–®—Ç–∞–Ω—ã —à–∏–∫–∞—Ä–Ω—ã–µ üëç! –ù—É –Ω–µ–º–Ω–æ–≥–æ –±–æ–ª—å—à–µ –º–µ—Ä—è—Ç. –ù–∞ –¥–≤–∞ —Ä–∞–∑–º–µ—Ä–∞. –ó–∞—Ç–æ –∫–∞—á–µ—Å—Ç–≤–æ –æ–≥–æ–Ω—å,2024-10-08,5,78,0,0
468,–û—Ç–ª–∏—á–Ω—ã–µ –∏ —Å–≤–æ–±–æ–¥–Ω—ã–µ,2024-10-07,5,20,0,0
469,"–î–æ—Å—Ç–æ–∏–Ω—Å—Ç–≤–∞
       –ú—è–≥–∫–∏–µ –∏ –æ—á–µ–Ω—å —É–¥–æ–±–Ω—ã–µ",2024-10-07,5,41,0,0
470,–î–æ–≤–æ–ª—å–Ω–∞ –æ—á–µ–Ω—å! –ö–∞—á–µ—Å—Ç–≤–æ –æ—Ç–ª–∏—á–Ω–æ–µ .,2024-10-07,5,35,0,0
471,"–¢–æ–≤–∞—Ä –∫–∞—á–µ—Å—Ç–≤–µ–Ω–Ω—ã–π, –º–∞—Ç–µ—Ä–∏–∞–ª –æ—Ç–ª–∏—á–Ω—ã–π. –û—á–µ–Ω—å –±–æ–ª—å—à–µ–º–µ—Ä–∏—Ç. –ü—Ä–∏—à–ª–æ—Å—å –ø–µ—Ä–µ–∑–∞–∫–∞–∑–∞—Ç—å",2024-10-06,5,79,0,0
472,"–û–æ–æ—á–µ–Ω—å –ø–æ–Ω—Ä–∞–≤–∏–ª–∏—Å—å, –º—è–≥–∫–∏–µ, —Ç—ë–ø–ª—ã–µ, –Ω–æ—à—É s-m –ø–æ–¥–æ—à–ª–∏ xs.",2024-10-04,5,57,0,0
473,"–û—á–µ–Ω—å —É—é—Ç–Ω—ã–µ –∏ –∫–∞—á–µ—Å—Ç–≤–µ–Ω–Ω—ã–µ üëçüèª –Ω–æ –æ–Ω–∏ –±–æ–ª—å—à–µ–º–µ—Ä—è—Ç. –ù–∞ —Å–≤–æ–π 44-46 –≤–∑—è–ª–∞ —Ä–∞–∑–º–µ—Ä 40, –∏ —Ç–æ —Ö–æ—Ç–µ–ª–æ—Å—å –±—ã –µ—â—ë –Ω–∞ —Ä–∞–∑–º–µ—Ä –º–µ–Ω—å—à–µ, –Ω–æ –µ–≥–æ –Ω–µ—Ç.",2024-10-03,5,132,0,0
474,"–û—Ç–ª–∏—á–Ω—ã–µ —à—Ç–∞–Ω—ã. –ö–∞—á–µ—Å—Ç–≤–æ —Ö–æ—Ä–æ—à–µ–µ, –æ–≤–µ—Ä—Å–∞–π–∑üëåüèª",2024-10-03,5,44,0,0
475,"–ù–∞ –û–ë 100 –∏ –û–¢ 70 –≤–∑—è–ª–∞ —Ä–∞–∑–º–µ—Ä S. –°–µ–ª–∏  —Ö–æ—Ä–æ—à–æ, —Å–≤–æ–±–æ–¥–Ω—ã–π –∫—Ä–æ–π. –û—Ä–∏–≥–∏–Ω–∞–ª. –†–µ–∫–æ–º–µ–Ω–¥—É—é)",2024-10-02,5,85,0,0
476,"–î–æ—Å—Ç–æ–∏–Ω—Å—Ç–≤–∞
       –æ—Ä–∏–≥–∏–Ω–∞–ª",2024-10-01,5,27,0,0
477,"–°—É–ø–µ—Ä –±—Ä—é–∫–∏, —Ç–µ–ø–ª—ã–µ –Ω–∞ –ø—Ä–æ—Ö–ª–∞–¥–Ω—É—é –ø–æ–≥–æ–¥—Éüëç",2024-09-30,5,41,0,0
478,–°–æ–º–Ω–∏—Ç–µ–ª—å–Ω–æ–µ –∫–∞—á–µ—Å—Ç–≤–æ,2024-09-30,1,21,0,0
479,"–ù–æ—à—É 48 —Ä–∞–∑–º–µ—Ä. –ó–∞–∫–∞–∑–∞–ª–∞ 48, –æ–Ω –æ–∫–∞–∑–∞–ª—Å—è XL. –ü–µ—Ä–µ–∑–∞–∫–∞–∑–ø–ª–∞ 46, —Ç–µ–ø–µ—Ä—å –¥–ª–∏–Ω–∞ –∫–æ—Ä–æ—Ç–∫–æ–≤–∞—Ç–∞. –£–∂–µ –æ—Å—Ç–∞–≤–∏–ª–∞, –Ω–æ –ø–æ–ª–Ω–æ–≥–æ —É–¥–æ–≤–ª–µ—Ç–≤–æ—Ä–µ–Ω–∏—è –Ω–µ—Ç. –î–∞ –∏ —Ü–µ–Ω–∞ 5—Ç—Ä –∑–∞ –ø—Ä–æ—Å—Ç—ã–µ –¥–æ–º–∞—à–Ω–∏–µ —à—Ç–∞–Ω–∏—à–∫–∏ –Ω–µ–º–Ω–æ–≥–æ –≤–µ–ª–∏–∫–æ–≤–∞—Ç–∞. –ó–∞ –≤—ã—à–∏—Ç—ã–π –∑–Ω–∞—á–æ–∫ –ù–∞–π–∫–∞ 3 —Ç—ã—Å —Å–≤–µ—Ä—Ö—É –≤–∑—è–ª–∏.",2024-09-29,3,239,0,0
480,–§–∞–Ω—Ç–∞—Å—Ç–∏—á–µ—Å–∫–∏–µ üî•üî•üî•,2024-09-28,5,18,1,0
481,"–¢–µ–ø–ª—ã–µ, –ø—Ä–∞–≤–¥–∞ —á—É—Ç—å —à–∏—Ä–æ–∫–∏–µ –≤—Å–µ —Ä–∞–≤–Ω–æ –≤–∑—è–ª–∞ –ø–æ–Ω—Ä–∞–≤–∏–ª—Å—è —Ü–≤–µ—Ç",2024-09-26,5,59,0,0
482,–ö–∞—á–µ—Å—Ç–≤–æ –æ–≥–æ–Ω—å,2024-09-17,5,14,0,0
483,"–ë–æ–ª—å—à–∏–µ, –∑–∞–∫–∞–∑–∞–ª–∞ –º–µ–Ω—å—à–µ",2024-09-15,5,24,0,0
484,"–û—Ä–∏–≥–∏–Ω–∞–ª, –∫–∞—á–µ—Å—Ç–≤–µ–Ω–Ω—ã–µ —É–¥–æ–±–Ω—ã–µ",2024-09-14,5,30,0,0
485,"–í–∑—è–ª–∞  —Å–Ω–∞—á–∞–ª–∞ —Å–≤–µ—Ç–ª—ã–µ –Ω–æ –æ–Ω–∏ —Å–ª–∏—à–∫–æ–º –±–µ–ª–æ—Å–Ω–µ–∂–Ω—ã–µ, –ø–µ—Ä–µ–∑–∞–∫–∞–∑–∞–ª–∞ –Ω–∞ —á–µ—Ä–Ω—ã–µ , —Ç–µ–ø–ª—ã–µ,  –∫–æ–º—Ñ–æ—Ä—Ç–Ω–æ –±—É–¥–µ—Ç –Ω–∞ –ø–æ–≤—Å–µ–¥–Ω–µ–≤–Ω—É—é –∂–∏–∑–Ω—å",2024-09-14,5,122,0,0
486,–°—É–ø–µ—Ä,2024-09-14,5,5,0,0
487,–°—É–ø–µ—Ä,2024-09-14,5,5,0,0
488,"–ö–ª–∞—Å—Å–Ω—ã–µ, –Ω–∞ –æ–± 97 –æ—Ç 70 –ø–æ–¥–æ—à–ª–∏, –Ω–∞ —Ä–æ—Å—Ç 178 –∫–æ—Ä–æ—Ç–∫–∏–µ",2024-09-03,5,54,0,0
489,"–ë—Ä—é–∫–∏ –ø—Ä–æ—Å—Ç–æ –±–æ–º–±–∞. Nike –∑–∞–∫–∞–∑—ã–≤–∞—é –≤–ø–µ—Ä–≤—ã–µ. –í–∑—è–ª–∞ –µ—â–µ –∏ —Ö—É–¥–∏. –¶–≤–µ—Ç –≤–æ–æ–±—â–µ –±–æ–º–±–µ–∑. –°–ø–∞—Å–∏–±–æ, –º–æ–π –ª—é–±–∏–º—ã OZON!",2024-08-30,5,107,0,0
490,"–°—Ç–∏–ª—å–Ω—ã–µ, –∫–∞—á–µ—Å—Ç–≤–µ–Ω–Ω—ã–µ",2024-08-27,5,22,0,0
491,–û—Ä–∏–≥–∏–Ω–∞–ª 100%,2024-08-26,5,13,0,0
492,–ë–æ–º–±–∞ !–í–∑—è–ª–∞ –≤ –∫–æ–º–ø–ª–µ–∫—Ç —Å —Ö—É–¥–∏ )–°–ø–∞—Å–∏–±–æ!,2024-08-22,5,40,0,0
493,"–•–æ—Ä–æ—à–∏–µ –±—Ä—é–∫–∏, –Ω–æ –∫–∞–∫ –∏ –ø–æ—á—Ç–∏ –≤—Å–µ —Å–µ–π—á–∞—Å —É –ù–∞–π–∫ –æ–≤–µ—Ä –æ–≤–µ—Ä —Å–∞–π–∑) –º–æ–π —Ä–æ—Å—Ç 170, —Ç–∞–ª–∏—è 60, –±–µ–¥—Ä–∞ 87 –∏ –Ω–∞ –º–Ω–µ —ç—Ç–∏ —à—Ç–∞–Ω—ã XS –¥–µ—Ä–∂–∞—Ç—å—Å—è —Ç–æ–ª—å–∫–æ –∑–∞ —Å—á–µ—Ç —à–Ω—É—Ä–∫–∞ –Ω–∞ —Ç–∞–ª–∏–∏)), –Ω–æ –≤—Å–µ —Ä–∞–≤–Ω–æ –≤–∑—è–ª–∞), –æ–Ω–∏ —Å—Ä–µ–¥–Ω–µ–π –ø–ª–æ—Ç–Ω–æ—Å—Ç–∏, –≤–Ω—É—Ç—Ä–∏ —É—Ç–µ–ø–ª–µ–Ω–Ω—ã–µ",2024-08-19,5,224,1,0
494,–ú–Ω–µ –ø—Ä–∏—Å–ª–∞–ª–∏ –∫–∞–∫–æ–µ —Ç–æ –≥ –≤–º–µ—Å—Ç–æ –±—Ä—é–∫. –ü—É—Å—Ç—å —Ç–æ–ª—å–∫–æ –ø–æ–ø—Ä–æ–±—É—é—Ç –Ω–µ –ø—Ä–∏–Ω—è—Ç—å –Ω–∞–∑–∞–¥ —ç—Ç–æ,2024-08-13,1,80,1,0
495,"–ö–ª–∞—Å—Å–Ω—ã–µ, —É–¥–æ–±–Ω—ã–µ —à—Ç–∞–Ω—ã, –∫—Ä–∞—Å–∏–≤—ã–π —Ü–≤–µ—Ç, –±–æ–ª—å—à–µ–º–µ—Ä—è—Ç –Ω–∞ —Ä–∞–∑–º–µ—Ä, —Å —É–∫–æ—Ä–æ—á–µ–Ω–Ω–æ–π –≤–µ—Ä—Ö—É—à–∫–æ–π –∏–∑ —ç—Ç–æ–π –∫–æ–ª–ª–µ–∫—Ü–∏–∏ –≤–æ–æ–±—â–µ –æ–≥–æ–Ω—åüëå",2024-08-13,5,118,0,0
496,"–ö–æ–º—Ñ–æ—Ç–Ω—ã–µ –±—Ä—é–∫–∏, —É–¥–æ–±–Ω–∞—è –ø–æ—Å–∞–¥–∫–∞,  –ø–æ—Ö–æ–∂–∏ –Ω–∞ –æ—Ä–∏–≥–∏–Ω–∞–ª, –±–æ–ª—å—à–µ–º–µ—Ä—è—Ç –Ω–∞ —Ä–∞–∑–º–µ—Ä",2024-08-13,5,76,0,0
497,–•–æ—Ä–æ—à–∏–µ –±—Ä—é–∫–∏ —Å –Ω–∞—á–µ—Å–æ–º. –ù–∞ —Ä–æ—Å—Ç 161 –æ—Ç–ª–∏—á–Ω–æ.,2024-07-24,5,45,1,0
498,"–ó–∞–±—Ä–∞–ª–∞ , –Ω–∞ —Å–≤–æ–π 44 –†–æ—Å—Å–∏—è . –û—Ç–ª–∏—á–Ω–æ !",2024-07-15,5,39,0,0
499,"–ë–æ–ª—å—à–µ–º–µ—Ä—è—Ç, –≤—ã–±—Ä–∞–ª–∞ –¥—Ä—É–≥—É—é –º–æ–¥–µ–ª—å",2024-07-07,5,34,0,0
500,"–í—Ä–æ–¥–µ –æ—Ä–∏–≥–∏–Ω–∞–ª, Qr –∫–æ–¥ —Ä–∞–±–æ—Ç–∞–µ—Ç, –Ω–æ –∫–∞—á–µ—Å—Ç–≤–æ —Ç–∫–∞–Ω–∏ —É–∂–∞—Å–Ω–æ–µ, —ç—Ç–æ —Ñ–ª–∏—Å, —Å—Ö–æ–¥–∏–ª–∞ –≤ –∑–∞–ª –≤ –Ω–∏—Ö, —Å–æ–æ—Ç–≤–µ—Ç—Å—Ç–≤–µ–Ω–Ω–æ –≤—Å–ø–æ—Ç–µ–ª–∞ –∏–∑-–∑–∞ –Ω–∞–≥—Ä—É–∑–æ–∫, –∏ –≤—Å–µ –Ω–æ–≥–∏ –∏ —Ç—Ä—É—Å—ã (–∏–∑–≤–∏–Ω–∏—Ç–µ –∑–∞ –ø–æ–¥—Ä–æ–±–Ω–æ—Å—Ç–∏) –±—ã–ª–∏ –≤ —ç—Ç–æ–º —á–µ—Ä–Ω–æ–º —Ñ–ª–∏—Å–µ, –æ–Ω —Å—ã–ø–µ—Ç—Å—è –≤–Ω—É—Ç—Ä–∏ –ø—Ä–æ—Å—Ç–æ –∂–µ—Å—Ç—å, –∏ —ç—Ç–æ –ø–æ—Å–ª–µ —Å—Ç–∏—Ä–∫–∏ —è –∏—Ö –Ω–∞–¥–µ–ª–∞. –ê —Ç–∞–∫ –º–∏–Ω—É—Å–æ–º –µ—â–µ —ç—Ç–∏ —à—Ç–∞–Ω—ã –∫—Ç–æ-—Ç–æ –º–µ—Ä–∏–ª, –∏ –æ–Ω–∏ –≤–Ω—É—Ç—Ä–∏ –≤—Å–µ –±—ã–ª–∏ –≤ –∫–∞–∫–æ–π-—Ç–æ —à–µ—Ä—Å—Ç–∏ –∏ –≤–æ–ª–æ—Å–∞—Ö...¬† –ß–∏—Ç–∞—Ç—å –ø–æ–ª–Ω–æ—Å—Ç—å—é",2024-06-23,1,378,0,0
501,"–£ –ú–ï–ù–Ø –†–ê–ó–ú–ï–† 44, –ê –≠–¢–ò 42 –ú–ù–ï –ü–†–Ø–ú –û–ì–†–û–ú–ù–´–ï, –ñ–î–£ 40, –ë–û–õ–¨–®–ï–ú–ï–†–Ø–¢ –ù–ê 2 –†–ê–ó–ú–ï–†–ê...
–í–µ—Ä–Ω—É–ª–∞—Å—å- —ç—Ç–æ—Ç –∫—Ä–æ–π –ø–æ —Ç–∏–ø—É ""–æ–±–æ—Å—Ä—É—à–µ–∫"", –Ω–æ –ø–æ—á–µ–º—É —Ç–æ –Ω–µ —Å–≤–∏—Å–∞—é—Ç –≤–Ω–∏–∑, –∞ —Ç–æ–ø–æ—Ä—â–∞—Ç—Å—è —Å–ø–µ—Ä–µ–¥–∏ –∏ —Å–∑–∞–¥–∏
–û–ß–ï–ù–¨ –ñ–ê–õ–¨, –ß–¢–û –ù–ï–¢ –î–†–£–ì–ò–• –í–ê–†–ò–ê–ù–¢–û–í –®–¢–ê–ù–ò–®–ï–ö –í –¢–ê–ö–û–ú –¶–í–ï–¢–ïüòè",2024-06-03,5,243,0,0
502,"–ù–µ –æ—Ä–∏–≥–∏–Ω–∞–ª, –Ω–æ –∫–∞—á–µ—Å—Ç–≤–æ —Ö–æ—Ä–æ—à–µ–µ, —Ä–µ–∫–æ–º–µ–Ω–¥—É—é",2024-06-02,4,44,0,0
503,–ù–æ—Ä–º,2024-05-23,4,4,0,0
504,"–û—Ñ–æ—Ä–º–∏–ª–∞ –≤–æ–∑–≤—Ä–∞—Ç. –®—Ç–∞–Ω—ã –Ω–∞ 3 —Ä–∞–∑–º–µ—Ä–∞ –±–æ–ª—å—à–µ –Ω–æ—Ä–º—ã. –í—Å–µ–≥–¥–∞ –±–µ—Ä—É –±—Ä—é–∫–∏ —Ä–∞–∑–º–µ—Ä L –∏–ª–∏ XL, –Ω–æ —Ç—É—Ç –ø—Ä–æ–ª–Ω—ã–π –ø—Ä–æ–≤–∞–ª –∫–æ–Ω–µ—á–Ω–æ.
–ë—Ä—é–∫–∏ –∏–ª–∏ –≤–æ–æ–±—â–µ –Ω–µ –æ—Ä–∏–≥–∏–Ω–∞–ª –∏–ª–∏ –ø—Ä–æ–±–ª–µ–º—ã —Å –±–∏—Ä–∫–∞–º–∏ —Ä–∞–∑–º–µ—Ä–∞.
–ê —Ç–∞–∫ —á–∏—Å—Ç–æ –≤–Ω–µ—à–Ω–µ –≤—ã–≥–ª—è–¥—è—Ç –Ω–µ –ø–ª–æ—Ö–æ. –¢–∫–∞–Ω—å —Ö–æ—Ä–æ—à–∞—è.",2024-05-22,3,230,0,0
505,üëå,2024-05-17,5,1,0,0
506,"–î–æ—Å—Ç–æ–∏–Ω—Å—Ç–≤–∞
       –¶–≤–µ—Ç, –∫–∞—á–µ—Å—Ç–≤–æ, –ø–æ—Å–∞–¥–∫–∞ - –≤—Å–µ –ø–æ–Ω—Ä–∞–≤–∏–ª–æ—Å—å –∏ —É—Å—Ç—Ä–æ–∏–ª–æ. –û—Å–æ–±–µ–Ω–Ω–æ –ø–æ—Å–∞–¥–∫–∞, –æ–Ω–∞ –ø—Ä–æ—Å—Ç–æ –∏–¥–µ–∞–ª—å–Ω–∞.",2024-05-15,5,111,0,0
507,–û—Ç–ª–∏—á–Ω—ã–µ —à—Ç–∞–Ω—ãüî•,2024-05-06,5,15,0,0
508,"–ï—Å—Ç—å –ø–æ–¥–æ–∑—Ä–µ–Ω–∏–µ –Ω–∞ —Ç–æ —á—Ç–æ —Ç–æ–≤–∞—Ä –æ—Ä–∏–≥–∏–Ω–∞–ª—å–Ω—ã–π. –ó–∞–∫–∞–∑—ã–≤–∞–ª–∞ —Ç—Ä–∏ —Ä–∞–∑–∞. –ò —Ç—Ä–∏ —Ä–∞–∑–∞ –ø—Ä–∏—Ö–æ–¥–∏–ª–∏ –≤ –±—Ä–∞–∫–æ–≤–∞–Ω–Ω—ã–µ –±—Ä—é–∫–∏. –ù–∞ —à–∞–≥–æ–≤–æ–º —à–≤–µ –±—É–≥–æ—Ä —Å–º 4., –∫–æ—Ç–æ—Ä–∞—è –Ω–µ –¥–∞–µ—Ç –ª–µ—á—å –±—Ä—é–∫–∞–º –ø–æ —Ñ–∏–≥—É—Ä–µ.",2024-05-01,1,175,0,0
509,"–ë—Ä—é–∫–∏ –æ—Ç–ª–∏—á–Ω–æ–≥–æ –∫–∞—á–µ—Å—Ç–≤–∞, –Ω–∞ —Ä–æ—Å—Ç 170 —Å–º —Ä 44-46 –ø–æ–¥–æ—à–µ–ª —Ä S (–æ–≤–µ—Ä—Å–∞–π–∑).",2024-04-21,4,72,0,0
510,"–û—Ç—á–ª–∏—á–Ω—ã–µ —à—Ç–∞–Ω—ã –¥–ª—è –±–µ—Ä–µ–º–Ω—è—à–µ–∫, –≤–∑—è–ª–∞ –Ω–µ—Å–∫–æ–ª—å–∫–æ —Ä–∞–∑–º–µ—Ä–æ–≤",2024-04-20,5,56,0,0
511,"–û—Ç—á–ª–∏—á–Ω—ã–µ —à—Ç–∞–Ω—ã –¥–ª—è –±–µ—Ä–µ–º–Ω—è—à–µ–∫, –≤–∑—è–ª–∞ –Ω–µ—Å–∫–æ–ª—å–∫–æ —Ä–∞–∑–º–µ—Ä–æ–≤",2024-04-20,5,56,0,0
512,"–û—Ç—á–ª–∏—á–Ω—ã–µ —à—Ç–∞–Ω—ã –¥–ª—è –±–µ—Ä–µ–º–Ω—è—à–µ–∫, –≤–∑—è–ª–∞ –Ω–µ—Å–∫–æ–ª—å–∫–æ —Ä–∞–∑–º–µ—Ä–æ–≤",2024-04-20,5,56,0,0
513,–û–±–æ–∂–∞—é –∏—Ö,2024-04-20,5,9,0,0
514,"–ú—è–≥–∫–æ, –∫–æ–º—Ñ–æ—Ä—Ç–Ω–æ, —Å–≤–æ–±–æ–¥–Ω–æ. –û—Ç–ª–∏—á–Ω—ã–µ —à—Ç–∞–Ω–∏—à–∫–∏,üëçüèª",2024-04-09,5,48,0,0
515,–ë–æ–ª—å—à–µ–º–µ—Ä–∏—Ç,2024-03-31,3,11,0,0
516,–ù–µ —á–µ—Ä–Ω—ã–µ,2024-03-30,4,9,0,0
517,"–î–æ—Å—Ç–æ–∏–Ω—Å—Ç–≤–∞
       –£–¥–æ–±–Ω—ã–µ",2024-03-16,5,26,0,0
518,"–î–æ—Å—Ç–æ–∏–Ω—Å—Ç–≤–∞
       –í—Å—ë –æ—Ç–ª–∏—á–Ω–æ",2024-03-13,5,30,1,0
519,–í—Å–µ –æ—Ç–ª–∏—á–Ω–æ,2024-03-02,5,11,0,0
520,"–î–æ—Å—Ç–æ–∏–Ω—Å—Ç–≤–∞
       –û—Ç–ª–∏—á–Ω—ã–µ, –∫–∞—á–µ—Å—Ç–≤–æ –ø–æ–Ω—Ä–∞–≤–∏–ª–æ—Å—å, —Å–∏–¥—è—Ç —Å—É–ø–µ—Ä",2024-03-01,5,62,0,0
521,"–ú–æ—è –º–µ—á—Ç–∞ —Å–±—ã–ª–∞—Å—å, –æ—á–µ–Ω—å –∫–∞—á–µ—Å—Ç–≤–µ–Ω–Ω—ã–µ —Ö–æ—Ä–æ—à–∏–µ !",2024-03-01,5,47,0,0
522,"–î–æ—Å—Ç–æ–∏–Ω—Å—Ç–≤–∞
       –ù–µ –í–∑—è–ª–∞ —Å–¥–∞—á–∞",2024-02-23,5,33,0,0
523,"–î–æ—Å—Ç–æ–∏–Ω—Å—Ç–≤–∞
       –•–æ—Ä–æ—à–µ–≥–æ –∫–∞—á–µ—Å—Ç–≤–∞",2024-02-14,5,36,0,0
524,"–ù–µ–¥–æ—Å—Ç–∞—Ç–∫–∏
       –ë–æ–ª—å–≥–µ–º–µ—Ä—è—Ç",2024-02-07,1,29,0,0
525,"–ù–µ–¥–æ—Å—Ç–∞—Ç–∫–∏
       –°–∏–ª—å–Ω–æ –±–æ–ª—å—à–µ–º–µ—Ä—è—Ç",2024-02-07,3,36,0,0
526,"–î–æ—Å—Ç–æ–∏–Ω—Å—Ç–≤–∞
       –ö–∞—á–µ—Å—Ç–≤–æ",2024-01-28,4,27,0,0
527,"–î–æ—Å—Ç–æ–∏–Ω—Å—Ç–≤–∞
       –û—Ç–ª–∏—á–Ω—ã–µ —à—Ç–∞–Ω—ã",2024-01-22,5,33,0,0
528,"–î–æ—Å—Ç–æ–∏–Ω—Å—Ç–≤–∞
       –ù–µ–≤–µ—Ä–æ—è—Ç–Ω—ã–π,—à–º–æ—Ç–æ–∫ –º–Ω–æ–≥–æ,–∞ –Ω–æ—à—É —Ç–æ–ª—å–∫–æ –µ–≥–æ –≤—Å—é –∑–∏–º—É!",2024-01-20,5,71,0,0
529,"–î–æ—Å—Ç–æ–∏–Ω—Å—Ç–≤–∞
       –ü—Ä–æ–¥–∞–≤—Ü—É ‚ù§Ô∏è‚ù§Ô∏è‚ù§Ô∏è",2023-12-25,5,34,0,0
530,–û–Ω–∏ –±–æ–∂–µ—Å—Ç–≤–µ–Ω–Ω—ã,2023-12-06,5,15,0,0
531,"–î–æ—Å—Ç–æ–∏–Ω—Å—Ç–≤–∞
       –°—É–ø–µ—Ä —à—Ç–∞–Ω—ã )",2023-11-29,5,32,1,0
532,"–î–æ—Å—Ç–æ–∏–Ω—Å—Ç–≤–∞
       –ö–ª–∞—Å—Å–Ω—ã–µ, —É–∂–µ –≤–æ –≤—Å–µ—Ö —Ü–≤–µ—Ç–∞—Ö –∫—É–ø–∏–ª–∞ —ç—Ç–∏ –±—Ä—é–∫–∏! –°–æ–≤–µ—Ç—É—é",2023-11-23,5,73,0,0
533,"–î–æ—Å—Ç–æ–∏–Ω—Å—Ç–≤–∞
       –°—É–ø–µ—Ä –±—Ä—é–∫–∏, –æ–≤–µ—Ä—Å–∞–π–∑, –Ω–∞ —Ä–æ—Å—Ç 173 –ø–æ–¥–æ—à–ª–∏",2023-11-14,5,61,1,0
534,"–î–æ—Å—Ç–æ–∏–Ω—Å—Ç–≤–∞
       –®–∏–∫–∞—Ä–Ω–æ–µ –∫–∞—á–µ—Å—Ç–≤–æ",2023-11-08,5,36,0,0
535,"–î–æ—Å—Ç–æ–∏–Ω—Å—Ç–≤–∞
       –û—á–µ–Ω—å –º—è–≥–∫–∏–µ , —Ç–µ–ø–ª—ã–µ, –Ω–∞ –≤—ã—Å–æ–∫–∏–π —Ä–æ—Å—Ç, —á—Ç–æ –º–Ω–µ –æ–¥–Ω–æ–∑–Ω–∞—á–Ω–æ –ø–æ–¥—Ö–æ–¥–∏—Ç üòä",2023-09-29,5,88,0,0
536,"–î–æ—Å—Ç–æ–∏–Ω—Å—Ç–≤–∞
       –®—Ç–∞–Ω—ã –∫–ª–∞—Å—ÅüíØ
–º–∞—Ç–µ—Ä–∏–∞–ª
–ø–æ—à–∏–≤
–≤—ã—Å–æ–∫–∞—è –ø–æ—Å–∞–¥–∫–∞
—Ä–µ–∑–∏–Ω–∫–∞ 
–Ω–∞ –≤—ã—Å–æ–∫–∏–π —Ä–æ—Å—Ç",2023-09-09,5,87,0,0
537,–¶–µ–Ω–∞ –∏ –∫–∞—á–µ—Å—Ç–≤–æ —Å–æ–æ—Ç–≤–µ—Ç—Å—Ç–≤—É—é—Ç!,2024-10-10,5,30,0,0
538,"–û—Ç–ª–∏—á–Ω—ã–π —Ç–µ–ª–µ—Ñ–æ–Ω, –ª–µ—Ç–∞–µ—Ç",2024-10-10,5,24,0,0
539,"–ø–æ–Ω—Ä–∞–≤–∏–ª—Å—è,—Ç–æ–ª—å–∫–æ —Ç–æ—Ä–º–æ–∑–∏—Ç,–≥–ª—é—á–∏—Ç,–ø—Ä–∏—Ö–æ–¥–∏—Ç—Å—è –ø–µ—Ä–µ–∑–∞–≥—Ä—É–∂–∞—Ç—å",2024-10-09,4,58,0,0
540,"–•–æ—Ä–æ—à–∏–π —Ç–µ–ª., –ø–æ–∫—É–ø–∞–ª–∞ –¥–ª—è –±–∞–±—É—à–∫–∏. –õ–µ–≥–∫–æ –∏—Å–ø–æ–ª—å–∑–æ–≤–∞—Ç—å, —Å–æ–æ—Ç–≤–µ—Ç. —Ö–∞—Ä–∞–∫.",2024-10-09,5,71,0,0
541,–æ—á–µ–Ω—å —Ö–æ—Ä–æ—à–∏–π —Ç–µ–ª–µ—Ñ–æ–Ω —Ä–∞–±–æ—Ç–∞–µ—Ç –±–µ–∑ –ø—Ä–æ–±–ª–µ–º,2024-10-09,5,42,0,0
542,"–í—Ä–æ–¥–µ –Ω–µ –ø–ª–æ—Ö–æ–π —Ç–µ–ª–µ—Ñ–æ–Ω, –ø–æ—Å–º–æ—Ç—Ä–∏–º –∫–∞–∫ –±—É–¥–µ—Ç —Ä–∞–±–æ—Ç–∞—Ç—å —Å –ø—Ä–∏–ª–æ–∂–µ–Ω–∏—è–º–∏! –°–∫–æ–ª—å–∫–æ —Ç–µ–ª–µ—Ñ–æ–Ω–æ–≤ –±—Ä–∞–ª, –≤—Å–µ–≥–¥–∞ —Å —á–µ—Ö–ª–æ–º –∏ –∑–∞—â–∏—Ç–Ω—ã–º —Å—Ç–µ–∫–ª–æ–º, —Ç—É—Ç –±–µ–∑ –Ω–∏—Ö, –ø–æ—ç—Ç–æ–º—É 3 –∑–≤–µ–∑–¥—ã.",2024-10-09,3,160,0,0
543,—Ç–µ–ª–µ—Ñ–æ–Ω —Ö–æ—Ä–æ—à–∏–π,2024-10-08,5,15,0,0
544,–ù–æ—Ä–º–∞–ª—å–Ω—ã–π —Ç–µ–ª–µ—Ñ–æ–Ω. –ó–∞ —ç—Ç–∏ –¥–µ–Ω—å–≥–∏ –Ω–µ –∂–¥–∏—Ç–µ —á–µ–≥–æ —Ç–æ —Å—É–ø–µ—Ä. –†–∞–±–æ—Ç–∞–µ—Ç –∏ –Ω–∞ —Ç–æ–º —Å–ø–∞—Å–∏–±–æ. –ö–∞–º–µ—Ä–∞ –∫–∞–∫ –Ω–∞ –ø–µ—Ä–≤—ã—Ö —Å–∞–º—Å—É–Ω–≥–∞—Ö.,2024-10-07,5,116,0,0
545,–í —Ü–µ–ª–æ–º —Ä–∞–±–æ—Ç–∞–µ—Ç –Ω–æ –æ—Ç—Ü—É—Å—Ç–≤—É—é—Ç —Å—Ç–∞–Ω–¥–∞—Ä—Ç–Ω—ã–µ –Ω–∞—É—à–Ω–∏–∫–∏,2024-10-07,4,51,1,0
546,"—Ö–æ—Ä–æ—à–∏–π, —Å–æ–æ—Ç–≤–µ—Ç—Å—Ç–≤—É–µ—Ç –æ–ø–∏—Å–∞–Ω–∏—é",2024-10-07,4,31,0,0
547,–ö—Ä–∞—Å–∏–≤–æ,2024-10-07,5,7,0,0
548,–ù–æ—Ä–º,2024-10-07,4,4,0,0
549,–æ—Ç–ª–∏—á–Ω–æ_ —Ä–∞–±–æ—Ç–∞–µ—Ç –≤—Å–µ –Ω–æ—Ä–º–∞–ª—å–Ω–æ.  –¥–∞–∂–µ –±–æ–º–±–∞,2024-10-07,4,44,0,0
550,"—Ö–æ—Ä–æ—à–∏–π —Ç–µ–ª–µ—Ñ–æ–Ω, –≤–Ω—É—á–∫–µ –ø–æ–Ω—Ä–∞–≤–∏–ª—Å—è",2024-10-06,5,34,0,0
551,–æ—Ç–ª–∏—á–Ω—ã–π,2024-10-06,5,8,0,0
552,"—Ç–æ–≤–∞—Ä –ø–æ–Ω—Ä–∞–≤–∏–ª—Å—è, —Ç–µ–ª–µ—Ñ–æ–Ω –∫–ª–∞—Å—Å–Ω—ã–π, –ø–æ–∫–∞ –≤—Å—ë —É—Å—Ç—Ä–∞–∏–≤–∞–µ—Ç, –ø–æ—Å–º–æ—Ç—Ä–∏–º, –∫–∞–∫ –ø–æ–∫–∞–∂–µ—Ç —Å–µ–±—è –≤ –¥–∞–ª—å–Ω–µ–π—à–µ–º, —Ä–µ–∫–æ–º–µ–Ω–¥—É—é.",2024-10-06,5,110,0,0
553,–û—Ç–ª–∏—á–Ω—ã–π —Ç–µ–ª–µ—Ñ–æ–Ω,2024-10-06,5,16,0,0
554,"–Ω–æ—Ä–º–∞–ª—å–Ω—ã–π —Ç–µ–ª–µ—Ñ–æ–Ω, —Ç–æ—Å—Ç–æ–≤–∞—Ç",2024-10-05,5,28,0,0
555,"–¢–µ–ª–µ—Ñ–æ–Ω —Ö–æ—Ä–æ—à–∏–π, –≤—Å—ë –ø—Ä–∏—à–ª–æ –≤ –∫–æ–º–ø–ª–µ–∫—Ç–µ, —Ü–µ–ª–æ–µ, –Ω–µ–º–Ω–æ–≥–æ –∑–∞–ø–∞—Ä–∫–∞ —Å –º–µ–Ω—é",2024-10-05,4,70,0,0
556,"—Ö–æ—Ä–æ—à–∏–π, –∫—Ä–∞—Å–∏–≤—ã–π, —É–º–Ω—ã–π.",2024-10-05,5,25,0,0
557,–¢–µ–ª–µ—Ñ–æ–Ω —Ä–∞–±–æ—Ç–∞–µ—Ç —Ö–æ—Ä–æ—à–æ –Ω–µ –≥–ª—É—á–∏—Ç. –ü–æ—Å–º–æ—Ç—Ä–∏–º —Å–∫–æ–ª—å–∫–æ –ø—Ä–æ—Å–ª—É–∂–∏—Ç,2024-10-05,5,62,0,0
558,–¢–µ–ª–µ—Ñ–æ–Ω –ø—Ä–∏—à–µ–ª —Ö–æ—Ä–æ—à–æ —É–ø–∞–∫–æ–≤–∞–Ω –≤—Å–µ —Ä–∞–±–æ—Ç–∞–µ —Å–æ–≤–µ—Ç—É—é –º—É–∂—É –ø–æ–Ω—Ä–∞–≤–∏–ª—Å—è,2024-10-05,5,66,1,0
559,–†–µ–∫–æ–º–µ–Ω–¥—É—é,2024-10-04,5,10,0,0
560,"–ë—Ä–∞–ª–∞ —Ä–µ–±–µ–Ω–∫—É, –∑–∞ —Ç–∞–∫—É—é —Ü–µ–Ω—É –æ—Ç–ª–∏—á–Ω—ã–π —Ç–µ–ª–µ—Ñ–æ–Ω.",2024-10-04,5,46,0,0
561,"–¢–µ–ª–µ—Ñ–æ–Ω —Å—Ä–µ–¥–Ω–µ–π –∑–∞–≥—Ä—É–∑–∫–∏. –û—Ç–≤–µ—Ç–∏—Ç—å –≤ –≤–∞—Ç—Ü–∞–ø–µ, –≤—ã–±—Ä–∞—Ç—å —Ç–æ–≤–∞—Ä –Ω–∞ –æ–∑–æ–Ω–µ –∏ –≤ –¥—Ä—É–≥–∏—Ö –ø—Ä–∏–ª–æ–∂–µ–Ω–∏—è—Ö, –æ—Ç–≤–µ—Ç–∏—Ç—å –Ω–∞ –∑–≤–æ–Ω–∫–∏. –°–∏–º–ø–∞—Ç–∏—á–Ω—ã–π , –±–æ–ª—å—à–æ–π —ç–∫—Ä–∞–Ω. –ü—Ä–∏—à—ë–ª —Ö–æ—Ä–æ—à–æ —É–ø–∞–∫–æ–≤–∞–Ω, —Ü–µ–ª—ã–π. –°—Ä–∞–∑—É –≤–∫–ª—é—á–∏–ª—Å—è. –ú—É–∂ –¥–æ–≤–æ–ª–µ–Ω üëç",2024-10-04,5,203,0,0
562,"–î–æ—Å—Ç–æ–∏–Ω—Å—Ç–≤–∞
       –ó–∞ —Å–≤–æ–∏ –¥–µ–Ω—å–≥–∏,–Ω–æ—Ä–º–∞–ª—å–Ω—ã–π —Ç–µ–ª–µ—Ñ–æ–Ω",2024-10-04,5,52,0,0
563,—Ö–æ—Ä–æ—à–µ–µ —Ç–µ–ª–µ—Ñ–æ–Ω –Ω–æ—Ä–º–∞–ª—å–Ω–æ —Ä–∞–±–æ—Ç–∞–µ—Ç —Å–ø–∞—Å–∏–±–æ –∑–∞ —Ç–µ–ª–µ—Ñ–æ–Ω –ø—Ä–æ–¥–∞–≤–µ—Ü,2024-10-04,5,62,0,0
564,–î–ª—è –ø–æ–¥–∞—Ä–∫–∞ –∫—É–ø–∏–ª–∞ –ø–æ–∫–∞ –Ω–æ—Ä–º–∞–ª—å–Ω–æ,2024-10-04,5,33,0,0
565,–û–∫,2024-10-04,5,2,0,0
566,üî•üî•üëçüëç,2024-10-03,5,4,0,0
567,"–•–æ—Ä–æ—à–∏–π —Ç–µ–ª–µ—Ñ–æ–Ω, –±—Ä–∞–ª–∞ –¥–ª—è —Ä–µ–±—ë–Ω–∫–∞",2024-10-03,5,34,0,0
568,"–ù–µ —Å–∞–º–æ–ª—ë—Ç, –∫–æ–Ω–µ—á–Ω–æ, –Ω–æ –¥–ª—è –µ–≥–æ 3-—Ö –≥–∏–≥–æ–≤ –æ–ø–µ—Ä–∞—Ç–∏–≤—ã –ø—Ä—è–º –Ω–æ—Ä–º–∞–ª—å–Ω–æ. –ó–∞–º—É—á–∏–ª—Å—è —É—Å—Ç–∞–Ω–∞–≤–ª–∏–≤–∞—Ç—å –ø—Ä–∏–ª–æ–∂–µ–Ω–∏—è —Å–≤—è–∑–∏ —Å  —á–µ—Ö–∞—Ä–¥–æ–π —Å –ì—É–≥–ª–æ–º. –ü–æ—Å–ª–µ –ø–∞—Ä—ã –¥–Ω–µ–π –∑–∞–Ω—è—Ç–∏–π —Ç–∞–Ω—Ü–∞–º–∏ –Ω–∞—Ä–æ–¥–æ–≤ —Å–µ–≤–µ—Ä–∞, —è, –≤–æ–æ—Ä—É–∂–∏–≤—à–∏—Å—å –±—É–±–Ω–æ–º –µ–≥–æ –≤—Å—ë —Ç–∞–∫–∏ –ø–æ–±–µ–¥–∏–ª. –ù–æ –Ω–µ —Å–æ–≤—Å–µ–º. –í–ö —Ç–∞–∫ –∏ –Ω–µ —É–¥–∞–ª–æ—Å—å —É—Å—Ç–∞–Ω–æ–≤–∏—Ç—å, –≤–æ–∑–º–æ–∂–Ω–æ, —è —á–µ–≥–æ-—Ç–æ –Ω–µ –ø–æ–Ω–∏–º–∞—é. 
–í –ø—Ä–∏–Ω—Ü–∏–ø–µ, –º–æ–∂–Ω–æ –±—Ä–∞—Ç—å, –Ω–æ –∂–µ–ª–∞—Ç–µ–ª—å–Ω–æ –ø—Ä–∏ —ç—Ç–æ–º...¬† –ß–∏—Ç–∞—Ç—å –ø–æ–ª–Ω–æ—Å—Ç—å—é",2024-10-03,4,371,0,0
569,—Ö–æ—Ä–æ—à–∏–π,2024-10-02,5,7,0,0
570,–í—Å–µ —Ä–∞–±–æ—Ç–∞–µ—Ç –∫–∞–∫ –ø–æ–ª–æ–∂–µ–Ω–Ω–æ,2024-10-02,5,26,0,0
571,"–ì–ª—É–±–æ–∫–æ –≤ –≤–æ–∑–º–æ–∂–Ω–æ—Å—Ç–∏ —Å–º–∞—Ä—Ç—Ñ–æ–Ω–∞ –Ω–µ –∫–æ–ø–∞–ª, –≥–ª–∞–≤–Ω–æ–µ —á—Ç–æ —Ä–µ–±—ë–Ω–∫—É –ø–æ–Ω—Ä–∞–≤–∏–ª—Å—è. –ü–æ–≤–µ—Ä—Ö–Ω–æ—Å—Ç–Ω–æ–µ –∏–∑—É—á–µ–Ω–∏–µ –∫–æ—Å—è–∫–æ–≤ –Ω–µ –≤—ã—è–≤–∏–ª–æ. –î–æ—Å—Ç–∞—Ç–æ—á–Ω–æ —à—É—Å—Ç—Ä—ã–π. –ö–∞–º–µ—Ä–∞ –Ω–∞ —Ç–≤—ë—Ä–¥—É—é 4. –í —Ä—É–∫–µ –ª–µ–∂–∏—Ç —Ö–æ—Ä–æ—à–æ. –°–µ—Ä–≤–∏—Å—ã –≥—É–≥–ª –¥–æ–Ω–∏–º–∞—é—Ç –ø—Ä–∏ –ø–µ—Ä–≤–æ–π –∑–∞–≥—Ä—É–∑–∫–µ –∫–∞–∫ –∏ –≤ –ª—é–±–æ–º –¥—Ä—É–≥–æ–º —Å–º–∞—Ä—Ç–µ, –Ω–æ –æ–±–æ–π—Ç–∏ –±–µ–∑ –ø—Ä–æ–±–ª–µ–º. –°–≤—è–∑—å –¥–∞–Ω–Ω—ã–π –∞–ø–ø–∞—Ä–∞—Ç –¥–µ—Ä–∂–∏—Ç —É–≤–µ—Ä–µ–Ω–Ω–æ, –¥–∞–∂–µ –≤ –º–µ—Å—Ç–∞—Ö –≥–¥–µ –º–æ–π –°–∞–º—Å—É–Ω–≥ —Å–ø–∞—Å–æ–≤–∞–ª....¬† –ß–∏—Ç–∞—Ç—å –ø–æ–ª–Ω–æ—Å—Ç—å—é",2024-09-30,5,371,0,0
572,"–¶–µ–ª—ã–π, —Ö–æ—Ä–æ—à–æ —É–ø–∞–∫–æ–≤–∞–Ω. –í—Å—ë —Ö–æ—Ä–æ—à–æ",2024-09-30,5,34,0,0
573,–ù–µ –º–æ–≥—É –∑–Ω–∞—Ç—å,2024-09-29,5,13,0,0
574,"–•–æ—Ä–æ—à–∏–π –∞–ø–ø–∞—Ä–∞—Ç–∏–∫! –ó–∞ —ç—Ç–∏ –¥–µ–Ω—å–≥–∏   —Å–∞–º–æ–µ —Ç–æ. –ü–æ–∫—É–ø–∞–ª –¥–æ—á–µ—Ä–∏ –≤ 5-–æ–º –∫–ª–∞—Å—Å–µ, –≤–ø–æ–ª–Ω–µ –¥–æ—Å—Ç–æ–π–Ω–æ: —É—Ä–æ–∫–∏ –ø–æ –¥–∏—Å—Ç–∞–Ω—Ü–∏–∏ –≤ –∏–Ω—Ç–µ—Ä–Ω–µ—Ç–µ, —Ñ–æ—Ç–æ –¥–∑
 —Ö–æ—Ä–æ—à–æ –≤–∏–¥–Ω–æ, —Å–≤—è–∑—å —Ö–æ—Ä–æ—à–∞—è –ø–æ–¥–¥–µ—Ä–∂–∫–∞ –≤—Å–µ—Ö —Ñ–æ—Ä–º–∞—Ç–∞–≤. –†–ï–ö–û–ú–ï–ù–î–£–Æ",2024-09-29,5,196,0,0
575,"–î–æ—Å—Ç–æ–∏–Ω—Å—Ç–≤–∞
       –•–æ—Ä–æ—à–∏–π —Ç–µ–ª–µ—Ñ–æ–Ω",2024-09-29,5,34,0,0
576,"–¢–µ–ª–µ—Ñ–æ–Ω –æ—Ç–ª–∏—á–Ω—ã–π, –∫–∞—á–µ—Å—Ç–≤–æ –Ω–∞ –≤—ã—Å–æ—Ç–µ, –≤—Å—ë —Ä–∞–±–æ—Ç–∞–µ—Ç.",2024-09-29,5,51,0,0
577,"–£–∂–µ –º–µ—Å—è—Ü —Ä–µ–±—ë–Ω–æ–∫ –ø–æ–ª—å–∑—É–µ—Ç—Å—è —Ç–µ–ª–µ—Ñ–æ–Ω–æ–º —Ä–∞—Å—Ç—Ä–∞–∏–≤–∞–µ—Ç—Å—è, —Ç–µ–ª–µ—Ñ–æ–Ω –ª–∞–≥–∞–µ—Ç, —Ç–æ—Ä–º–æ–∑–∏—Ç, –Ω–µ —Ç—è–Ω–µ—Ç –∏–≥—Ä—ã.",2024-09-29,2,94,0,0
578,–ü—Ä–∏—à–µ–ª –∞–∫–∫—É—Ä–∞—Ç–Ω–æ –∑–∞–ø–∞–∫–æ–≤–∞–Ω–Ω—ã–π. –†–∞–±–æ—Ç–∞–µ—Ç –æ—Ç–ª–∏—á–Ω–æ –¥–ª—è —Ç–∞–∫–æ–π —Ü–µ–Ω—ã.,2024-09-28,5,63,0,0
579,—Ö–æ—Ä–æ—à–∏–π —Ç–µ–ª–µ—Ñ–æ–Ω,2024-10-04,5,15,0,0
580,"–ö—É–ø–∏–ª–∞ –ø–∞–ø–µ,–æ–Ω –¥–æ–≤–æ–ª–µ–Ω)",2024-09-26,5,23,0,0
581,"–ö—É–ø–∏–ª–∞ –¥–ª—è —Ä–∞–±–æ—Ç—ã, –ø–æ–π–¥–µ—Ç",2024-09-25,3,25,0,0
582,"–¢–µ–ª–µ—Ñ–æ–Ω —à—É—Å—Ç—Ä—ã–π, —Å—Ç–æ–∏—Ç—å —Å–≤–æ–∏—Ö –¥–µ–Ω–µ–≥.",2024-09-25,5,36,0,0
583,"–ù–∞ –≤—Ä–µ–º—è –Ω–æ—Ä–º–∞–ª—å–Ω–æ, –ø–æ–ª–æ–º–∞–ª—Å—è —Ç–µ–ª–µ—Ñ–æ–Ω –ø—Ä–∏—à–ª–æ—Å—å –∫—É–ø–∏—Ç—å —ç—Ç–æ—Ç –ø–æ–∫–∞ –¥–µ–Ω–µ–≥ –Ω–µ—Ç –Ω–∞ –¥–æ—Ä–æ–≥–æ–π. –£–∂–µ –º–µ—Å—è—Ü –ø–æ–ª—å–∑—É—é—Å—å –æ—Ç–ª–∏—á–Ω–æ",2024-09-25,5,113,0,0
584,"–ü–æ–∫—É–ø–∞–ª–∞ –¥–æ—á–∫–µ –Ω–∞ 7 –ª–µ—Ç) –î–ª—è –Ω–µ–µ –æ—Ç–ª–∏—á–Ω—ã–π –≤–∞—Ä–∏–∞–Ω—Ç, –æ—á–µ–Ω—å –Ω—Ä–∞–≤–∏—Ç—Å—è. –ò–≥—Ä–∞–µ—Ç, —Å–º–æ—Ç—Ä–∏—Ç –≤–∏–¥–µ–æ, –æ–±—â–∞–µ—Ç–º—è —Å –¥—Ä—É–∑—å—è–º–∏üëç",2024-09-23,5,110,0,0
585,–ù–æ—Ä–º,2024-09-23,5,4,0,0
586,–ß–∏–∏–∏–∏–Ω–∞–∞–∞–∞–∑–µ–µ–µ–µ—Å,2024-09-22,5,16,0,0
587,–•–æ—Ä–æ—à–∏–π —Ç–µ–ª–µ—Ñ–æ–Ω –∑–∞ —Å–≤–æ–∏ –¥–µ–Ω—å–≥–∏!,2024-09-22,5,31,0,0
588,"–ë—Ä–∞–ª–∞ –º–∞–º–µ, —Ä–∞–±–æ—Ç–∞–µ—Ç,–æ–Ω–∞ –¥–æ–≤–æ–ª—å–Ω–∞",2024-09-22,5,33,0,0
589,–°—É–ø–µ—Ä,2024-09-22,5,5,0,0
590,"–î–æ—Å—Ç–æ–∏–Ω—Å—Ç–≤–∞
       –ù–µ–¥–æ—Ä–æ–≥–æ–π",2024-09-21,4,28,0,0
591,"–û—Ç–≤—Ä–∞—Ç–∏—Ç–µ–ª—å–Ω–æ . –ü–æ–∫–∞ –Ω–µ –±—ã–ª –≤ –∏—Å–ø–æ–ª—å–∑–æ–≤–∞–Ω–∏–∏, –ø—Ä–æ–¥–∞–≤–µ—Ü –Ω–µ –æ–¥–æ–±—Ä–∏–ª –≤–æ–∑–≤—Ä–∞—Ç! –ß–µ—Ä–µ–∑ –Ω–µ–¥–µ–ª—é –ø—Ä–æ—Å—Ç–æ –≤—ã–≥–Ω—É–ª—Å—è , —Å—Ç–∞–ª –¥—É–≥–æ–π, —Ö–æ—Ç—è —Ç–µ–ª–µ—Ñ–æ–Ω–æ–º –Ω–µ –ø–æ–ª—å–∑–æ–≤–∞–ª–∞—Å—å (–µ—Å—Ç—å –≤—Ç–æ—Ä–æ–π).",2024-09-20,1,162,0,0
592,"–•–æ—Ä–æ—à–∏–π —Ç–µ–ª–µ—Ñ–æ–Ω, —Ä–µ–±—ë–Ω–æ–∫ —Ä–∞–¥",2024-09-20,5,28,0,0
593,"–í —Ü–µ–ª–æ–º –≤—Å—ë —Ö–æ—Ä–æ—à–æ, –Ω–æ –Ω–µ –≤–æ–∑–º–æ–∂–Ω–æ—Å—Ç—å –∏—Å–ø–æ–ª—å–∑–æ–≤–∞—Ç—å –∏–Ω—Ç–µ—Ä–Ω–µ—Ç –ø–æ—Ä—Ç–∏—Ç—å –≤—Å–µ –≤–ø–µ—á–∞—Ç–ª–µ–Ω–∏–µ –æ –¥–∞–Ω–Ω–æ–º —Å–º–∞—Ä—Ç—Ñ–æ–Ω–µ",2024-09-20,1,102,0,0
594,–í—Å—ë —Ö–æ—Ä–æ—à–æ. –°–ø–∞—Å–∏–±–æ –ø—Ä–æ–¥–∞–≤—Ü—É.,2024-09-18,5,29,1,0
595,–í—Å–µ —Ö–æ—Ä–æ—à–æ —Ä–∞–±–æ—Ç–∞–µ—Ç –æ—Ç–ª–∏—á–Ω–æ —Ä–µ–∫–æ–º–µ–Ω–¥—É—é,2024-09-18,5,38,0,0
596,"–≤–Ω–∏–º–∞–Ω–∏–µ –≤ –Ω—ë–º –Ω–µ—Ç —Ä–∞—Å–ø–æ–∑–Ω–∞–≤–∞–Ω–∏–µ –ø–æ –ª–∏—Ü—É –∏ –æ—Ç–ø–µ—á–∞—Ç–∫–∞–º –ø–∞–ª—å—Ü–∞! –£–¥–æ–±–Ω—ã–π –¥–ª—è –ø–æ–∂–∏–ª—ã—Ö –ª—é–¥–µ–π, –Ω–∏ —á–µ–≥–æ –ª–∏—à–Ω–µ–≥–æ. –ú–æ–∂–Ω–æ –¥–æ–±–∞–≤–∏—Ç—å —á–∞—Å—ã –∫—Ä—É–ø–Ω—ã–µ –Ω–∞ —Ä–∞–±–æ—á–∏–π —Å—Ç–æ–ª....
–†–µ–∫–æ–º–µ–Ω–¥—É—é.",2024-09-17,5,165,0,0
597,"–í—Å–µ –æ—Ç–ª–∏—á–Ω–æ, —Ä–µ–±–µ–Ω–æ–∫ –¥–æ–≤–æ–ª–µ–Ω",2024-09-17,5,28,0,0
598,"–¢–µ–ª–µ—Ñ–æ–Ω—á–∏–∫ –¥–æ—Å—Ç–∞—Ç–æ—á–Ω–æ —à—É—Å—Ç—Ä—ã–π. –§–æ—Ç–æ –∏ –≤–∏–¥–µ–æ —Å–Ω–∏–º–∞–µ—Ç —Ö–æ—Ä–æ—à–∏–µ, –∫–∞—á–µ—Å—Ç–≤–æ –¥–æ—Å—Ç–æ–π–Ω–æ–µ. –ü–æ–∫—É–ø–∞–ª–∞ –¥–ª—è —Å—ã–Ω–∞, –æ–Ω –¥–æ–≤–æ–ª–µ–Ω, –µ–¥–∏–Ω—Å—Ç–≤–µ–Ω–Ω–æ–µ , —á—Ç–æ –Ω–µ —Å–æ–≤—Å–µ–º —É–¥–æ–±–Ω–æ- —ç—Ç–æ  –∫–æ–≥–¥–∞ –ø–µ—Ä–µ–≤–æ—Ä–∞—á–∏–≤–∞–µ—à—å –≥–æ—Ä–∏–∑–æ–Ω—Ç–∞–ª—å–Ω–æ —Ä—É–∫–∞ –ª–æ–∂–∏—Ç—Å—è –Ω–∞ –∫–∞–º–µ—Ä—É. –í—Å–µ –≤—Ä–µ–º—è –≥—Ä—è–∑–Ω–∞—è, –≤—ã—Ç–∏—Ä–∞—Ç—å –ø—Ä–∏—Ö–æ–¥–∏—Ç—Å—è. –¢–µ–ª–µ—Ñ–æ–Ω –æ—á–µ–Ω—å –¥–∞–∂–µ. –ò–≥—Ä—ã –∏ –æ–±—É—á–∞—é—â–∏–µ –ø—Ä–∏–ª–æ–∂–µ–Ω–∏—è –∑–∞–≥—Ä—É–∂–∞–µ—Ç –±—ã—Å—Ç—Ä–æ. –°–ø–∞—Å–∏–±–æ –û–∑–æ–Ω—É –∏ –ø—Ä–æ–¥–∞–≤—Ü—É.",2024-09-16,5,345,1,0
599,"–¢–µ–ª–µ—Ñ–æ–Ω —Å—É–ø–µ—Ä,–∫–∞–º–µ—Ä–∞ –±–æ–º–±–∞",2024-09-16,5,26,0,0
600,"–û—Ç–ª–∏—á–Ω—ã–π —Ç–µ–ª–µ—Ñ–æ–Ω,–¥–æ—á–∫–µ –ø–æ–Ω—Ä–∞–≤–∏–ª–æ—Å—å",2024-09-16,5,34,0,0
601,"–ü–æ–∫—É–ø–∞–ª —Ä–µ–±–µ–Ω–∫—É, —Ä–µ–±–µ–Ω–æ–∫ –æ—á–µ–Ω—å —Ä–∞–¥–∞ —Ç–µ–ª–µ—Ñ–æ–Ω —Ö–æ—Ä–æ—à–∏–π –≤—Å—ë –ª–µ—Ç–∞–µ—Ç –≤—Å—ë —Ä–∞–±–æ—Ç–∞–µ—Ç –ø—Ä–æ–¥–∞–≤—Ü–∞ —Å–æ–≤–µ—Ç—É—é",2024-09-16,5,92,0,0
602,"–ë—Ä–∞–ª–∏ —Ä–µ–±–µ–Ω–∫—É, –≤—Å–µ –æ—Ç–ª–∏—á–Ω–æ, —Ä–∞–∑–æ–±—Ä–∞–ª—Å—è –±—ã—Å—Ç—Ä–æ.",2024-09-16,5,46,0,0
603,"–•–æ—Ä–æ—à–∏–π —Ç–µ–ª–µ—Ñ–æ–Ω, –±–æ–ª—å—à–æ–π —ç–∫—Ä–∞–Ω, –∫—Ä–∞—Å–∏–≤—ã–π –ø–æ —Ñ–æ—Ä–º–µ",2024-09-16,5,49,0,0
604,–ö—É–ø–∏–ª–∞ 2 —Ç–µ–ª –ø–ª–µ–º—è—à–∫–∞–º. –¢–µ–ª–µ—Ñ–æ–Ω—ã —Ç–æ—Ä–º–æ–∑—è—Ç –∏ –ª–∞–≥–∞—é—Ç!,2024-09-15,1,51,0,0
605,–†–∞–±–æ—Ç–∞–µ—Ç –≤—Å–µ –ø—Ä–µ–∫—Ä–∞—Å–Ω–æ,2024-09-15,5,22,0,0
606,"–¢–µ–ª–µ—Ñ–æ–Ω —Ö–æ—Ä–æ—à, –Ω–æ –∞–∫—Ç–∏–≤–∞—Ü–∏—è –∫–æ–Ω–µ—á–Ω–æ.... –°—Ä–∞–∑—É –∫–∞–∫ –≥–∞—á–∞–ª–∞ –≤–∫–ª—é—á–∞—Ç—å, —è–∑—ã–∫ –∞–Ω–≥–ª–∏–π—Å–∫–∏–π, –ø—Ä–æ—Å–∏—Ç –∫–∞–∫–æ–π —Ç–æ –ø–∞—Ä–æ–ª—å, —Ä–∞–∑–æ–±—Ä–∞–ª–∞—Å—å.. –°–ª–∞–≤–∞ –∏–Ω—Ç–µ—Ä–Ω–µ—Ç—É!!! –ù—É –∞ —Ç–∞–∫, —Ç–µ–ª–µ—Ñ–æ–Ω—á–∏–∫ –≤–ø–æ–ª–Ω–µ —Å–µ–±–µ –∑–∞ —Ç–∞–∫–∏–µ –¥–µ–Ω—å–≥–∏, –º–∞–º–µ –Ω—Ä–∞–≤–∏—Ç—Å—è, –ø–∏—â–∏—Ç –æ—Ç –≤–æ—Å—Ç–æ—Ä–≥–∞))))",2024-09-15,5,227,0,0
607,"–û—Ç–ª–∏—á–Ω—ã–π —Ç–µ–ª–µ—Ñ–æ–Ω.
–ò –±–∞—Ç–∞—Ä–µ—è –¥–æ–ª–≥–æ –¥–µ—Ä–∂–∏—Ç.",2024-09-14,5,41,0,0
608,–ö—É–ø–∏–ª–∏ –Ω–∞ –ø–æ–¥–∞—Ä–æ–∫. –ü–æ–Ω—Ä–∞–≤–∏–ª—Å—èüëç–ø–æ—Å–º–æ—Ç—Ä–∏–º —Å–∫–æ–ª—å–∫–æ –ø—Ä–æ—Å–ª—É–∂–∏—Ç,2024-09-14,5,57,0,0
609,"–í–∑—è–ª–∞ –¥–ª—è —Ä–∞–±–æ—Ç—ã, –∫–æ–Ω–µ—á–Ω–æ –≤ —Å—Ä–∞–≤–Ω–µ–Ω–∏–∏ —Å –∞–π—Ñ–æ–Ω–æ–º –Ω–∏–∫–∞–∫–æ–π. –ß—É—Ç—å —Ç—É–ø–∏—Ç, —á—É—Ç—å –ø–æ–¥–≤–∏—Å–∞–µ—Ç, –∏–Ω–æ–≥–¥–∞ —Å–∞–º –ø–æ —Å–µ–±–µ –æ—Ç–∫–ª—é—á–∞–µ—Ç—Å—è –∏–ª–∏ –ø–∞—Ä–æ–ª—å –∑–∞–ø—Ä–∞—à–∏–≤–∞–µ—Ç. –ê —Ç–∞–∫ —Ç–µ—Ä–ø–∏–º–æ, –¥—É–º–∞–ª–∞ –±—É–¥–µ—Ç —Ö—É–∂–µ. –ó–∞ —Ç–∞–∫—É—é —Å—Ç–æ–∏–º–æ—Å—Ç—å –≤–ø–æ–ª–Ω–µ –¥–æ—Å—Ç–æ–π–Ω–æ.",2024-09-14,4,209,0,0
610,–ü–æ–∫–∞ —Ä–∞–±–æ—Ç–∞–µ—Ç –∏—Å–ø—Ä–∞–≤–Ω–æ,2024-09-14,5,22,0,0
611,"–í—Å—ë –ø—Ä–∏—à–ª–æ —Ö–æ—Ä–æ—à–æ —É–ø–∞–∫–æ–≤–∞–Ω–æ,–≤ –æ—Ç–ª–∏—á–Ω–æ–º —Å–æ—Å—Ç–æ—è–Ω–∏–∏. –†–∞–±–æ—Ç–∞–µ—Ç —Ö–æ—Ä–æ—à–æ üëç",2024-09-14,5,67,0,0
612,"–ü–æ—Å–ª–µ –º–æ–µ–≥–æ itel—Å–∞–º–æ–≥–æ –¥–µ—à—ë–≤–æ–≥–æ —ç—Ç–æ—Ç –Ω–µ –ø–æ–∫–∞–∑—ã–≤–∞–µ—Ç –ø—Ä–æ—Ü–µ–Ω—Ç –∑–∞—Ä—è–¥–∫–∏, –æ—á–µ–Ω—å –Ω–µ—É–¥–æ–±–Ω–æ —á–∏—Ç–∞—Ç—å —Å–º—Å –∑–≤–æ–Ω–æ–∫ –µ–ª–µ —Å–ª—ã—à–Ω–æ,–ï—Å—Ç—å –ø—Ä–µ–∏–º—É—â–µ—Å—Ç–≤–∞, –∏–∑—É—á–∞—é",2024-09-13,3,137,0,0
613,–ú–Ω–µ –ø–æ–∫–∞–∑–∞–ª–æ—Å—å —á—Ç–æ —Ä–∞–±–æ—Ç–∞–µ—Ç –Ω–µ–º–Ω–æ–∂–∫–æ –º–µ–¥–ª–µ–Ω–Ω–µ–µ —á–µ–º —Å—Ç–∞—Ä—ã–π —Ç–µ–ª–µ—Ñ–æ–Ω.–ê —Ç–∞–∫ –≤—Å–µ –Ω–æ—Ä–º.,2024-09-13,4,81,0,0
614,–¢–µ–ª–µ—Ñ–æ–Ω –æ–≥–æ–Ω –ø—Ä–æ—Å—Ç–æ –±–µ—Ä–∏—Ç–µ –Ω–µ –ø–æ–∂–∞–ª–µ–µ—Ç–µ,2024-09-13,5,39,1,0
615,–ü–æ–∫–∞ –Ω–æ—Ä–º–∞–ª—å–Ω–æ —Ä–∞–±–æ—Ç–∞–µ—Ç.,2024-09-13,5,24,0,0
616,–ö–ª–∞—Å—Å–Ω—ã–π —Å–º–∞—Ä—Ç—Ñ–æ–Ω. üî•üî•üî•,2024-09-12,5,22,0,0
617,"–¢–µ–ª–µ—Ñ–æ–Ω –≤ —Å–≤–æ–µ–π —Ü–µ–Ω–æ–≤–æ–º –¥–∏–∞–ø–∞–∑–æ–Ω–µ,  —Ö–æ—Ä–æ—à–∏–π, –∫—Ä–∞—Å–∏–≤—ã–π, —Ä–∞–±–æ—Ç–∞–µ—Ç —Ö–æ—Ä–æ—à–æ,  –ø–æ–∫—É–ø–∞–ª–∞ –º–∞–º–µ –µ–π –æ—á–µ–Ω—å —É–¥–æ–±–Ω–æ –ø–æ–ª—å–∑–æ–≤–∞—Ç—å—Å—è.",2024-09-12,5,116,0,0
618,–û—Ç–ª–∏—á–Ω—ã–π —Ç–µ–ª–µ—Ñ–æ–Ω –¥–ª—è —Å—ã–Ω–∞ —à–∫–æ–ª—å–Ω–∏–∫–∞. –†–µ–±–µ–Ω–æ–∫ –¥–æ–≤–æ–ª–µ–Ω. –ê —è –Ω–µ —Å–∏–ª—å–Ω–æ –ø–æ—Ç—Ä–∞—Ç–∏–ª–∞—Å—å. –í–∑—è–ª–∞ –∑–∞ 5800.,2024-09-12,5,95,0,0
619,–•–æ—Ä–æ—à–∏–π —Ç–µ–ª–µ—Ñ–æ–Ω –∑–∞ —Å–≤–æ–∏ –¥–µ–Ω—å–≥–∏. –î–æ—Å—Ç–∞–≤–∫–∞ –±—ã—Å—Ç—Ä–∞—è –±–µ–∑ –∑–∞–¥–µ—Ä–∂–µ–∫. –ö–æ—Ä–±–∫–∞ —Ü–µ–ª–∞—è –Ω–µ –ø–æ–º—è—Ç–∞—è.,2024-09-12,5,87,0,0
620,"–ü–æ–∫—É–ø–∞–ª–∏ —Ç–µ–ª–µ—Ñ–æ–Ω –¥–ª—è –º–∞–º—ã, –≤—Å–µ –Ω–æ—Ä–º–∞–ª—å–Ω–æ, –¥–æ–≤–æ–ª—å–Ω–∞",2024-09-11,5,50,0,0
621,"–û—Ç–ª–∏—á–Ω—ã–π —Ç–µ–ª–µ—Ñ–æ–Ω –∑–∞ —Ç–∞–∫–∏–µ –¥–µ–Ω—å–≥–∏, –ø—Ä–∏—à—ë–ª –±–µ–∑ –ø–æ–≤—Ä–µ–∂–¥–µ–Ω–∏–π, –±–∞—Ç–∞—Ä–µ—é –¥–µ—Ä–∂–∏—Ç, –Ω–∞—Ä–µ–∫–∞–Ω–∏–π –ø–æ–∫–∞ –Ω–µ—Ç",2024-09-11,5,92,0,0
622,–ù–µ—Ç—É —Å–≤—è–∑–∏ –∏ –Ω–∏–∫—Ç–æ –Ω–µ –º–æ–∂–µ—Ç –¥–æ–∑–≤–æ–Ω–∏—Ç—å—Å—è,2024-09-11,2,39,0,0
623,"–ü–æ–∫–∞ –ø–æ–ª—å–∑—É—é—Å—å —Ç–æ–ª—å–∫–æ 2 –Ω–µ–¥–µ–ª–∏,–∑–∞ —ç—Ç–æ –≤—Ä–µ–º—è ,–ø–æ–±–æ—á–µ–∫ –Ω–µ –≤—ã—è–≤–ª–µ–Ω–æ.",2024-09-11,5,65,0,0
624,–§–∏–≥–Ω—è,2024-09-11,5,5,0,0
625,"–î–æ—Å—Ç–æ–∏–Ω—Å—Ç–≤–∞
       .",2024-09-09,5,20,0,0
626,üëç,2024-09-09,5,1,0,0
