User review,Review date,Star review,Text length,Has media,Has answer,Written by bot
"–î–æ—Å—Ç–æ–∏–Ω—Å—Ç–≤–∞: –í—Å—ë —Ö–æ—Ä–æ—à–æ, —Å–æ–±—Ä–∞–ª–∞ –±—ã—Å—Ç—Ä–æ",2025-03-10,5,38,0,1,0
"–î–æ—Å—Ç–æ–∏–Ω—Å—Ç–≤–∞: –£–¥–æ–±–Ω—ã–π\n–ù–µ–¥–æ—Å—Ç–∞—Ç–∫–∏: –¶–∞—Ä–∞–ø–∏–Ω—ã –Ω–∞ –ø–æ–¥–Ω–æ–∂–∫–∞—Ö,–≤–µ—Å—å –≥–ª—è–Ω–µ—Ü –ø–æ—Ü–∞—Ä–∞–ø–∞–Ω",2025-03-08,3,74,0,1,0
–î–æ—Å—Ç–æ–∏–Ω—Å—Ç–≤–∞: –ß—É–¥–æ —Å—Ç—É–ª!\n–ù–µ–¥–æ—Å—Ç–∞—Ç–∫–∏: –ü—Ä–∏—Ç–µ—Ç–∑–∏–π –Ω–µ—Ç\n–ö–æ–º–º–µ–Ω—Ç–∞—Ä–∏–π: –û—á–µ–Ω—å —É–¥–æ–±–µ–Ω,2025-03-06,5,72,1,1,0
"–î–æ—Å—Ç–æ–∏–Ω—Å—Ç–≤–∞: –ü–æ–ª—É—á–µ–Ω —Å—Ç—É–ª –≤ –æ—á–µ–Ω—å —Ö–æ—Ä–æ—à–µ–º –∫–∞—á–µ—Å—Ç–≤–µ, –∫–æ–º–ø–ª–µ–∫—Ç–∞—Ü–∏—è –≤ –ø–æ–ª–Ω–æ–º –æ–±—ä–µ–º–µ, —Å–æ–±—Ä–∞–ª–∞ –∑–∞ 15 –º–∏–Ω—É—Ç –ø–æ –∏–Ω—Å—Ç—Ä—É–∫—Ü–∏–∏. –°—Ç—É–ª –º—è–≥–∫–∏–π. –û—á–µ–Ω—å —Ä–µ–∫–æ–º–µ–Ω–¥—É—é. –ó–∞ –ø—Ä–µ–∑–µ–Ω—Ç –±–æ–ª—å—à–æ–µ —Å–ø–∞—Å–∏–±–æ –ø—Ä–æ–¥–∞–≤—Ü—É, –ø—Ä–∏—è—Ç–Ω–æ –æ—á–µ–Ω—å",2025-03-05,5,197,0,1,0
"–î–æ—Å—Ç–æ–∏–Ω—Å—Ç–≤–∞: –ü–∏—à—É —Å –ø—É—Å—Ç—è –ø–æ–ª –≥–æ–¥–∞, —Å—Ç—É–ª –æ—á–µ–Ω—å —Ö–æ—Ä–æ—à–∏—Ö, –∫–∞—á–µ—Å—Ç–≤–µ–Ω–Ω—ã–π. –ê —Å–∞–º–æ–µ –≥–ª–∞–≤–Ω–æ–µ –∫–∞–∫ –º–∞—Å—Ç–µ—Ä—É –º–∞–Ω–∏–∫—é—Ä–∞ –ø–æ—è—Å–Ω–∏—Ü–∞ –Ω–µ –±–æ–ª–∏—Ç !",2025-03-02,5,125,0,1,0
–ù–µ–¥–æ—Å—Ç–∞—Ç–∫–∏: –ü—Ä–∏—à–ª–∞ –∫–æ—Ä–æ–±–∫–∞ –≤—Å–∫—Ä—ã—Ç–∞—è —Å–µ–¥–ª–æ –æ–≥—Ä–æ–º–Ω–æ–µ –Ω–µ –ø–æ–Ω—Ä–∞–≤–∏–ª—Å—è,2025-03-01,1,63,0,1,0
"–î–æ—Å—Ç–æ–∏–Ω—Å—Ç–≤–∞: –ü—Ä–æ—Å—Ç–æ –≤–∞—É\n–ö–æ–º–º–µ–Ω—Ç–∞—Ä–∏–π: –°—É–ø–µ—Ä , –ø—Ä–∏—à–ª–æ –≤—Å–µ –≤ —Ü–µ–ª–æ—Å—Ç–∏ , —Å –Ω–µ–ø—Ä–∏–≤—ã—á–∫–∏ —Å–µ–¥–ª–æ –±–æ–ª–∏—Ç üòÅ–∞ —Å–ø–∏–Ω–∞ –Ω–µ—Ç",2025-02-27,5,103,0,1,0
–î–æ—Å—Ç–æ–∏–Ω—Å—Ç–≤–∞: –°—Ç—É–ª –ø—Ä–æ—Å—Ç–æ –æ—Ç–ª–∏—á–Ω—ã–π\n–ù–µ–¥–æ—Å—Ç–∞—Ç–∫–∏: –ù–µ—Ç –Ω–∏–∫–∞–∫–∏—Ö –º–∏–Ω—É—Å–æ–≤\n–ö–æ–º–º–µ–Ω—Ç–∞—Ä–∏–π: –°–±–æ—Ä–∫–∞ –ø—Ä–æ—Å—Ç–∞ –∏ –ø–æ–Ω—è—Ç–Ω–∞ . –í—Å–µ –¥–µ—Ç–∞–ª–∏ –Ω–∞ –º–µ—Å—Ç–µ. –°–æ–≤–µ—Ç—É—é üëå,2025-02-25,5,132,0,1,0
–î–æ—Å—Ç–æ–∏–Ω—Å—Ç–≤–∞: –°–∫–æ—Ä–æ—Å—Ç—å –¥–æ—Å—Ç–∞–≤–∫–∏\n–ù–µ–¥–æ—Å—Ç–∞—Ç–∫–∏: –ü—Ä–æ–¥–∞–≤–µ—Ü –Ω–µ –≤–∏–¥–∏—Ç —á—Ç–æ –ø—Ä–æ–¥–∞—ë—Ç? –≠—Ç–æ –ø—Ä–æ—Å—Ç–æ –Ω–∞–±–æ—Ä –º—É—Å–æ—Ä–∞.\n–ö–æ–º–º–µ–Ω—Ç–∞—Ä–∏–π: –°—Ç—Ä–∞—à–Ω–æ –¥–∞–∂–µ —Å–æ–±–∏—Ä–∞—Ç—å! –ù–∏ —Å—Ç–æ–∏—Ç –¥–∞–∂–µ 1.000. –ê —É–∂ 4—Ö —Ç–µ–º –±–æ–ª–µ–µ,2025-02-22,1,170,1,1,0
"–î–æ—Å—Ç–æ–∏–Ω—Å—Ç–≤–∞: –õ—ë–≥–∫–∞—è —Å–±–æ—Ä–∫–∞. –£–¥–æ–±–Ω–æ. –†–µ–∞–ª—å–Ω–æ —Ä–∞–∑–≥—Ä—É–∂–∞–µ—Ç —Å–ø–∏–Ω—É. –ß–µ—Å—Ç–Ω–æ –≥–æ–≤–æ—Ä—è, –∏–∑-–∑–∞ —Ü–µ–Ω—ã, –¥—É–º–∞–ª–∞, —á—Ç–æ –±—É–¥–µ—Ç —Ö–ª–∏–ø–∫–∏–º. –ù–æ –∫–∞—á–µ—Å—Ç–≤–æ –Ω–æ—Ä–º–∞–ª—å–Ω–æ–µ. –í—Å–µ–º –¥–æ–≤–æ–ª—å–Ω–∞. –ë–ª–∞–≥–æ–¥–∞—Ä—é",2025-02-22,5,163,0,1,0
"–î–æ—Å—Ç–æ–∏–Ω—Å—Ç–≤–∞: –£–¥–æ–±–Ω—ã–π,–ª–µ–≥–∫–æ —Å–æ–±–∏—Ä–∞–µ—Ç—å—Å—è\n–ù–µ–¥–æ—Å—Ç–∞—Ç–∫–∏: –ù–µ–º–Ω–æ–≥–æ –µ—Å—Ç—å –ø–æ—Ç—ë—Ä—Ç–æ—Å—Ç–∏ –Ω–∞ –∫—Ä–µ—Å—Ç–æ–≤–∏–Ω–∞,–Ω–æ –Ω–µ –∫—Ä–∏—Ç–∏—á–Ω–æ",2025-02-21,5,101,1,1,0
"–î–æ—Å—Ç–æ–∏–Ω—Å—Ç–≤–∞: –°–µ–ª–µ–Ω—å–µ —É–¥–æ–±–Ω–æ–µ, –º—è–≥–∫–æ–µ, —Å—Ç—É–ª —Ü–µ–ª—ã–π, –ø—Ä–∞–≤–¥–∞ —Å–∫–æ–ª—å–∫–æ –ø—Ä–æ—Å–ª—É–∂–∏—Ç –Ω–µ –∑–Ω–∞—é\n–ù–µ–¥–æ—Å—Ç–∞—Ç–∫–∏: –í—ã—Å–æ—Ç–∞ , —Ç–æ ,—á—Ç–æ —è –±–æ—è–ª–∞—Å—å, —É –≤–∞—Å –Ω–∞–ø–∏—Å–∞–Ω–æ —Ä–µ–≥—É–ª–∏—Ä—É–µ–º–∞—è –≤—ã—Å–æ—Ç–∞ –æ—Ç 71 –¥–æ 87, —Ç—É—Ç –º–∞–∫—Å 60, –≤ –º–æ–µ–π —Ä–∞–±–æ—Ç–µ —ç—Ç–æ –Ω–∏–∑–∫–æ, –æ—á–µ–Ω—å –∂–∞–ª—å",2025-02-19,3,217,1,1,0
"–î–æ—Å—Ç–æ–∏–Ω—Å—Ç–≤–∞: –§–æ—Ä–º–∞ —Å–∏–¥–µ–Ω—å—è, –ø—Ä–æ—á–Ω—ã–π.\n–ù–µ–¥–æ—Å—Ç–∞—Ç–∫–∏: ‚Äî‚Äî\n–ö–æ–º–º–µ–Ω—Ç–∞—Ä–∏–π: –û—á–µ–Ω—å –ø–æ–Ω—Ä–∞–≤–∏–ª—Å—è —Å—Ç—É–ª. –î–æ–≤–æ–ª—å–Ω–æ —Ç–∞–∫–∏ –ø—Ä–æ—á–Ω—ã–π, –Ω–µ—Å–º–æ—Ç—Ä—è –Ω–∞ –Ω–µ–±–æ–ª—å—à—É—é –¥–ª—è —Ç–∞–∫–æ–≥–æ —Å—Ç—É–ª–∞ —Ü–µ–Ω—É. –û—á–µ–Ω—å –ª–µ–≥–∫–æ –ø–µ—Ä–µ–¥–≤–∏–≥–∞–µ—Ç—Å—è –ø–æ –ª–∞–º–∏–Ω–∞—Ç—É. –†–µ–∫–æ–º–µ–Ω–¥—É—é. üëç",2025-02-15,5,205,1,1,0
–î–æ—Å—Ç–æ–∏–Ω—Å—Ç–≤–∞: –ú—è–≥–∫–∏–µ —É–¥–æ–±–Ω—ã–µ\n–ö–æ–º–º–µ–Ω—Ç–∞—Ä–∏–π: üëç,2025-02-13,5,40,0,1,0
–î–ª—è –º–∞—Å—Ç–µ—Ä–∞ –ø–µ—Ä–º–∞–Ω–µ–Ω—Ç–∞ –æ—á–µ–Ω—å —É–¥–æ–±–Ω–æ,2025-02-10,5,35,0,1,0
"–ù–∏–∫–∞–∫ –Ω–µ —Å–º–æ–≥–ª–∞ –∫ –Ω–µ–º—É –ø—Ä–∏—Å–ø–æ—Å–æ–±–∏—Ç—å—Å—è,2 –º–µ—Å –ø—ã—Ç–∞–ª–∞—Å—å,–∏ –ø–æ –Ω–µ–º–Ω–æ–∂–∫—É —Å–∏–¥–µ–ª–∞,–Ω–µ ,–±–µ—Å–ø–æ–ª–µ–∑–Ω–æ!–û—Ç —ç—Ç–æ–≥–æ —Å–µ–¥–ª–∞,—É –º–µ–Ω—è —Ç–∞–∫"" —Å–µ–¥–ª–æ"" –±–æ–ª–∏—Ç,—á—Ç–æ —É–∂–µ –º–µ–Ω—è –Ω–∞ –Ω–µ–≥–æ —Å–µ—Å—Ç—å –Ω–∏–∫—Ç–æ –Ω–µ –∑–∞—Å—Ç–∞–≤–∏—Ç.",2025-02-03,3,174,0,1,0
–ö–æ–ª–µ—Å–∏–∫–æ–≤ –∏ —à—Ä—É–ø–æ–≤ –Ω–µ –Ω–∞—à–µ–ª –∫–æ–º–ø–ª–µ–∫—Ç–µ,2025-02-02,1,37,0,1,0
"–ù–µ–¥–æ—Å—Ç–∞—Ç–∫–∏: –°–ø–∏–Ω–∫–∞ –±–æ–ª—Ç–∞–µ—Ç—Å—è, –Ω–æ –º–Ω–µ –Ω–µ –ø—Ä–∏–Ω—Ü–∏–ø–∏–∞–ª—å–Ω–æ. –í–∏–¥–∏–º–æ —Ç–µ—Ö–Ω–∏—á–µ—Å–∫–∏ —Ç–∞–∫ —Å–¥–µ–ª–∞–Ω–æ, –ø–æ—Ç–æ–º—É —á—Ç–æ –Ω–∏–∫–∞–∫ –Ω–µ –∑–∞–∫—Ä–µ–ø–∏—Ç—å.\n–ö–æ–º–º–µ–Ω—Ç–∞—Ä–∏–π: –í—Å–µ –∑–∞–º–µ—á–∞—Ç–µ–ª—å–Ω–æ, —Å—Ç—É–ª –ø—Ä–∏—à–µ–ª —Ü–µ–ª—ã–π, —Å–æ–±—Ä–∞–ª–∏ –¥–æ—Å—Ç–∞—Ç–æ—á–Ω–æ –±—ã—Å—Ç—Ä–æ. –ë—Ä–∞–∫–∞ –Ω–µ –æ–±–Ω–∞—Ä—É–∂–∏–ª–∏.",2025-01-31,5,212,0,1,0
–î–æ—Å—Ç–æ–∏–Ω—Å—Ç–≤–∞: –ß—ë—Ç–∫–∏–π —Å—Ç—É–ª,2025-01-28,5,23,0,1,0
–ù–µ–¥–æ—Å—Ç–∞—Ç–∫–∏: –ë—ã–ª–∏ –ø—Ä–∏ –¥–æ—Å—Ç–∞–≤–∫–µ –º–∞–ª–µ–Ω—å–∫–∏–µ —Ç—Ä–µ—â–∏–Ω—ã –Ω–∞ –∫–æ–∂–µ\n–ö–æ–º–º–µ–Ω—Ç–∞—Ä–∏–π: –¶–µ–Ω–∞ –∫–∞—á–µ—Å—Ç–≤–∞ —Å–æ–æ—Ç–≤–µ—Ç—Å—Ç–≤—É–µ—Ç,2025-01-27,4,94,0,1,0
"–î–æ—Å—Ç–æ–∏–Ω—Å—Ç–≤–∞: –ü–æ–∫–∞ –≤—Å–µ —Ö–æ—Ä–æ—à–æ. –°–±–æ—Ä–∫–∞ –±—ã—Å—Ç—Ä–∞—è, —Å—Ç—É–ª –ª–µ–≥–∫–æ –ø–µ—Ä–µ–¥–≤–∏–≥–∞–µ—Ç—Å—è. –°–µ–≥–æ–¥–Ω—è –ø–µ—Ä–≤—ã–π —Ä–∞–∑ –≤—è–∑–∞–ª–∞ –Ω–∞ –º–∞—à–∏–Ω–µ —Å–∏–¥—è –Ω–∞ –Ω–µ–º. –û—á–µ–Ω—å —É–¥–æ–±–Ω–æ!",2025-01-26,5,133,0,1,0
"–ù–µ–¥–æ—Å—Ç–∞—Ç–∫–∏: –ö–∞—á–µ—Å—Ç–≤–æ –ø–ª–æ—Ö–æ–µ.\n–ö–æ–º–º–µ–Ω—Ç–∞—Ä–∏–π: –ö–∞—á–µ—Å—Ç–≤–æ –∂—É—Ç—å, —Å—Ä–∞–∑—É –Ω–∞ –ü–í–ó –æ—Ü–µ–Ω–∏—Ç—å –Ω–µ–≤–æ–∑–º–æ–∂–Ω–æ, —Ç–∞–∫ –∫–∞–∫ —Ç–æ–≤–∞—Ä –≤ —Ä–∞–∑–æ–±—Ä–∞–Ω–Ω–æ–º –≤–∏–¥–µ. –í –ø—Ä–æ—Ü–µ—Å—Å–µ —Å–±–æ—Ä–∫–∏ –≤–∏–¥–Ω–æ, —á—Ç–æ –≤—Å–µ –Ω–µ–Ω–∞–¥–µ–∂–Ω–æ! –ï—â—ë –∏ —Ä–∞—Å—Å–º–∞—Ç—Ä–∏–≤–∞–ª–∏ –∑–∞—è–≤–∫—É –Ω–∞ –≤–æ–∑–≤—Ä–∞—Ç 10 –¥–Ω–µ–π —Ä–æ–≤–Ω–æ! –°–æ–æ—Ç–≤–µ—Ç—Å—Ç–≤–µ–Ω–Ω–æ –¥–µ–Ω—å–≥–∏ –≤–µ—Ä–Ω—É–ª–∏ –ø–æ—á—Ç–∏ —á–µ—Ä–µ–∑ 2 –Ω–µ–¥–µ–ª–∏!",2025-01-26,1,270,0,1,0
"–í—Å–µ –∂–µ —Ä–∞–¥–∞ —á—Ç–æ –≤—ã–±—Ä–∞–ª–∞ —ç—Ç–æ—Ç —Å—Ç—É–ª, —Ä–∞–±–æ—Ç–∞—Ç—å –ª–µ–≥–∫–æ –∏ –≥–ª–∞–≤–Ω–æ–µ –¥–ª—è –∑–¥–æ—Ä–æ–≤—å—è –º–æ–µ–≥–æ –æ–Ω —É–¥–æ–±–µ–Ω, —Å–æ–≤–µ—Ç—É—é –ø—Ä–∏ –≤–∞—Ä–∏–∫–æ–∑–µ üëç",2025-01-25,5,112,0,1,0
"–î–æ—Å—Ç–æ–∏–Ω—Å—Ç–≤–∞: –°—Ç—É–ª –æ–≥–æ–Ω—å! –í –ø–µ—Ä–≤—ã–π –¥–µ–Ω—å —Ä–∞–±–æ—Ç—ã –ø—Ä–∏–Ω—è–ª–∞ —à–µ—Å—Ç—å –∫–ª–∏–µ–Ω—Ç–æ–∫. –ù–∞ –∫–∞–∂–¥—É –¥–≤–∞ —á–∞—Å–∞ –∏ –º–µ–∂–¥—É –Ω–∏–º–∏ –ø–µ—Ä–µ—Ä—Ä—ã–≤ 20-30 –º–∏–Ω—É—Ç, —Å–ø–∏–Ω–∞ –Ω–µ —É—Å—Ç–∞–≤–∞–ª–∞. –°–±–æ—Ä–∫–∞ –ª–µ–≥–∫–∞—è, –ø–æ–Ω—è—Ç–Ω–∞—è –∏ –±—ã—Å—Ç—Ä–∞—è. –ï—â–µ –±–æ–Ω—É—Å–æ–º, —Å—Ç—É–ª –¥–æ—Å—Ç–∞—Ç–æ—á–Ω–æ –≤—ã—Å–æ–∫–æ –ø–æ–¥–Ω–∏–º–∞–µ—Ç—Å—è. –í—Å–µ —Ü–µ–ª–æ–µ, —Å–ø–∞—Å–∏–±–æ!",2025-01-18,5,244,1,1,0
–û—Ç–ª–∏—á–Ω—ã–π —Å—Ç—É–ªüëç,2025-01-16,5,14,1,1,0
"–î–æ—Å—Ç–æ–∏–Ω—Å—Ç–≤–∞: –°—Ç—É–ª —Ö–æ—Ä–æ—à–∏–π, –∫–∞–∫ –¥–æ–ª–≥–æ –ø—Ä–æ—Å–ª—É–∂–∏—Ç –ø–æ—Å–º–æ—Ç—Ä–∏–º\n–ù–µ–¥–æ—Å—Ç–∞—Ç–∫–∏: –ù–µ–º–Ω–æ–≥–æ –ø–æ—à–∞—Ç—ã–≤–∞–µ—Ç—Å—è —Å–ø–∏–Ω–∫–∞ –Ω–æ –Ω–µ –∫—Ä–∏—Ç–∏—á–Ω–æ",2025-01-14,5,109,1,1,0
"–î–æ—Å—Ç–æ–∏–Ω—Å—Ç–≤–∞: –ò—Ö –Ω–µ—Ç!\n–ù–µ–¥–æ—Å—Ç–∞—Ç–∫–∏: –°—Ç—É–ª- –¥–µ—à–º–∞–Ω,–æ–±–∏–≤–∫–∞ –¥–µ—à–µ–≤—ã–π –∫–æ–∂–∑–∞–º ,–Ω–µ —É–¥–æ–±–Ω—ã–π,—Å–∏–¥—É—à–∫–∞ –º–µ–∂–¥—É –Ω–æ–≥ –¥–∞–≤–∏—Ç —Ç–∞–∫ ,—á—Ç–æ –±—É–¥-—Ç–æ —Ç—ã –Ω–∞ –∑–∞–±–æ—Ä–µ –ø–æ–≤–∏—Å–ª–∞.–°–ø–∏–Ω–∫–∞ –µ–ª–µ –≤–∏—Å–∏—Ç,–Ω–∏–∫–∞–∫–æ–π –æ–ø–æ—Ä—ã.–ù–∞ –≤—Ç–æ—Ä–æ–π –¥–µ–Ω—å —Å—Ç–∞–ª–∞ –≤—ã–ø–∏—Ä–∞—Ç—å –ø–æ–¥–∫–ª–∞–¥–∫–∞ —Å–ø–µ—Ä–µ–¥–∏.–í–æ–æ–±—â–µ–º –¥–ª—è —Ä–∞–±–æ—Ç—ã(–º–∞—Å—Ç–µ—Ä–∞ –º–∞–Ω–∏–∫—é—Ä–∞)–Ω–µ –ø–æ–¥—Ö–æ–¥–∏—Ç –≤–æ–æ–±—â–µ..–ò –∫–∞—á–µ—Å—Ç–≤–æ –æ—á–µ–Ω—å —Ö–ª–∏–ø–∫–æ–µ.–õ–∏–±–æ –ø–æ–ø–∞ –¥–æ–ª–∂–Ω–∞ –±—ã—Ç—å —Å –∫—É–ª–∞—á–æ–∫!–í–æ–∑–≤—Ä–∞—Ç.",2025-01-14,1,339,1,1,0
"–ù–µ–¥–æ—Å—Ç–∞—Ç–∫–∏: –î–µ—Ñ–µ–∫—Ç–æ–≤ –Ω–µ –Ω–∞—à–ª–∞, –∫–∞—á–µ—Å—Ç–≤–æ –Ω–∞ —Ç—Ä–æ–µ—á–∫—É –º–∞—Ç–µ—Ä–∏–∞–ª –Ω–∞ —Å–∏–¥—É—à–∫–∏ —É–∂ –æ—á–µ–Ω—å –Ω–µ–ø—Ä–æ—á–Ω—ã–π –º—è–≥–∫–∏–π, –Ω–æ –ø—Ä–æ–±–ª–µ–º–∞ –Ω–µ –≤ —ç—Ç–æ–º, —Ñ–æ—Ä–º–∞ —Å–∏–¥–µ–Ω–∏—è —Ç–∞–∫–æ–≤–∞ —á—Ç–æ –∏–∑–≤–∏–Ω–∏—Ç–µ –Ω–µ –Ω–∞ –∫–∞–∂–¥—É—é –ø–æ–ø—É, –ø–æ—Å–ª–µ –æ–±—Å–ª—É–∂–∏–≤–∞–Ω–∏—è –¥–≤—É—Ö –∫–ª–∏–µ–Ω—Ç–æ–≤ —è –µ–≥–æ –±—É–∫–≤–∞–ª—å–Ω–æ–º —Å–º—ã—Å–ª–µ –≤—ã–∫–∏–Ω—É–ª–∞ –∏–∑-–ø–æ–¥ —Å–µ–±—è, –Ω–µ —Å–æ–≤–µ—Ç—É—é –ø–æ–ø—Ä–æ–±—É–π—Ç–µ –≥–¥–µ-–Ω–∏–±—É–¥—å –ø–æ—Å–∏–¥–µ—Ç—å –Ω–∞ –ø–æ–¥–æ–±–Ω–æ–º —Å—Ç—É–ª–µ, –Ω–æ —è —Ç–∞–∫ –¥—É–º–∞—é —á—Ç–æ –∑–¥–µ—Å—å —Ñ–æ—Ä–º–∞ —Å–∞–º–æ–≥–æ —Å–µ–¥–ª–∞ –Ω–µ–ø—Ä–∞–≤–∏–ª—å–Ω–∞—è —Å–ø–∏–Ω–∞ —Å–æ–≤—Å–µ–º –Ω–µ –æ—Ç–¥—ã—Ö–∞–µ—Ç, –æ—â—É—â–µ–Ω–∏–µ –±—É–¥—Ç–æ —Å–∏–¥–∏—à—å –Ω–∞ —Ç—Ä—É–±–µ –æ–±–º–æ—Ç–∞–Ω—ã —Ç—Ä—è–ø–∫–∞–º–∏ –∏ –ø—ã—Ç–∞–µ—à—å—Å—è —É–¥–µ—Ä–∂–∞—Ç—å—Å—è. –ü—Ä–µ–∂–¥–µ —á–µ–º –ø–æ–∫—É–ø–∞—Ç—å —ç—Ç–æ—Ç —Å—Ç—É–ª –ø–æ–¥—É–º–∞–π—Ç–µ. –Ø –≤–æ—Ç –ø–æ–∂–∞–ª–µ–ª–∞ –¥–µ–Ω—å–≥–∏ —É–∂–µ",2025-01-13,3,535,1,1,0
"–î–æ—Å—Ç–æ–∏–Ω—Å—Ç–≤–∞: –ù–µ–±–æ–ª—å—à–æ–π, —É–¥–æ–±–Ω—ã–π\n–ù–µ–¥–æ—Å—Ç–∞—Ç–∫–∏: –ù–µ—Ç\n–ö–æ–º–º–µ–Ω—Ç–∞—Ä–∏–π: –£–¥–æ–±–Ω—ã–π —Å—Ç—É–ª –º–Ω–µ –æ—á–µ–Ω—å –ø–æ–Ω—Ä–∞–≤–∏–ª—Å—è, —Å–∏–¥–µ—Ç—å –ø—Ä–æ—Å—Ç–æ –º–æ–∂–Ω–æ —á–∞—Å–∞–º–∏. –î–ª—è –Ω–µ–±–æ–ª—å—à–æ–≥–æ –∫–∞–±–∏–Ω–µ—Ç–∞ –ø–æ–¥–æ—à–µ–ª –∏–¥–µ–∞–ª—å–Ω–æ. Ôøº",2025-01-10,5,164,1,1,0
–î–æ—Å—Ç–æ–∏–Ω—Å—Ç–≤–∞: –ú–æ—è —Å–ø–∏–Ω–∞ –∏ —à–µ—è —Å–∫–∞–∑–∞–ª–∞ —Å–ø–∞—Å–∏–±–æ\n–ù–µ–¥–æ—Å—Ç–∞—Ç–∫–∏: –ù–µ—Ç,2025-01-07,5,58,0,1,0
"–î–æ—Å—Ç–æ–∏–Ω—Å—Ç–≤–∞: –°–ø—É—Å—Ç—è –º–µ—Å—è—Ü –Ω–µ –µ–∂–µ–¥–Ω–µ–≤–Ω–æ–≥–æ —Å–∏–¥–µ–Ω–∏—è, –∞ —Ä–∞–∑ –≤ –Ω–µ–¥–µ–ª—é –∏–º –ø–æ–ª—å–∑—É–µ–º—Å—è. –ü—Ä–æ–±—Ä–∞–ª—Å—è –º–∞—Ç–µ—Ä–∏–∞–ª.",2025-01-06,1,98,1,1,0
"–î–æ—Å—Ç–æ–∏–Ω—Å—Ç–≤–∞: –û—Ç–ª–∏—á–Ω—ã–π —Å—Ç—É–ª! –£–¥–æ–±–Ω—ã–π, –∫—Ä–∞—Å–∏–≤—ã–π, –ª–µ–≥–∫–æ —Å–æ–±–∏—Ä–∞–µ–º—ã–π, —Å—Ç–∏–ª—å–Ω—ã–π, –∫—Ä–µ–ø–∫–∏–π\n–ù–µ–¥–æ—Å—Ç–∞—Ç–∫–∏: –ù–µ—Ç\n–ö–æ–º–º–µ–Ω—Ç–∞—Ä–∏–π: –≠—Ç–æ –º–æ–µ –ª—É—á—à–µ–µ –ø—Ä–∏–æ–±—Ä–µ—Ç–µ–Ω–∏–µ –≤ –Ω–æ–≤–æ–º –≥–æ–¥—É! –°—Ç—É–ª –ø—Ä–æ—Å—Ç–æ –±–æ–º–±–æ–≤—ã–π! –ò —Ü–µ–Ω–∞ –ø—Ä–æ—Å—Ç–æ —Å–∫–∞–∑–æ—á–Ω–∞—è. –°–ø–∞—Å–∏–±–æ –ø—Ä–æ–¥–∞–≤—Ü—É –∑–∞ –∫–∞—á–µ—Å—Ç–≤–µ–Ω–Ω—ã–π —Ç–æ–≤–∞—Ä!",2025-01-03,5,237,1,1,0
"–î–æ—Å—Ç–æ–∏–Ω—Å—Ç–≤–∞: –°–±—ã–ª–∞—Å—å –º–µ—á—Ç–∞, –ø—Ä—è–º–æ –∫–∞–∫ –¥–ª—è –º–µ–Ω—è —Å–¥–µ–ª–∞–Ω",2025-01-02,5,52,0,1,0
"–ù–µ–¥–æ—Å—Ç–∞—Ç–∫–∏: –ù–µ —Ç–∞–∫ –¥–∞–≤–Ω–æ –ø–æ–∫—É–ø–∞–ª–∞ —Å—Ç—É–ª—å—è –∑–∞ —Ç–∞–∫–∏–µ –∂–µ –¥–µ–Ω—å–≥–∏ –∏ –æ–Ω–∏ –∫–∞—á–µ—Å—Ç–≤–µ–Ω–Ω–µ–µ, –º–Ω–µ –ª–µ–Ω—å –∏–¥—Ç–∏ —Ä–∞–∑–±–∏—Ä–∞—Ç—å –∏ —Å–¥–∞–≤–∞—Ç—å –Ω–∞–∑–∞–¥, –Ω–æ –∑–∞ —Ç–∞–∫–∏–µ –¥–µ–Ω—å–≥–∏ —è –ª—É—á—à–µ –ø–æ–∫—É–ø–∞–ª–∞",2024-12-30,4,155,0,1,0
"–û—Ç–∫–∞–∑, –õ–æ–ø–Ω—É—Ç –ø–ª–∞—Å—Ç–∏–∫, –∂—ë—Å—Ç–∫–∞—è —Å–∏–¥—É—à–∫–∞",2024-12-28,1,38,0,1,0
"–î–æ—Å—Ç–æ–∏–Ω—Å—Ç–≤–∞: –ë—ã—Å—Ç—Ä–æ –∏ —É–¥–æ–±–Ω–æ —Å–æ–±–∏—Ä–∞—Ç—å, –∏–Ω—Ç—É–∏—Ç–∏–≤–Ω–æ –ø–æ–Ω—è—Ç–Ω–æ. –í –∫–æ–º–ø–ª–µ–∫—Ç–µ –±—ã–ª–∞ –∏–Ω—Å—Ç—Ä—É–∫—Ü–∏—è, –ª—ë–≥–∫–∏–π –≤ –∏—Å–ø–æ–ª—å–∑–æ–≤–∞–Ω–∏–∏, —Å–æ–±—Ä–∞–ª –∑–∞ 10 –º–∏–Ω—É—Ç\n–ù–µ–¥–æ—Å—Ç–∞—Ç–∫–∏: –ù–µ –Ω–∞—à—ë–ª\n–ö–æ–º–º–µ–Ω—Ç–∞—Ä–∏–π: –û—á–µ–Ω—å –ø—Ä–æ—Å—Ç –≤ –∏—Å–ø–æ–ª—å–∑–æ–≤–∞–Ω–∏–∏, –Ω–∏—á–µ–≥–æ –ª–∏—à–Ω–µ–≥–æ, –≤—Å—ë —Ä–∞–±–æ—Ç–∞–µ—Ç! –í –æ—Ç–∑—ã–≤–∞—Ö –≤–∏–¥–µ–ª –≤–∏–¥–µ–æ, –≥–¥–µ —É –ø–æ–∫—É–ø–∞—Ç–µ–ª—è –Ω–µ —Ä–∞–±–æ—Ç–∞–ª –≤–æ–∑–¥—É—à–Ω—ã–π –ø–æ—Ä—à–µ–Ω—å, —Ç–∞–∫ –≤–æ—Ç —Å–Ω–∏–º–∏—Ç–µ –∫–æ–ª–ø–∞—á–æ–∫!!! –ü—Ä–æ–¥–∞–≤–µ—Ü –≤—Å—ë —Ç—â–∞—Ç–µ–ª—å–Ω–æ —É–ø–∞–∫–æ–≤–∞–ª, –æ—á–µ–Ω—å –≤–ø–µ—á–∞—Ç–ª—ë–Ω —Ö–æ—Ç—å –∏ –¥–∞—Ä–∏–ª –¥–µ–≤—É—à–∫–µ –Ω–∞ –ø—Ä–æ–±—É –Ω–∞ –ù–æ–≤—ã–π –≥–æ–¥, –≤—Å—ë –æ—á–µ–Ω—å –∫–ª–∞—Å—Å–Ω–æ) \n–°–ø–∞—Å–∏–±–æ –ø—Ä–æ–¥–∞–≤—Ü—É —Å –Ω–∞—Å—Ç—É–ø–∞—é—â–∏–º!)",2024-12-25,5,464,1,1,0
"–î–æ—Å—Ç–æ–∏–Ω—Å—Ç–≤–∞: –Ω–æ—Ä–º,–Ω–æ —Å–ø–∏–Ω–∫–∞ —à–∞—Ç–∞–µ—Ç—Å—è –∞ –µ—â–µ –∫–æ–ª–µ—Å–∏–∫–∏ –ø–ª–æ—Ö–æ –∫—Ä—É—Ç—è—Ç—Å—è",2024-12-24,2,65,0,1,0
–î–æ—Å—Ç–æ–∏–Ω—Å—Ç–≤–∞: –°—Ç—É–ª —à–∏–∫–∞—Ä–Ω—ã–π. –°–æ–±—Ä–∞–ª–∞ –∑–∞ 20 –º–∏–Ω—É—Ç. –í—Å–µ –∫–æ–º–ø–ª–µ–∫—Ç—É—é—â–∏–µ –Ω–∞ –º–µ—Å—Ç–µ. –Ø –≤ –≤–æ—Å—Ç–æ—Ä–≥–µ –æ—Ç —Å—Ç—É–ª–∞. –†–µ–∫–æ–º–µ–Ω–¥—É—é ‚úîÔ∏è,2024-12-23,5,112,1,1,0
–ù–µ –ø–æ–¥–æ—à–µ–ª,2024-12-21,1,10,0,1,0
–î–æ—Å—Ç–æ–∏–Ω—Å—Ç–≤–∞: –°—Ç—É–ª –ø—Ä–æ—Å—Ç–æ –±–æ–º–±–∞üëå\n–ù–µ–¥–æ—Å—Ç–∞—Ç–∫–∏: –ù–µ—Ç,2024-12-20,5,45,0,1,0
–î–æ—Å—Ç–æ–∏–Ω—Å—Ç–≤–∞: –°–ø–∏–Ω–∞ —à–µ—è –≤ –Ω–æ—Ä–º–µ\n–ù–µ–¥–æ—Å—Ç–∞—Ç–∫–∏: –û—á–µ–Ω—å –±–æ–ª–∏—Ç –ø—è—Ç–∞—è —Ç–æ—á–∫–∞,2024-12-19,4,64,0,1,0
"–ù–µ–¥–æ—Å—Ç–∞—Ç–∫–∏: –°—Ç—É–ª –ø—Ä–∏—à–µ–ª –±–µ–∑ –≥–∞–∑–ª–∏—Ñ—Ç–∞ –∏ –∫–æ–ª–µ—Å–∏–∫–æ–≤, –ø—Ä–∏—à–ª–æ—Å—å –¥–æ–∫—É–ø–∞—Ç—å —Å–∞–º–æ–π, —Ç.–∫. –Ω–µ –ø—Ä–æ–≤–µ—Ä–∏–ª–∞ –Ω–∞ –ø—É–Ω–∫—Ç–µ –≤—ã–¥–∞—á–∏ –∏ –∑–∞–±—Ä–∞–ª–∞. –ü—Ä–æ–≤–µ—Ä—è–π—Ç–µ –∫–æ–º–ø–ª–µ–∫—Ç–∞—Ü–∏—é –æ–±—è–∑–∞—Ç–µ–ª—å–Ω–æ!",2024-12-18,2,156,0,1,0
"–î–æ—Å—Ç–æ–∏–Ω—Å—Ç–≤–∞: –ö–∞—á–µ—Å—Ç–≤–æ\n–ù–µ–¥–æ—Å—Ç–∞—Ç–∫–∏: –•—É–∂–µ —Å—Ç—É–ª–∞ –Ω–µ—Ç! –û–Ω –∞–Ω–∞—Ç–æ–º–∏—á–µ—Å–∫–∏ —Å–¥–µ–ª–∞–Ω –ù–ï–ü–†–ê–í–ò–õ–¨–ù–û!!! –ü–æ–ª—É—á–∞–µ—Ç—Å—è —Å–∏–¥–∏—à—å –Ω–∞ –∫–æ–ø—á–∏–∫–µ. –ü–æ–≤–µ–ª–∞—Å—å –Ω–∞ –Ω–∏–∑–∫—É—é —Ü–µ–Ω—É , –∞ –æ–Ω –Ω–µ–ø—Ä–∞–≤–∏–ª—å–Ω–æ –∏—Å–ø–æ–ª–Ω–µ–Ω. –ò–º–µ–Ω–Ω–æ —Ñ–æ—Ä–º–∞ ¬´—Å–µ–¥–ª–∞¬ª.",2024-12-17,1,190,0,1,0
"–î–æ—Å—Ç–æ–∏–Ω—Å—Ç–≤–∞: –•–æ—Ä–æ—à–µ–µ –∏ —Ü–µ–Ω–∞ –∏ –∫—Ä–µ—Å–ª–æ\n–ù–µ–¥–æ—Å—Ç–∞—Ç–∫–∏: –ß—É—Ç—å —Ä–∞–∑–æ–±—Ä–∞–ª–∞—Å—å —Å –ø–ª–∞—Å—Ç–º–∞—Å—Å–æ–≤–æ–π –ø—Ä–æ–±–∫–æ–π )) –ß—Ç–æ –Ω–∞–¥–æ –≤—ã—Ç—è–Ω—É—Ç—å –µ–µ . –°—É–Ω—É–ª–∞ —Ç–∞–∫ –ø–æ–∫–∞ —ç—Ç—É –ø—Ä–æ–±–∫—É –Ω–µ —Å–ª–æ–º–∞–ª–∞ . –ê –≤—Å–µ –æ—Ç —Ç–æ–≥–æ , —á—Ç–æ –≤ –∏–Ω—Å—Ç—Ä—É–∫—Ü–∏—é –Ω–µ —Å–º–æ—Ç—Ä–µ–ª–∞ )) —Å—Ä–∞–∑—É üòÅ",2024-12-17,5,209,0,1,0
"–î–æ—Å—Ç–æ–∏–Ω—Å—Ç–≤–∞: –û—á–µ–Ω—å –Ω–∏–∑–∫–∏–π ,–∞ —Ç–∞–∫ –Ω–æ—Ä–º",2024-12-15,4,36,0,1,0
"–î–æ—Å—Ç–æ–∏–Ω—Å—Ç–≤–∞: –°–æ–æ—Ç–≤–µ—Ç—Å—Ç–≤—É–µ—Ç –æ–ø–∏—Å–∞–Ω–∏—é.\n–£–¥–æ–±–Ω—ã–π. –†–µ–∫–æ–º–µ–Ω–¥—É—é.\n–ù–µ–¥–æ—Å—Ç–∞—Ç–∫–∏: –ù–æ–∂–∫–∏ –ø–ª–∞—Å—Ç–∏–∫–æ–≤—ã–µ, –ª–∞–º–∏–Ω–∞—Ç –±—É–¥–µ—Ç —Ü–∞—Ä–∞–ø–∞—Ç—å, –Ω–æ –º–æ–∂–Ω–æ –≤—Å–µ–≥–¥–∞ –∑–∞–º–µ–Ω–∏—Ç—å.",2024-12-09,5,136,1,1,0
"–î–æ—Å—Ç–æ–∏–Ω—Å—Ç–≤–∞: –ë–æ–º–±–∞ , –º–∞—Å—Ç–µ—Ä–∞ –º–∞–Ω–∏–∫—é—Ä–∞ ! –ë–µ—Ä–∏—Ç–µ –Ω–µ –¥—É–º–∞–π—Ç–µ , —Å–æ–≤–µ—Ç—É—é —Å–ø–∏–Ω–∞ –≥–æ–≤–æ—Ä–∏—Ç —Å–ø–∞—Å–∏–±–æ\n–ù–µ–¥–æ—Å—Ç–∞—Ç–∫–∏: –ù–µ—Ç\n–ö–æ–º–º–µ–Ω—Ç–∞—Ä–∏–π: –ö–æ—Ä–æ–±–∫–∞ –ø—Ä–∏—Ö–æ–¥–∏—Ç –Ω–µ –±–æ–ª—å—à–∞—è , –∑–∞–±—Ä–∞—Ç—å –¥–µ–≤—É—à–∫–µ –Ω–µ —Ç—Ä—É–±–Ω–æ",2024-12-08,5,171,1,1,0
"–î–æ—Å—Ç–æ–∏–Ω—Å—Ç–≤–∞: –û—Ç–ª–∏—á–Ω—ã–π —Å—Ç—É–ª, –≤—Å—ë —É–ø–∞–∫–æ–≤–∞–Ω–æ, –≤—Å–µ –∑–∞–ø—á–∞—Å—Ç–∏ –Ω–∞ –º–µ—Å—Ç–µ. –õ—ë–≥–∫–∏–π –≤ —Å–±–æ—Ä–∫–µ. –°–∞–º–∞ —Å–æ–±—Ä–∞–ª–∞ –∑–∞ 10 –º–∏–Ω. –ù–∞–¥–µ—é—Å—å –Ω–∞ –¥–æ–ª–≥—É—é —Å–ª—É–∂–±—É.",2024-12-08,5,131,0,1,0
"–î–æ—Å—Ç–æ–∏–Ω—Å—Ç–≤–∞: –ú–æ–∂–µ—Ç –±—ã—Ç—å –∫–æ–º—É-—Ç–æ –∏ —É–¥–æ–±–Ω–æ. –ù–æ —É –º–µ–Ω—è –Ω–æ–≥–∏ –∑–∞—Ç–µ–∫–∞—é—Ç.\n–ù–µ–¥–æ—Å—Ç–∞—Ç–∫–∏: –ù–µ —É–¥–æ–±–Ω–æ –Ω–∞ –Ω—ë–º —Å–∏–¥–µ—Ç—å, –∞ —É–∂ —Ç–µ–º-–±–æ–ª–µ–µ —Ä–∞–±–æ—Ç–∞—Ç—å.. –Ø –Ω–µ –∑–Ω–∞—é –∫—Ç–æ –ø–∏—à–µ—Ç —á—Ç–æ —É–¥–æ–±–Ω–æ.\n–ö–æ–º–º–µ–Ω—Ç–∞—Ä–∏–π: ü§∑‚Äç‚ôÄÔ∏èü§∑‚Äç‚ôÄÔ∏è",2024-12-06,3,180,0,1,0
"–î–æ—Å—Ç–æ–∏–Ω—Å—Ç–≤–∞: –ù–∞ –ø–µ–≤—ã–π –≤–∑–≥—è–¥ —É–¥–æ–±–Ω–æ —Å–∏–¥–µ—Ç—å —Å–ø–∏–Ω–µ –ª–µ–≥—á–µ –ø–æ—Å–º–æ—Ç—Ä–∏–º –∫–∞–∫ –≤ –¥–∞–ª—å–Ω–µ–π—à–µ–º –±—É–¥–µ—Ç,—Å–±–æ—Ä–∫–∞ –±—ã—Å—Ç—Ä–∞—è –∫–ª—é—á–∏ –µ—Å—Ç—å –≤ –Ω–∞–ª–∏—á–∏–∏",2024-12-03,5,121,0,1,0
"–î–æ—Å—Ç–æ–∏–Ω—Å—Ç–≤–∞: –ü—Ä–∏—à–ª–æ –≤ –∏–¥–µ–∞–ª—å–Ω–æ–º —Å–æ—Å—Ç–æ—è–Ω–∏–∏, –±—Ä–∞–ª–∞ –¥–ª—è –º–∞–º—ã\n–ù–µ–¥–æ—Å—Ç–∞—Ç–∫–∏: –ò—Ö –Ω–µ—Ç",2024-12-01,5,74,0,1,0
"–î–æ—Å—Ç–æ–∏–Ω—Å—Ç–≤–∞: –°–∞–º–∞ —Å–∏–¥—É—à–∫–∞ —É–¥–æ–±–Ω–∞—è, –º—è–≥–∫–∞—è –∏ –±–µ–∑ —à–≤–∞ –ø–æ—Å—Ä–µ–¥–∏–Ω–µ.\n–ù–µ–¥–æ—Å—Ç–∞—Ç–∫–∏: –ö—Ä–µ—Å—Ç–æ–≤–∏–Ω–∞ –∏–∑ –ª–æ–º–∫–æ–≥–æ –ø–æ—Ä–æ—à–∫–æ–≤–æ–≥–æ –º–µ—Ç–∞–ª–ª–∞. –ö–æ–ª–µ—Å–∏–∫–∏ –Ω–µ –Ω–µ–π–ª–æ–Ω–æ–≤—ã–µ, –∞ –æ–±—ã—á–Ω—ã–π –¥–µ—à–µ–≤—ã–π –ø–ª–∞—Å—Ç–∏–∫.\n–ö–æ–º–º–µ–Ω—Ç–∞—Ä–∏–π: –í–æ–∑–≤—Ä–∞—Ç.",2024-11-28,3,187,0,1,0
"–î–æ—Å—Ç–æ–∏–Ω—Å—Ç–≤–∞: –ü–æ—è—Å–Ω–∏—Ü–∞, –ø–ª–µ—á–∏, —à–µ—è –ø–µ—Ä–µ—Å—Ç–∞–ª–∏ –±–µ—Å–ø–æ–∫–æ–∏—Ç—å!!\n–ù–µ–¥–æ—Å—Ç–∞—Ç–∫–∏: –°—Ç–∞–ª–∞ –±–æ–ª–µ—Ç—å –ø–æ–ø–∞ –∏ –∏–Ω–æ–≥–¥–∞ –∑–∞—Ç–µ–∫–∞—Ç—å –Ω–æ–≥–∏.\n–ö–æ–º–º–µ–Ω—Ç–∞—Ä–∏–π: –°—Ç—É–ª –∫–∞–π—Ñ, —Ä–∞–±–æ—Ç–∞—é –Ω–∞ –Ω–µ–º —É–∂–µ 5 –¥–µ–Ω—å, –ø—Ä–∏–Ω—è–≤ –∫–ª–∏–µ–Ω—Ç–∞ —è –Ω–µ –æ—â—É—â–∞—é –±–æ–ª—å –≤ –ø–æ—è—Å–Ω–∏—Ü–µ –∏ —à–µ–µ.\n–ë–æ–ª—å—à–µ 2—Ö —á–∞—Å–æ–≤ –Ω–∞ —ç—Ç–æ–º —Å—Ç—É–ª–µ –ø–æ–∫–∞ –≤—ã—Å–∏–¥–µ—Ç—å –Ω–µ –º–æ–≥—É, –ø–æ–∫–∞ –∂–¥—É –∫–ª–∏–µ–Ω—Ç–∞ –Ω–∞ –Ω–µ–≥–æ –Ω–µ —Å–∞–∂—É—Å—å, –Ω–∞–¥–µ—é—Å—å, —á—Ç–æ —Å–æ –≤—Ä–µ–º–µ–Ω–µ–º –ø—Ä–∏–≤—ã–∫–Ω—É.",2024-11-27,5,332,0,1,0
"–°—Ç—É–ª –æ—á–µ–Ω—å –ø–æ–Ω—Ä–∞–≤–∏–ª—Å—è. –¶–µ–ª—ã–π –¥–µ–Ω—å –ø—Ä–æ—Ä–∞–±–æ—Ç–∞–ª–∞. –°–ø–∏–Ω–∞ –Ω–µ –±–æ–ª–∏—Ç. –û—á–µ–Ω—å —É–¥–æ–±–Ω–æ, –∞ –≥–ª–∞–≤–Ω–æ–µ –ø—Ä–∏ —Ä–∞–±–æ—Ç–µ –Ω–µ —Å—ä–µ–∑–∂–∞—é))) üëç",2024-11-25,5,113,1,1,0
"–ù–µ–¥–æ—Å—Ç–∞—Ç–∫–∏: –û—á–µ–Ω—å –º–∞–ª–µ–Ω—å–∫–æ–µ —Å–∏–¥–µ–Ω—å–µ! –ù–æ–≥–∏ –Ω–∞–≤–µ—Å—É, –Ω–µ—É–¥–æ–±–Ω–æ. –í–æ–∑–≤—Ä–∞—Ç! –ü—Ä–æ—à—É –Ω–µ —É—á–∏—Ç—ã–≤–∞—Ç—å –ø—Ä–æ—Ü–µ–Ω—Ç –≤—ã–∫—É–ø–∞.",2024-11-25,2,102,0,1,0
"–î–æ—Å—Ç–æ–∏–Ω—Å—Ç–≤–∞: –ö—Ä–µ—Å–ª–æ –≤ —Ü–µ–ª–æ–º —Ö–æ—Ä–æ—à–µ–µ, —É–¥–æ–±–Ω–æ–µ. –ù–æ\n–ù–µ–¥–æ—Å—Ç–∞—Ç–∫–∏: –ü—Ä–∏—à–ª–æ —Å –±—Ä–∞–∫–æ–º , –æ–¥–∏–Ω —à—É—Ä—É–ø –±–µ–∑ —Ä–µ–∑—å–±—ã , –∏ —Å–ø–∏–Ω–∫–∞ –¥–µ—Ä–∂–∏—Ç—Å—è –∏–∑–∑–∞ —ç—Ç–æ–≥–æ –Ω–∞ –æ–¥–Ω–æ–º\n–ö–æ–º–º–µ–Ω—Ç–∞—Ä–∏–π: –ñ–∞–ª—å , —á—Ç–æ –ø—Ä–∏—à–ª–æ —Å –±—Ä–∞–∫–æ–º , –µ—Å–ª–∏ –± –Ω–µ —ç—Ç–æ –ø–æ–∫—É–ø–∫–æ–π –±—ã–ª–∞ –±—ã –¥–æ–≤–æ–ª—å–Ω–∞. –ë—É–¥—É –¥—É–º–∞—Ç—å –∫–∞–∫ —Å–¥–µ–ª–∞—Ç—å —Å–ø–∏–Ω–∫—É —á—Ç–æ–± –¥–µ—Ä–∂–∞–ª–∞—Å—å",2024-11-24,2,266,0,1,0
"–î–æ—Å—Ç–æ–∏–Ω—Å—Ç–≤–∞: –õ–µ–≥–∫–∞—è —Å–±–æ—Ä–∫–∞, –∫–∞—á–µ—Å—Ç–≤–µ–Ω–Ω—ã–π, —É–¥–æ–±–Ω—ã–π —Å—Ç—É–ª, –≤—Å–µ –¥–µ—Ç–∞–ª–∏ –Ω–∞ –º–µ—Å—Ç–µ\n–ù–µ–¥–æ—Å—Ç–∞—Ç–∫–∏: –ù–µ —Å –ø–µ—Ä–≤–æ–≥–æ —Ä–∞–∑–∞ –ø–æ–¥–Ω–∏–º–∞–µ—Ç—Å—è –∏ –æ–ø—É—Å–∫–∞–µ—Ç—Å—è –º–µ—Ö–∞–Ω–∏–∑–º —Å—Ç—É–ª–∞, –Ω–æ –Ω–µ –∫—Ä–∏—Ç–∏—á–Ω–æ",2024-11-23,5,159,0,1,0
–î–æ—Å—Ç–æ–∏–Ω—Å—Ç–≤–∞: –£–¥–æ–±–Ω—ã–π\n–ù–µ–¥–æ—Å—Ç–∞—Ç–∫–∏: –ù–æ–∂–∫–∞ –ø–æ–º—è—Ç–∞,2024-11-22,5,43,0,1,0
–ù–µ–¥–æ—Å—Ç–∞—Ç–∫–∏: —Ö–ª–∏–ø–∫–æ–≤–∞—Ç,2024-11-21,4,20,0,1,0
"–î–æ—Å—Ç–æ–∏–Ω—Å—Ç–≤–∞: –û—á–µ–Ω—å —É–¥–æ–±–µ–Ω –¥–ª—è —Å–ø–∏–Ω—ã!\n–ö–æ–º–º–µ–Ω—Ç–∞—Ä–∏–π: –û—Ç–ª–∏—á–Ω—ã–π —Å—Ç—É–ª –º–∞—Å—Ç–µ—Ä–∞,–Ω–æ –∫ —Å–æ–∂–∞–ª–µ–Ω–∏—é –¥–ª—è –ø–∞—Ä–∏–∫–º–∞—Ö–µ—Ä–∞ –Ω–∏–∑–∫–∏–π, –Ω–æ –Ω–∏—á–µ–≥–æ- —Å —É–¥–æ–≤–æ–ª—å—Å—Ç–≤–∏–µ–º –¥–µ–ª–∞—é –Ω–æ–≥–æ—Ç–æ—á–∫–∏,—Å–ø–∏–Ω–∞ –Ω–µ —É—Å—Ç–∞–µ—Ç, –æ—á–µ–Ω—å –∫–æ–º—Ñ–æ—Ä—Ç–Ω–æ.–†–µ–∫–æ–º–µ–Ω–¥—É—é –º–∞—Å—Ç–µ—Ä–∞–º –º–∞–Ω–∏–∫—é—Ä–∞,–ø–µ–¥–∏–∫—é—Ä–∞ ,–≤–∏–∑–∞–∂–∏—Å—Ç–∞–º –∏ –∫–æ—Å–º–µ—Ç–æ–ª–æ–≥–∞–º!",2024-11-19,5,250,1,1,0
–î–æ—Å—Ç–æ–∏–Ω—Å—Ç–≤–∞: –ë—ã—Å—Ç—Ä–∞—è —Å–±–æ—Ä–∫–∞. –£–¥–æ–±–Ω—ã–π üëç,2024-11-19,5,37,0,1,0
"–î–æ—Å—Ç–æ–∏–Ω—Å—Ç–≤–∞: –û—á–µ–Ω—å –¥–æ–≤–æ–ª—å–Ω–∞, —Ö–æ–¥ –ª—ë–≥–∫–∏–π –∏ –≤ —Ä–∞–±–æ—Ç–µ —É–¥–æ–±–Ω–æ!",2024-11-17,5,57,1,1,0
–ù–µ–¥–æ—Å—Ç–∞—Ç–∫–∏: –û—Ç—Å—É—Ç—Å—Ç–≤–æ–≤–∞–ª–∏ –∫–æ–ª–µ—Å–∏–∫–∏,2024-11-17,3,33,0,1,0
–ü–æ–¥–∞–≤–µ—Ü –Ω–µ –æ—Ç–∫—Ä—ã–≤–∞–µ—Ç —Å–ø–æ—Ä –Ω–∞ –≤—Ä–∑–≤—Ä–∞—Ç,2024-11-16,1,36,0,0,0
–î–æ—Å—Ç–æ–∏–Ω—Å—Ç–≤–∞: –î–∞–≤–Ω–æ —Ö–æ—Ç–µ–ª–∞ —Ç–∞–∫–æ–π —Å—Ç—É–ª-—Å–µ–¥–ª–æ. –°–æ–±–∏—Ä–∞—Ç—å —É–¥–æ–±–Ω–æ. –ö–æ–º–ø–ª–µ–∫—Ç –ø–æ–ª–Ω—ã–π.–°—Ç—É–ª –∫–∞—á–µ—Å—Ç–≤–µ–Ω–Ω—ã–π –∏ —É–¥–æ–±–Ω—ã–π.\n–ù–µ–¥–æ—Å—Ç–∞—Ç–∫–∏: –ù–µ –∑–∞–∫–∞–∑–∞–ª–∞ –µ–≥–æ —Ä–∞–Ω—å—à–µ,2024-11-15,5,138,0,1,0
"–î–æ—Å—Ç–æ–∏–Ω—Å—Ç–≤–∞: –û—Ç–ª–∏—á–Ω—ã–π —Å—Ç—É–ª. –ó–∞ —Ç–∞–∫—É—é —Å—Ç–æ–∏–º–æ—Å—Ç—å –≤–æ–æ–±—â–µ —Ç–æ–øüòÅ —Å–æ–±—Ä–∞–µ—Ç—Å—è –ª–µ–≥–∫–æ, –≤—Å–µ –¥–µ—Ç–∞–ª–∏ –Ω–∞ –º–µ—Å—Ç–µ",2024-11-14,5,94,1,1,0
–ù–µ–¥–æ—Å—Ç–∞—Ç–∫–∏: –ö–æ—Ä–æ–±–∫–∞ –±—ã–ª–∞ –æ—á–µ–Ω—å —Å–∏–ª—å–Ω–æ –ø–æ—Ä–≤–∞–Ω–∞...,2024-11-14,5,47,0,1,0
–î–æ—Å—Ç–æ–∏–Ω—Å—Ç–≤–∞: –°—Ç—É–ª –ø—Ä–∏—à—ë–ª —Ä–∞–Ω—å—à–µ –∑–∞—è–≤–ª–µ–Ω–Ω–æ–≥–æ —Å—Ä–æ–∫–∞- —ç—Ç–æ –ø–ª—é—Å! –ö–æ–º–ø–ª–µ–∫—Ç–∞—Ü–∏—è –ø–æ–ª–Ω–∞—è. –ö–∞—á–µ—Å—Ç–≤–æ –º–∞—Ç–µ—Ä–∏–∞–ª–∞ –Ω–æ—Ä–º–∞–ª—å–Ω–æ–µ.  –°—Ç—É–ª –∑–∞ —Å–≤–æ—é —Ü–µ–Ω—É –æ—á–µ–Ω—å –∫–ª–∞—Å—Å–Ω—ã–π. –°–∞–º–æ —Å–∏–¥–µ–Ω—å–µ –¥–æ—Å—Ç–∞—Ç–æ—á–Ω–æ –±–æ–ª—å—à–æ–µ))))),2024-11-13,5,183,0,1,0
"–î–æ—Å—Ç–æ–∏–Ω—Å—Ç–≤–∞: –ò–Ω—Ç–µ—Ä–µ—Å–Ω—ã–π —Å—Ç—É–ª\n–ù–µ–¥–æ—Å—Ç–∞—Ç–∫–∏: –ù–µ –æ–±–Ω–∞—Ä—É–∂–∏–ª–∞\n–ö–æ–º–º–µ–Ω—Ç–∞—Ä–∏–π: –î–∞ —Å–ø–∏–Ω—É –¥–µ—Ä–∂–∏—à—å –ø—Ä—è–º–æ, –Ω–æ –∏–∑ –Ω–µ–æ–±—ã—á–Ω–æ—Å—Ç–∏ —Å–µ–¥–ª–∞ –æ—á–µ–Ω—å –Ω–µ –ø—Ä–∏–≤—ã—á–Ω–æ.",2024-11-11,5,131,1,1,0
"–ù–µ–¥–æ—Å—Ç–∞—Ç–∫–∏: –ù–µ –∫–∞—á–µ—Å—Ç–≤–µ–Ω–Ω—ã–µ –±–æ–ª—Ç—ã, —à–µ—Å—Ç–∏–≥—Ä–∞–Ω–Ω–∏–∫ –Ω–µ –≤—Ö–æ–¥–∏—Ç –≤ –±–æ–ª—Ç. –ï—Å–ª–∏ –Ω–µ –º–æ–∂–µ—Ç–µ –ø—Ä–æ–∫–æ–Ω—Ç—Ä–æ–ª–∏—Ä–æ–≤–∞—Ç—å –∫–∞—á–µ—Å—Ç–≤–æ —Ñ—É—Ä–Ω–∏—Ç—É—Ä—ã, —Ö–æ—Ç—è–±—ã –ø–æ–ª–æ–∂–∏—Ç–µ –∑–∞–ø–∞—Å–Ω—ã–µ –±–æ–ª—Ç—ã! –°–ø–∏–Ω–∫–∞ —à–∞—Ç–∞–µ—Ç—Å—è, –Ω–µ –∑–Ω–∞—é –∑–∞–¥—É–º–∞–Ω–æ —ç—Ç–æ —Ç–∞–∫ –∏–ª–∏ –Ω–µ—Ç, –ø—Ä–æ—Å—Ç–æ —á—Ç–æ–±—ã –ª—é–¥–∏ –∑–Ω–∞–ª–∏.  –í —Ü–µ–ª–æ–º –Ω–∞–¥–µ—é—Å—å —Å–ø–∏–Ω–µ –±—É–¥–µ—Ç –ø–æ–ª–µ–≥—á–µ",2024-11-10,2,262,0,1,0
–î–æ—Å—Ç–æ–∏–Ω—Å—Ç–≤–∞: –°–æ–±—Ä–∞–ª–∏ —Å–∞–º–∏. –ü—Ä–∏–≤—ã–∫–Ω—É—Ç—å –Ω–∞–¥–æ –∫ —Å–µ–¥–ª—É. –ö–∞—á–µ—Å—Ç–≤–æ –Ω–∞—Å –ø–æ—Ä–∞–¥–æ–≤–∞–ª–æ.,2024-11-08,5,75,0,1,0
–î–æ—Å—Ç–æ–∏–Ω—Å—Ç–≤–∞: –û—Ç–ª–∏—á–Ω—ã–π —Å—Ç—É–ª!,2024-11-07,5,26,0,1,0
"–î–æ—Å—Ç–æ–∏–Ω—Å—Ç–≤–∞: –û—á–µ–Ω—å —É–¥–æ–±–Ω—ã–π —Å—Ç—É–ª ,–¥–æ–≤–æ–ª—å–Ω–∞ –∫–∞–∫ —Å–ª–æ–Ωü´∂üèª",2024-11-06,5,51,0,1,0
–î–æ—Å—Ç–æ–∏–Ω—Å—Ç–≤–∞: –ù–µ—Ç\n–ù–µ–¥–æ—Å—Ç–∞—Ç–∫–∏: –í –∫–æ–º–ø–ª–µ–∫—Ç–µ –Ω–µ—Ö–≤–∞–µ—Ç –∑–∞–ø—á–∞—Å—Ç–µ–π –¥–ª—è —Å–±–æ—Ä–∫–∏.\n–•–æ—Ä–æ—à–æ –Ω–∞ –ø–≤–∑ –ø—Ä–æ–≤–µ—Ä–∏–ª–∞.,2024-11-05,1,93,0,1,0
,2024-11-04,5,0,1,1,0
"–î–æ—Å—Ç–æ–∏–Ω—Å—Ç–≤–∞: –õ–µ–≥–∫–æ —Å–æ–±–∏—Ä–∞–µ—Ç—Å—è, –æ—á–µ–Ω—å —É–¥–æ–±–Ω—ã–π) –≤ —Ä–∞–±–æ—Ç–µ –µ—â–µ –Ω–µ –∏—Å–ø–æ–ª—å–∑–æ–≤–∞–ª–∞, –Ω–æ –¥—É–º–∞—é —Å–ø–∏–Ω–∞ –∏ –Ω–æ–≥–∏ —Å–∫–∞–∂—É—Ç –æ–≥—Ä–æ–º–Ω–æ–µ —Å–ø–∞—Å–∏–±–æ –∑–∞ —Ç–∞–∫–æ–π —Å—Ç—É–ªüôèüèª",2024-11-04,5,136,1,1,0
"–î–æ—Å—Ç–æ–∏–Ω—Å—Ç–≤–∞: –®–∏–∫–∞—Ä–Ω—ã–π —Å—Ç—É–ª, –≤—Å–µ –æ—Ç–ª–∏—á–Ω–æ, —Å–æ–±—Ä–∞–ª–∏ –∑–∞ 5 –º–∏–Ω—É—Ç\n–ù–µ–¥–æ—Å—Ç–∞—Ç–∫–∏: –ù–µ –Ω–∞—à–ª–∞\n–ö–æ–º–º–µ–Ω—Ç–∞—Ä–∏–π: –Ø –º–∞—Å—Ç–µ—Ä —Å 7 –ª–µ—Ç–Ω–∏–º –æ–ø—ã—Ç–æ–º, –≤—Å–µ–≥–¥–∞ –±—ã–ª–æ –≤–∞–∂–Ω–æ –Ω–∞ —á–µ–º —Å–∏–∂—É, –ø–æ–∫—É–ø–∞–ª–∞ –¥–∞–∂–µ —Å–ø–µ—Ü–∏–∞–ª—å–Ω—É—é –ø–æ–¥—É—à–∫–∞ –ø–æ–¥ –ø*–ø—É, –≤–µ—á–Ω–∞—è –ø—Ä–∏–≤—ã—á–∫–∞ –Ω–æ–≥—É –∑–∞–∫–∏–¥—ã–≤–∞—Ç—å –Ω–∞ —Å—Ç—É–ª, –Ω–æ —Å —ç—Ç–∏–º —Å—Ç—É–ª–æ–º —ç—Ç–æ–≥–æ —Ç–æ—á–Ω–æ –Ω–µ –±—É–¥–µ—Ç, —Å–ø–∏–Ω–∞ –ø—Ä—è–º–∞—è –ø—Ä–∏ —Ä–∞–±–æ—Ç–µ, –æ—á–µ–Ω—å —Ä–∞–¥–∞ –ø–æ–∫—É–ø—É–µ",2024-11-04,5,317,0,1,0
"–î–æ—Å—Ç–æ–∏–Ω—Å—Ç–≤–∞: –•–æ—Ä–æ—à–∏–π —Å—Ç—É–ª, —É–¥–æ–±–Ω—ã–π,—Å–æ–±—Ä–∞–ª –º—É–∂ –∑–∞ —Ç—Ä–∏ –º–∏–Ω—É—Ç—ã.\n–°–∞–º–æ–µ –≥–ª–∞–≤–Ω–æ–µ,—á—Ç–æ –≤—ã–¥–µ—Ä–∂–∏–≤–∞–µ—Ç –±–æ–ª—å—à–æ–π –≤–µ—Å —ç—Ç–æ –±—ã–ª–æ –≤–∞–∂–Ω–æ –¥–ª—è –º–µ–Ω—è.\n–í—ã—Å–æ—Ç–∞ —Ä–µ–≥—É–ª–∏—Ä—É–µ—Ç—Å—è,–µ–∑–¥–∏—Ç —Ö–æ—Ä–æ—à–æ üëç\n–ù–µ–¥–æ—Å—Ç–∞—Ç–∫–∏: –ù–µ—Ç\n–ö–æ–º–º–µ–Ω—Ç–∞—Ä–∏–π: –•–æ—Ä–æ—à–∏–π —Å—Ç—É–ª –¥–ª—è –º–∞—Å—Ç–µ—Ä–∞",2024-11-03,5,213,0,1,0
"–î–æ—Å—Ç–æ–∏–Ω—Å—Ç–≤–∞: –°—É–ø–µ—Ä, —É–¥–æ–±–Ω—ã–π, —Ç–æ —á—Ç–æ –Ω—É–∂–Ω–æüëç",2024-11-03,5,41,0,1,0
"–ù–µ–¥–æ—Å—Ç–∞—Ç–∫–∏: –ü—Ä–æ–¥–∞–≤–µ—Ü –∏–≥–Ω–æ—Ä–∏—Ä—É–µ—Ç –∑–∞—è–≤–∫—É –æ –≤–æ–∑–≤—Ä–∞—Ç–µ —Ç–æ–≤–∞—Ä–∞ , –Ω–∞ —ç—Ç–æ–º —Å—Ç—É–ª–µ –Ω–µ–≤–æ–∑–º–æ–∂–Ω–æ —Å–∏–¥–µ—Ç—å",2024-11-01,1,89,0,1,0
–î–æ—Å—Ç–æ–∏–Ω—Å—Ç–≤–∞: –û—Ñ–∏–≥–µ–Ω–Ω—ã–π —Å—Ç—É–ª,2024-10-30,5,26,1,1,0
"–î–æ—Å—Ç–æ–∏–Ω—Å—Ç–≤–∞: –ò—Ö –Ω–µ—Ç\n–ù–µ–¥–æ—Å—Ç–∞—Ç–∫–∏: –¶–∞—Ä–∞–ø–∏–Ω—ã\n–ö–æ–º–º–µ–Ω—Ç–∞—Ä–∏–π: –ö–æ—Ä–æ–±–∫–∞ –≤—Å—è –º—è—Ç–∞—è. –Ø–≤–Ω–æ –Ω–µ –ø–µ—Ä–≤—ã–π —Ä–∞–∑ –æ—Ç–ø—Ä–∞–ª–≤—è—é—Ç. –ß–∏—Ç–∞–ª–∞ –æ—Ç–∑—ã–≤—ã –ø—Ä–æ –Ω–µ—Ä–∞–±–æ—Ç–∞—é—â–∏–π –≥–∞–∑–ª–∏—Ñ—Ç. –ü–æ—ç—Ç–æ–º—É —Å—Ä–∞–∑—É –Ω–∞ –ø—É–Ω–∫—Ç–µ –æ—Ç–∫—Ä—ã–ª–∏. –ü–ª–∞—Å—Ç–∏–∫, –≥–¥–µ –Ω–æ–∂–∫–∏ –≤–µ—Å—å –≤ —Ü–∞—Ä–∞–ø–∏–Ω–∞—Ö, —Å 2—Ö —Å—Ç–æ—Ä–æ–Ω. –Ø–≤–Ω–æ –∫—Ç–æ-—Ç–æ —é–∑–∞–ª((( –¥–æ—Ä–æ–≥–∏–µ –ø–æ–∫—É–ø–∞—Ç–µ–ª–∏, —á–∏—Ç–∞–π—Ç–µ –æ—Ç–∑—ã–≤—ãüôè –æ–Ω–∏ —Ä–µ–ª–∞—Ç–Ω–æ —Å–ø–∞—Å–∞—é—Ç –æ—Ç –Ω–µ–¥–æ–±—Ä–æ—Å–æ–≤–µ—Å—Ç–Ω—ã—Ö –ø—Ä–æ–¥–∞–≤—Ü–æ–≤!",2024-10-29,2,330,0,1,0
"–î–æ—Å—Ç–æ–∏–Ω—Å—Ç–≤–∞: –ù–µ—Ç\n–ù–µ–¥–æ—Å—Ç–∞—Ç–∫–∏: –í—Å–µ –±–æ–ª–∏—Ç, —Å–∏–¥–µ—Ç—å –Ω–µ–≤–æ–∑–º–æ–∂–Ω–æ, –µ—â—ë –∏ —Å–æ–±—Ä–∞—Ç—å –Ω–µ –ø–æ–ª—É—á–∏–ª–æ—Å—å –¥–æ –∫–æ–Ω—Ü–∞ –≤–µ—Å—å —Å—ã–ø–µ—Ç—Å—è, –±–æ–ª—Ç—ã –≤—ã–≤–∞–ª–∏–≤–∞—é—Ç—Å—è . –ü—Ä–æ–¥–∞–≤–µ—Ü –∏–≥–Ω–æ—Ä–∏—Ä—É–µ—Ç –∑–∞–∫–æ–Ω–Ω—ã–µ 14 –¥–Ω–µ–π –Ω–∞ –≤–æ–∑–≤—Ä–∞—Ç, –ø–æ –±—Ä–∞–∫—É –∑–∞—è–≤–∫—É –Ω–µ —Å–º–æ—Ç—Ä–∏—Ç —Å–ø–µ—Ü–∏–∞–ª—å–Ω–æ, –∞ –∫–∞–∫ –ø–æ –¥—Ä—É–≥–æ–º—É –≤–µ—Ä–Ω—É—Ç—å —è –Ω–µ –∑–Ω–∞—é. –¢—è–Ω–µ—Ç –≤—Ä–µ–º—è —á—Ç–æ–±—ã –Ω–µ –≤–æ–∑–≤—Ä–∞—â–∞—Ç—å –¥–µ–Ω—å–≥–∏ –∑–∞ —É–∂–∞—Å–Ω–æ–≥–æ –∫–∞—á–µ—Å—Ç–≤–∞ —Ç–æ–≤–∞—Ä. –ï—Å–ª–∏ –µ—Å—Ç—å —Å–æ–≤–µ—Å—Ç—å –æ–¥–æ–±—Ä—è–π—Ç–µ –∑–∞—è–≤–∫—É —Å–µ–≥–æ–¥–Ω—è –∂–µ –∂–¥—É —Å 21–≥–æ –æ–∫—Ç—è–±—Ä—è, –∑–ª–∞ –Ω–µ —Ö–≤–∞—Ç–∞–µ—Ç. –¢–æ–≤–∞—Ä –Ω–µ —Ä–µ–∫–æ–º–µ–Ω–¥—É—é –∫–∞—Ç–µ–≥–æ—Ä–∏—á–µ—Å–∫–∏.",2024-10-28,1,436,0,1,0
"–î–æ—Å—Ç–æ–∏–Ω—Å—Ç–≤–∞: –°—Ç—É–ª –ø—Ä–∏—à–µ–ª –≤ –ø–æ–ª–Ω–æ–º –∫–æ–º–ø–ª–µ–∫—Ç–µ,—Å–æ–±—Ä–∞–ª–∞ –∑–∞ 10 –º–∏–Ω—É—Ç. –ö–∞—á–µ—Å—Ç–≤–æ –Ω–∞ –≤—ã—Å–æ—Ç–µ\n–ù–µ–¥–æ—Å—Ç–∞—Ç–∫–∏: –ü–æ–ø–∞ –±–æ–ª–∏—Ç –Ω–µ–∏–º–æ–≤–µ—Ä–Ω–æ,—É –≤–∞—Å,—Å–∏–¥—è –Ω–∞ —ç—Ç–æ–º —Å—Ç—É–ª–µ –∑–∞ —Å–µ–∞–Ω—Å –º–∞–Ω–∏–∫—é—Ä–∞ –∑–∞ –º–∏–Ω–∏–º—É–º —á–∞—Å-—á–∞—Å –¥–≤–∞–¥—Ü–∞—Ç—å,–æ—Ç—Å–æ—Ö–Ω—É—Ç —è–π—Ü–∞,–¥–∞–∂–µ –µ—Å–ª–∏ —É –≤–∞—Å –∏—Ö –Ω–µ—Ç. –ù–µ –∑–Ω–∞—é –∫–∞–∫ –¥—Ä—É–≥–∏–º,–Ω–æ –º–Ω–µ –±–µ–∑—É–º–Ω–æ –Ω–µ—É–¥–æ–±–Ω–æ,–∑—Ä—è –ø–æ—Ç—Ä–∞—Ç–∏–ª–∞ —Å—Ä–µ–¥—Å—Ç–≤–∞,–≤–µ—Ä–Ω—É—Ç—å —è —Ç–∞–∫ –ø–æ–Ω–∏–º–∞—é –Ω–µ –ø—Ä–µ–¥–æ—Å—Ç–∞–≤–ª—è–µ—Ç—Å—è –≤–æ–∑–º–æ–∂–Ω—ã–º. –†–∞–±–æ—Ç–∞—é –Ω–∞ –Ω–µ–º 2 –Ω–µ–¥–µ–ª–∏,–≤—Å—Ç–∞—é –≤—Ä–∞—Å–∫–æ—Ä—è–∫",2024-10-27,2,382,0,1,0
"–î–æ—Å—Ç–æ–∏–Ω—Å—Ç–≤–∞: –û—Ç–ª–∏—á–Ω—ã–π —Å—Ç—É–ª, –≤—Å–µ —Ä–µ–≥—É–ª–∏—Ä—É–µ—Ç—Å—è, —Å–±–æ—Ä–∫–∞ –±—ã—Å—Ç—Ä–∞—è, —Å–æ–±—Ä–∞–ª–∞ –∑–∞ 20 –º–∏–Ω—É—Ç\n–ù–µ–¥–æ—Å—Ç–∞—Ç–∫–∏: –ù–µ—Ç\n–ö–æ–º–º–µ–Ω—Ç–∞—Ä–∏–π: –°–∏–¥–µ—Ç—å –Ω–∞ –Ω–µ–º —É–¥–æ–±–Ω–æ, –µ–¥–∏–Ω—Å—Ç–≤–µ–Ω–Ω–æ–µ –Ω–∞–¥–æ –ø—Ä–∏–≤—ã–∫–Ω—É—Ç—å \n–ü–æ—Å–ª–µ –æ–±—ã—á–Ω–æ–π —Ç–∞–±–ª–µ—Ç–∫–∏ –Ω–µ–±–æ –∏ –∑–µ–º–ª—è",2024-10-24,5,195,1,1,0
–î–æ—Å—Ç–æ–∏–Ω—Å—Ç–≤–∞: –í–ø–æ–ª–Ω–µ —Ö–æ—Ä–æ—à–∏–π —Å—Ç—É–ª),2024-10-24,5,32,1,1,0
"–î–æ—Å—Ç–æ–∏–Ω—Å—Ç–≤–∞: –°—Ç—É–ª —Ö–æ—Ä–æ—à–∏–π, –ª–µ–≥–∫–∏–π –≤ —Å–±–æ—Ä–∫–µ, —Å–ø–∏–Ω–∞ –Ω–µ –±–æ–ª–∏—Ç, –≤—Å–µ –ø—Ä–∏—à–ª–æ —Ü–µ–ª–æ–µ\n–ù–µ–¥–æ—Å—Ç–∞—Ç–∫–∏: –û—á–µ–Ω—å —Å–∏–ª—å–Ω–æ –±–æ–ª–∏—Ç –ø–æ–ø–∞..üòÇ, –ø–æ—Å–ª–µ —ç—Ç–æ–≥–æ —Å—Ç—É–ª–∞ –¥–∞–∂–µ –Ω–∞ –º—è–≥–∫–∏–π –¥–∏–≤–∞–Ω –±–æ–ª—å–Ω–æ —Å–∞–¥–∏—Ç—å—Å—è",2024-10-23,4,169,0,1,0
"–î–æ—Å—Ç–æ–∏–Ω—Å—Ç–≤–∞: –û—Ç–ª–∏—á–Ω–æ –≤—ã–≥–ª—è–¥–∏—Ç , —É–¥–æ–±–Ω—ã–π , –±—ã—Å—Ç—Ä–æ —Å–æ–±–∏—Ä–∞–µ—Ç—Å—è\n–ù–µ–¥–æ—Å—Ç–∞—Ç–∫–∏: –ù–µ—Ç",2024-10-22,5,73,0,1,0
–î–æ—Å—Ç–æ–∏–Ω—Å—Ç–≤–∞: –•–æ—Ä–æ—à–∏–π —Å—Ç—É–ª. –õ–µ–≥–∫–∞—è —Å–±–æ—Ä–∫–∞ . –ï–¥–∏–Ω—Å—Ç–≤–µ–Ω–Ω—ã–π –º–∏–Ω—É—Å –¥–µ—Ç–∞–ª—å —Ä–∞—Å–∫—Ä–æ—à–∏–ª–∞—Å—å –Ω–æ —ç—Ç–æ –Ω–µ –∫—Ä–∏—Ç–∏—á–Ω–æ. –ò–∑-–∑–∞ —ç—Ç–æ–≥–æ –æ—Ü–µ–Ω–∫—É –Ω–µ —Å–Ω–∏–∂–∞—é.  –û–Ω–∞ –Ω–µ —Ç–∞–∫–∞—è –≤–∞–∂–Ω–∞—èüòÇ–¥–æ–≤–æ–ª—å–Ω–æ –≤—ã—Å–æ–∫–æ –ø–æ–¥–Ω–∏–º–∞–µ—Ç—Å—è –∫–∞–∫ –º–Ω–µ –∏ –Ω–∞–¥–æ. –†–µ–∫–æ–º–µ–Ω–¥—É—é,2024-10-22,5,206,1,1,0
"–ù–µ–¥–æ—Å—Ç–∞—Ç–∫–∏: –í –æ–ø–∏—Å–∞–Ω–∏–∏ –∫ —Ç–æ–≤–∞—Ä—É –Ω–∞–ø–∏—Å–∞–Ω–æ ,—á—Ç–æ –≤—ã—Å–æ—Ç–∞ —Ä–µ–≥—É–ª–∏—Ä—É–µ—Ç—Å—è –æ—Ç 71 –¥–æ 82.–ù–∞ –¥–µ–ª–µ –æ–∫–∞–∑–∞–ª–æ—Å—å ,–º–∞–∫—Å–∏–º–∞–ª—å–Ω–∞—è –≤—ã—Å–æ—Ç–∞ —Å–∏–¥–µ–Ω—å—è–º–µ–Ω—å—à–µ 62 —Å–º.",2024-10-21,1,136,1,1,0
,2024-10-21,5,0,1,1,0
"–î–æ—Å—Ç–æ–∏–Ω—Å—Ç–≤–∞: –°—Ç—É–ª –æ—á–µ–Ω—å –ø–æ–Ω—Ä–∞–≤–∏–ª—Å—è. –í—Å—ë —Ü–µ–ª–æ–µ, —É–ø–∞–∫–æ–≤–∞–Ω–æ —Ö–æ—Ä–æ—à–æ. –°–∏–¥–µ—Ç—å –æ—á–µ–Ω—å –∫–æ–º—Ñ–æ—Ä—Ç–Ω–æ. –°–ø–∞—Å–∏–±–æ –±–æ–ª—å—à–æ–µ –ø—Ä–æ–¥–∞–≤—Ü—É.",2024-10-20,5,113,0,1,0
–î–æ—Å—Ç–æ–∏–Ω—Å—Ç–≤–∞: –°—É–ø–µ—Ä —Å—Ç—É–ª,2024-10-20,5,22,0,1,0
"–î–æ—Å—Ç–æ–∏–Ω—Å—Ç–≤–∞: –û—Ç–ª–∏—á–Ω—ã–π —Å—Ç—É–ª, –±—ã—Å—Ç—Ä–æ —Å–æ–±—Ä–∞–ª–∏, —è –∫–æ–ª–æ—Ä–∏—Å—Ç –∏ –º–Ω–µ –Ω–µ–º–Ω–æ–≥–æ –Ω–∏–∑–∫–æ –¥–∞–∂–µ –Ω–∞ –º–∞–∫—Å–∏–º–∞–ª—å–Ω–æ–π –≤—ã—Å–æ—Ç–µ , –Ω–æ —è –∏ —Ä–æ—Å—Ç–æ–º –º–∞–ª–µ–Ω—å–∫–∞—è, –Ω–æ –±–ª–∏–Ω –¥–µ–≤–æ—á–∫–∏ , –±–µ—Ä–∏—Ç–µ –Ω–µ –ø–æ–∂–∞–ª–µ–µ—Ç–µ, —Å–ø–∏–Ω–∞ —Å—Ä–∞–∑—É —Å–∫–∞–∑–∞–ª–∞ —Å–ø–∞—Å–∏–±–æ, —Ç–µ–º –±–æ–ª–µ–µ –ø–æ —Ç–∞–∫–æ–π —Ü–µ–Ω–µ –≤–æ–æ–±—â–µ –≤—Å–µ üëç —Å–ø–∞—Å–∏–±–æ )",2024-10-19,5,243,1,1,0
"–û—Ç–ª–∏—á–Ω—ã–π —Å—Ç—É–ª,–≤—Å–µ –¥–µ—Ç–∞–ª–∏ –±—ã–ª–∏ –≤ –∫–æ–º–ø–ª–µ–∫—Ç–µ,—Å–æ–±—Ä–∞–ª–∏ –±—ã—Å—Ç—Ä–æ",2024-10-18,5,56,1,1,0
–î–æ—Å—Ç–æ–∏–Ω—Å—Ç–≤–∞: –•–æ—Ä–æ—à–∏–π —Å—Ç—É–ª\n–ù–µ–¥–æ—Å—Ç–∞—Ç–∫–∏: –ò—Ö –Ω–µ—Ç\n–ö–æ–º–º–µ–Ω—Ç–∞—Ä–∏–π: –ù–µ–æ–∂–∏–¥–∞–Ω–Ω–æ –∑–∞ —Ç–∞–∫–∏–µ –¥–µ–Ω—å–≥–∏.–°–ø–∞—Å–∏–±–æ,2024-10-18,5,89,1,1,0
"–î–æ—Å—Ç–æ–∏–Ω—Å—Ç–≤–∞: –ì–ª—è–¥—è –Ω–∞ –ø—Ä–æ—à–ª—ã–µ –æ—Ç–∑—ã–≤—ã –±–æ—è–ª–∞—Å—å –∑–∞–∫–∞–∑—ã–≤–∞—Ç—å —Å—Ç—É–ª, –Ω–æ —ç—Ç–æ —Å–∞–º–∞—è –≤—ã–≥–æ–¥–Ω–∞—è —Ü–µ–Ω–∞ –Ω–∞ –≤–±\n–í—Å–µ –ø—Ä–∏—à–ª–æ —Ö–æ—Ä–æ—à–æ —É–ø–∞–∫–æ–≤–∞–Ω–æ,—Ü–µ–ª–æ–µ ,–±–µ–∑ —Ü–∞—Ä–∞–ø–∏–Ω –∏ –º–µ—Ö–∞–Ω–∏–∑–º –æ—Ç–ª–∏—á–Ω–æ —Ä–∞–±–æ—Ç–∞–µ—Ç",2024-10-17,5,168,0,1,0
–î–æ—Å—Ç–æ–∏–Ω—Å—Ç–≤–∞: –í—Å–µ —Å—É–ø–µ—Ä. –ö–∞—á–µ—Å—Ç–≤–æ –æ—Ç–ª–∏—á–Ω–æ–µ.–†–µ–∫–æ–º–µ–Ω–¥—É—é.,2024-10-17,5,52,0,1,0
"–î–æ—Å—Ç–æ–∏–Ω—Å—Ç–≤–∞: –£–¥–æ–±–Ω—ã–π —Å—Ç—É–ª, –≥–∞–∑–ª–∏—Ñ—Ç —Ö–æ—Ä–æ—à–∏–π, –∫—Ä—É—Ç–∏—Ç—Å—è —Ö–æ—Ä–æ—à–æ\n–ù–µ–¥–æ—Å—Ç–∞—Ç–∫–∏: –ü—Ä–∏—à–µ–ª —Å –¥—ã—Ä–æ–π –Ω–∞ —Å–∏–¥–µ–Ω–∏–∏",2024-10-10,3,95,1,1,0
–î–æ—Å—Ç–æ–∏–Ω—Å—Ç–≤–∞: –°—Ç—É–ª —Å—É–ø–µ—Ä! –†–µ–∫–æ–º–µ–Ω–¥—É—é! –í—Å–µ –¥–µ—Ç–∞–ª–∏ –ø—Ä–∏—à–ª–∏! –°–æ–±—Ä–∞–ª–∞ –∑–∞ 10 –º–∏–Ω—É—Ç,2024-10-09,5,74,1,1,0
"–î–æ—Å—Ç–æ–∏–Ω—Å—Ç–≤–∞: –û—á–µ–Ω—å —É–¥–æ–±–Ω–æ–µ, –ª—ë–≥–∫–æ–µ –≤ —Å–±–æ—Ä–∫–µ",2024-10-09,5,42,1,1,0
–°—Ç—É–ª —Å—É–ø–µ—Ä,2024-10-07,5,10,0,1,0
"–°—Ç—É–ª –Ω–µ –ø–ª–æ—Ö–æ–π –∏ —Å–∏–¥–µ—Ç—å —É–¥–æ–±–Ω–æ. –ù–æ –≤–æ—Ç —Å–ø–∏–Ω–∫–∞ - –æ–Ω–∞ –æ—á–µ–Ω—å –¥–∞–ª–µ–∫–æ –æ—Ç —Å–ø–∏–Ω—ã, –µ—Å–ª–∏ —Å–∏–¥–µ—Ç—å —Ä–æ–≤–Ω–æ. –ü–æ–ª—É—á–∞–µ—Ç—Å—è - –∑—Ä–∞ –ø–µ—Ä–µ–ø–ª–ø—Ç–∏–ª–∞ –¥–µ–Ω—å–≥–∏, —Å–ø–∏–Ω–∫–æ–π –ø–æ–ª—å–∑–æ–≤–∞—Ç—å—Å—è –ø–æ–ª—É—á–∏—Ç—å—Å—è, –µ—Å–ª–∏ –º—É–∂—É —É–¥–∞—Å—Ç—å—Å—è —Å–æ–≥–Ω—É—Ç—å –æ—Å–Ω–æ–≤–∞–Ω–∏–µ –¥–ª—è –Ω–µ–µ(((\n–ñ–∞–ª—å, —á—Ç–æ –æ–Ω–∞ –Ω–µ —Ä–µ–≥—É–ª–∏—Ä—É–µ—Ç—Å—è, –∫–∞–∫ –≤ –æ–±—ã—á–Ω—ã—Ö –æ—Ñ–∏—Å–Ω—ã—Ö —Å—Ç—É–ª—å—è—Ö",2024-09-11,4,272,0,1,0
"–í—Å–µ —Ä–∞–±–æ—Ç–∞–µ—Ç –æ—Ç–ª–∏—á–Ω–æ, —Å–±–æ—Ä–∫–∞ –∑–∞–Ω—è–ª–∞ –º–∏–Ω—É—Ç 5. \n–í—ã–≥–ª—è–¥–∏—Ç –∏–¥–µ–∞–ª—å–Ω–æ, —á—Ç–æ —Ç–∞–º –ª—é–¥–∏ –ø–∏—à—É—Ç –ø—Ä–æ –±—É —Å—Ç—É–ª- –Ω–µ–ø–æ–Ω—è—Ç–Ω–æ \n–†–∞–±–æ—Ç–∞–ª–∞ –≤—á–µ—Ä–∞ –Ω–∞ –Ω–µ–º 8 —á–∞—Å–æ–≤ –±–µ–∑ –ø–µ—Ä–µ—Ä—ã–≤–∞, –≤—Å–µ —Å—É–ø–µ—Ä\n–û—á–µ–Ω—å —É–¥–æ–±–Ω—ã–π —Å—Ç—É–ª, –≤ —Å—Ä–∞–≤–Ω–µ–Ω–∏–∏ —Å —ç—Ç–∏–º–∏ —Ç–∞–±—É—Ä–µ—Ç–∫–∞–º–∏ –∏–∑ –Ω–∞–±–æ—Ä–∞ ¬´—Å—Ç—É–ª—å—è –¥–ª—è –º–∞—Å—Ç–µ—Ä–∞ –∏ –∫–ª–∏–µ–Ω—Ç–∞¬ª \n–°–∞–º–æ —Å–µ–¥–ª–æ –ø–æ–º–æ–≥–∞–µ—Ç –ø—Ä–∞–≤–∏–ª—å–Ω–æ —Å–∏–¥–µ—Ç—å, –¥–µ—Ä–∂–∞—Ç—å –æ—Å–∞–Ω–∫—É, –Ω–µ –∫—Ä—é—á–∏—Ç—å—Å—è, –∞ —Å–ø–∏–Ω–∫–∞ —É —Å—Ç—É–ª–∞ –¥–∞–µ—Ç —Å–ø–∏–Ω–µ –æ—Ç–¥–æ—Ö–Ω—É—Ç—å. \n–Ø –º–∞–ª–µ–Ω—å–∫–æ–≥–æ —Ä–æ—Å—Ç–∞, —Å–∞–º —Å—Ç–æ–ª —É –º–µ–Ω—è —Å—Ç–∞–Ω–¥–∞—Ä—Ç–Ω–æ–π –≤—ã—Å–æ—Ç—ã, –æ–ø—É—Å–∫–∞—é —Å–∏–¥—É—à–∫—É –Ω–∞ –º–∞–∫—Å–∏–º—É–º –∏ —Ä–∞–±–æ—Ç–∞—é.\n–ü—Ä–æ–¥–∞–≤—Ü—É –±–æ–ª—å—à–æ–µ —Å–ø–∞—Å–∏–±–æ, —è –≤ –≤–æ—Å—Ç–æ—Ä–≥–µ",2024-08-17,5,497,1,1,0
"–°—Ç—É–ª –æ—Ç–ª–∏—á–Ω—ã–π, –ø–æ–ª—å–∑—É—é—Å—å –ø–æ–ª–≥–æ–¥–∞.",2024-08-15,5,33,0,1,0
"–ü—Ä–∏—à–µ–ª –±—Ä–∞–∫, –Ω–µ —Ä–∞–±–æ—Ç–∞–µ—Ç –≥–∞–∑ –ª–∏—Ñ—Ç, —Ü–∞—Ä–∞–ø–∏–Ω–∫–∞ \n–û—á–µ–Ω—å –æ–±–∏–¥–Ω–æ, –ø—Ä–∏–º–∏—Ç–µ –∑–∞—è–≤–∫—É –Ω–∞ –≤–æ–∑–≤—Ä–∞—Ç –ø–æ–∂–∞–ª—É–π—Å—Ç–∞",2024-06-10,3,96,1,1,0
"–ü—Ä–æ—á–∏—Ç–∞–≤ –æ—Ç–∑—ã–≤—ã, –æ—á–µ–Ω—å –ø–µ—Ä–µ–∂–∏–≤–∞–ª–∞ ))) –ù–æ ! –ù–∞–ø—Ä–∞—Å–Ω–æ , –∫–ª–∞—Å—Å–Ω—ã–π —Å—Ç—É–ª ! –ü—Ä–∏—à–ª–æ –≤—Å–µ –≤ –ø–ª–µ–Ω–∫–∞—Ö üëå–°–ø–∏–Ω–∞ —É–∂–µ –≥–æ–≤–æ—Ä–∏—Ç —Å–ø–∞—Å–∏–±–æ üôÜ‚Äç‚ôÄÔ∏è–ê , —è , –≥–æ–≤–æ—Ä—é –°–ø–∞—Å–∏–±–æ –ø—Ä–æ–¥–∞–≤—Ü—É ü§ù",2024-03-01,5,155,0,1,0
"–°—Ç—É–ª —É–¥–æ–±–Ω—ã–π, –∫–æ–ª–µ—Å–∞ –∫—Ä—É—Ç—è—Ç—Å—è –ª–µ–≥–∫–æ. –°–æ–±—Ä–∞–ª–∏ —Ç–æ–∂–µ –±—ã—Å—Ç—Ä–æ. –†–µ–∫–æ–º–µ–Ω–¥—É—é –∫ –ø–æ–∫—É–ø–∫–µ.",2024-02-23,5,79,0,1,0
–°—Ç—É–ª—å—á–∏–∫ —É–¥–æ–±–µ–Ω –∏ —Ö–æ—Ä–æ—à–∏–π,2024-02-17,5,25,0,1,0
"–°—Ç—É–ª –æ—á–µ–Ω—å —É–¥–æ–±–Ω—ã–π, –≤—Å—ë —Ä–∞–±–æ—Ç–∞–µ—Ç, –∫–∞—á–µ—Å—Ç–≤–æ –æ–≥–æ–Ω—åüî•, —Å–ø–∞—Å–∏–±–æüíï",2024-02-10,5,59,1,1,0
"–û–π –æ—á–µ–Ω—å –¥–æ–≤–æ–ª—å–Ω–∞ –∫—Ä–µ—Å–ª–æ–º, –æ—á–µ–Ω—å –¥–æ–±—Ä–æ—Ç–Ω—ã–π\n–¢–æ–ª—å–∫–æ –∑–∞–±—Ä–∞–ª–∞ –µ–≥–æ –∏–∑ –ø—É–Ω–∫—Ç–∞ –≤—ã–¥–∞—á–∏. –í–µ—Ä—Ö –∏ –≤–Ω–∏–∑ —Ä–∞–±–æ—Ç–∞–µ—Ç, –Ω–∞–¥–µ—é—Å—å –ø—Ä–æ—Å–ª—É–∂–∏—Ç –¥–æ–ª–≥–æ\n–ò –µ—â–µ –¥–ª—è —Ç–∞–∫–∏—Ö –∫–∞–∫ —è, –∫–æ—Ç–æ—Ä—ã–µ —Å–∞–º–∏ –∑–∞–±–∏—Ä–∞—é—Ç –≤—Å–µ —Å –ø–≤–∑üòÇ, –æ–Ω –≤–µ—Å–∏—Ç —á—É—Ç—å –±–æ–ª—å—à–µ 5 –∫–∏–ª–æ–≥—Ä–∞–º–º, –¥–ª—è –º–µ–Ω—è –±—ã–ª–æ —Ç—è–∂–µ–ª–æ–≤–∞—Ç–æ –∫–∞–Ω–µ—à\n–ê —á–µ—Ö–ª–æ–≤ —Å–ª—É—á–∞–π–Ω–æ –Ω–µ—Ç –¥–ª—è —Ç–∞–∫–∏—Ö –∫—Ä–µ—Å–µ–ª?\n–∞ —Ç–æ –∫–æ—Ç —Ç–æ—á–Ω–æ –Ω–µ –æ—Å—Ç–∞–≤–∏—Ç –µ–≥–æ –≤ –ø–æ–∫–æ–µüòÇ",2024-02-09,5,326,1,1,0
"–ë–æ–∂–µ, —è –∫–∞–∫ –º–∞—Å—Ç–µ—Ä –≥–æ–≤–æ—Ä—é, —á—Ç–æ —ç—Ç–æ –ª—É—á—à–µ–µ, —á—Ç–æ –º–æ–≥–ª–∏ –ø—Ä–∏–¥—É–º–∞—Ç—åüòç—Å–±–æ—Ä–∫–∞ –∑–∞–Ω—è–ª–∞ –º–∏–Ω—É—Ç 15 –Ω–∞–≤–µ—Ä–Ω–æ–µ. –û—á–µ–Ω—å —É–¥–æ–±–Ω—ã–π —Å—Ç—É–ª –∏ –æ—á–µ–Ω—å —Å—Ç–∏–ª—å–Ω—ã–π, —è –≤ –≤–æ—Å—Ç–æ—Ä–≥–µ))",2024-02-07,5,147,1,1,0
–°—Ç—É–ª –ø—Ä–æ—Å—Ç–æ –∏–¥–µ–∞–ª—å–Ω—ã–π üî•üî• —Å–ø–∏–Ω–∞ –Ω–µ –±–æ–ª–∏—Ç –¥–∞–∂–µ –ø–æ—Å–ª–µ 4 –µ—Ö —á–∞—Å–æ–≤ —Ä–∞–±–æ—Ç—ã! –¢–æ–ª—å–∫–æ –≤–Ω–∞—á–∞–ª–µ –ø—Ä–∏–≤—ã–∫–Ω—É—Ç—å –Ω–∞–¥–æ –∏ –ø–æ–¥ —Å–µ–±—è –Ω–∞—Å—Ç—Ä–æ–∏—Ç—å,2024-01-30,5,121,0,1,0
"–û–æ–æ–æ—á–µ–Ω—å —É–¥–æ–±–Ω—ã–π ,—É—Å—Ç–æ–π—á–∏–≤—ã–π.  –Ø –º–∞—Å—Ç–µ—Ä –õ–µ—à–º–µ–π–∫–µ—Ä –∫–∞–∫ –∂–µ –º–Ω–µ —É–¥–æ–±–Ω–æ , –ø–æ—á–µ–º—É —Ä–∞–Ω—å—à–µ –Ω–µ –≤–∑—è–ª–∞ –∏–º–µ–Ω–Ω–æ —Ç–∞–∫—É—é —Ñ–æ—Ä–º—É , —Å–µ–¥–ª–æ -—Å—Ç—É–ª üî•üî•üî•üî•",2024-01-28,5,130,0,1,0
"–®–∏–∫–∞—Ä–Ω—ã–π, —É–¥–æ–±–Ω—ã–π, –±—ã—Å—Ç—Ä—ã–π –≤ —Å–±–æ—Ä–∫–µ",2024-01-26,5,35,0,1,0
"–ö–ª–∞—Å—Å–Ω—ã–π —Å—Ç—É–ª. –û–¥–∏–Ω –±–æ–ª—Ç –Ω–µ —Å–º–æ–≥–ª–∏ –≤–∫—Ä—É—Ç–∏—Ç—å, —á—Ç–æ —Ç–æ —Ç–∞–º –Ω–µ —Ç–∞–∫ —Å —Ä–µ–∑—å–±–æ–π( –æ–Ω –Ω–µ —Ñ–∏–∫—Å–∏—Ä—É–µ—Ç—Å—èü§∑‚Äç‚ôÄÔ∏è)–ù–æ –∏ –±–µ–∑ 1 –±–æ–ª—Ç–∞ –∫—Ä–µ–ø–∫–∏–π. –ú–µ–Ω—è—Ç—å –Ω–µ —Å—Ç–∞–ª–∞. –ü–æ—Å–º–æ—Ç—Ä–∏–º —Å–∫–æ–ª—å–∫–æ –ø—Ä–æ—Å–ª—É–∂–∏—Ç!",2024-01-26,5,167,0,1,0
"–°–∫–ª–∞–¥—ã–≤–∞–µ—Ç—Å—è –æ—á–µ–Ω—å –ø—Ä–æ—Å—Ç–æ, –≤—Å–µ–≥–æ 4 –±–æ—Ç–ª–∞ –≤–∫—Ä—É—Ç–∏—Ç—å, —è –≤ –≤–æ—Å—Ç–æ—Ä–≥–µ",2024-01-24,5,63,1,1,0
–û—Ç–ª–∏—á–Ω—ã–π —Å—Ç—É–ª. –ü—Ä–∏—à—ë–ª –æ—á–µ–Ω—å –±—ã—Å—Ç—Ä–æ. –°–æ–±—Ä–∞–ª–∞ –∑–∞ 15 –º–∏–Ω—É—Ç. –ö—Ä–µ–ø–∫–∏–π. –°–∏–¥–µ—Ç—å —É–¥–æ–±–Ω–æ .,2024-01-24,5,81,0,1,0
"–•–æ—Ä–æ—à–∏–π , –∫–∞—á–µ—Å—Ç–≤–µ–Ω–Ω—ã–π. –ù–æ –Ω–∏–∑–∫–∏–π ( —É–¥–æ–±–Ω—ã–π –ø–æ—ç—Ç–æ–º—É –∏ –æ—Å—Ç–∞–≤–∏–ª–∞",2024-01-24,4,62,1,1,0
"–°—Ç—É–ª –æ—Ç–ª–∏—á–Ω—ã–π –∏ –∫—Ä–µ–ø–∫–∏–π ! –ö–∞—á–µ—Å—Ç–≤–æ 100% —Å–∏–¥–µ—Ç—å —É–¥–æ–±–Ω–æ , —Å–ø–∏–Ω–∞ —Å—Ä–∞–∑—É –ø–µ—Ä–µ—Å—Ç–∞–ª–∞ –±–æ–ª–µ—Ç—å ( –º–∞—Å—Ç–µ—Ä –º–∞–Ω–∏–∫—é—Ä–∞ —Å 2010 –≥–æ–¥–∞ ) —Å–∞–º—ã–π –ª—É—á—à–∏–π —Å—Ç—É–ª , –∂–∞–ª–µ—é —á—Ç–æ —Ä–∞–Ω—å—à–µ –Ω–µ –∫—É–ø–∏–ª–∞ , —Å–ø–∏–Ω—É –º—É—á–∞–ª–∞ ..–°–ø–∞—Å–∏–±–æ)",2024-01-20,5,189,0,1,0
–û–±–æ–ª–¥–µ–Ω–Ω—ã–π —Å—Ç—É–ª,2024-01-18,5,15,0,1,0
"–ö—Ä–µ—Å–ª–æ —Å—É–ø–µ—Äüòçüòò5 —á–∞—Å–æ–≤ —Ä–∞–±–æ—Ç—ã –∞ –¥–∞–∂–µ –Ω–∏—á–µ–≥–æ –Ω–µ –∑–∞—Ç–µ–∫–ª–æ ,—Å–ø–∏–Ω–∞ –Ω–æ–≥–∏ —Å–∫–∞–∑–∞–ª–∏ —Å–ø–∞—Å–∏–±–æ üòò‚ù§Ô∏è",2024-01-16,5,85,1,1,0
–ú–æ—è –º–µ—á—Ç–∞ —Å–±—ã–ª–∞—Å—å ! –î–∞–≤–Ω–æ —Ö–æ—Ç–µ–ª–∞ —Ç–∞–∫–æ–π —Å—Ç—É–ª ! –ö–∞—á–µ—Å—Ç–≤–æ –Ω–∞ –æ—Ç–ª!,2024-01-15,5,62,1,1,0
"–û—á–µ–Ω—å —É–¥–æ–±–Ω—ã–π —Å—Ç—É–ª , –Ω–µ –ø–æ–∂–∞–ª–µ–ª–∞ —á—Ç–æ –∑–∞–∫–∞–∑–∞–ª–∞ –µ–≥–æ, –ª–µ–≥–∫–æ —Å–æ–±–∏—Ä–∞–µ—Ç—Å—è",2024-01-14,5,67,0,1,0
"–°—Ç—É–ª –æ—Ç–ª–∏—á–Ω—ã–π, –≤—Å–µ —Ü–µ–ª–æ–µ.",2024-01-04,5,25,0,1,0
–û—Ç–ª–∏—á–Ω–æ–µ –∫—Ä–µ—Å–ª–æ,2024-01-02,5,15,0,1,0
"–•–æ—Ä–æ—à–∏–π —Å—Ç—É–ª. –°–¥–µ–ª–∞–ª –∫–∞—á–µ—Å—Ç–≤–µ–Ω–Ω–æ , —Å–æ–±—Ä–∞–ª –ª–µ–≥–∫–æ –∏ –±—ã—Å—Ç—Ä–æ. –î–æ–≤–æ–ª—å–Ω—ã —Å—Ç—É–ª–æ–º.",2023-12-30,5,74,1,1,0
